suite_name,target_col,test_seed,n_train,descriptor_family,model_name,method_label,n_repeats,rmse_mean,rmse_ci_low,rmse_ci_high,rmse_std,mae_mean,mae_ci_low,mae_ci_high,mae_std,r2_mean,r2_ci_low,r2_ci_high,r2_std,spearman_mean,spearman_ci_low,spearman_ci_high,spearman_std,topk_overlap_frac_0p050_mean,topk_overlap_frac_0p050_ci_low,topk_overlap_frac_0p050_ci_high,topk_overlap_frac_0p050_std,elite_enrichment_0p050_mean,elite_enrichment_0p050_ci_low,elite_enrichment_0p050_ci_high,elite_enrichment_0p050_std,topk_overlap_k50_mean,topk_overlap_k50_ci_low,topk_overlap_k50_ci_high,topk_overlap_k50_std,elite_enrichment_k50_mean,elite_enrichment_k50_ci_low,elite_enrichment_k50_ci_high,elite_enrichment_k50_std,topk_overlap_k100_mean,topk_overlap_k100_ci_low,topk_overlap_k100_ci_high,topk_overlap_k100_std,elite_enrichment_k100_mean,elite_enrichment_k100_ci_low,elite_enrichment_k100_ci_high,elite_enrichment_k100_std,topk_overlap_k250_mean,topk_overlap_k250_ci_low,topk_overlap_k250_ci_high,topk_overlap_k250_std,elite_enrichment_k250_mean,elite_enrichment_k250_ci_low,elite_enrichment_k250_ci_high,elite_enrichment_k250_std,topk_overlap_k500_mean,topk_overlap_k500_ci_low,topk_overlap_k500_ci_high,topk_overlap_k500_std,elite_enrichment_k500_mean,elite_enrichment_k500_ci_low,elite_enrichment_k500_ci_high,elite_enrichment_k500_std
primary,uptake(mmol/g) CO2 at 0.015 bar,17,500,geometry_plus_topology,rf,geometry_plus_topology | rf,5,0.20101184619573806,0.19812520845349466,0.20389848393798146,0.0032932235806493655,0.08203414077139731,0.07814930459038737,0.08591897695240726,0.004432019276627006,0.3266056493028828,0.30727685250903375,0.3459344460967318,0.02205127732363591,0.7597366180884189,0.7489760902046761,0.7704971459721616,0.012276159092770716,0.4443686006825939,0.4258085951697322,0.46292860619545556,0.02117420101506611,8.888888630036458,8.517625175050512,9.260152085022405,0.42355628719898475,0.055999999999999994,-0.00769246109234592,0.11969246109234591,0.07266360849833979,59.078880000000005,-8.115392603203084,126.2731526032031,76.65865369357851,0.1,0.043193803154937406,0.1568061968450626,0.06480740698407861,52.749,22.78429922619794,82.71370077380206,34.185259110031616,0.11679999999999999,0.06602729804314134,0.16757270195685864,0.05792408825350641,24.644332800000004,13.931495777910653,35.357169822089354,12.22175092513684,0.18119999999999997,0.14737423845646633,0.21502576154353362,0.038590154184714,19.1162376,15.547687408680288,22.684787791319714,4.071184086178959
primary,uptake(mmol/g) CO2 at 0.015 bar,17,500,enriched_interpretable,rf,enriched_interpretable | rf,5,0.20670156841666784,0.2017763274543756,0.21162680937896008,0.0056189661210469055,0.08740889518926626,0.08238549970248914,0.09243229067604337,0.00573094580933637,0.287676732748951,0.25355245556875483,0.3218010099291472,0.038930716049981356,0.7402609059778567,0.727611825636247,0.7529099863194663,0.014430716069742494,0.4081152825180129,0.3973869488702004,0.4188436161658254,0.012239430266228103,8.163698535283526,7.949095246854075,8.378301823712977,0.24483037812410566,0.044000000000000004,0.004023687013432566,0.08397631298656744,0.04560701700396552,46.41912,4.244909325431095,88.5933306745689,48.11449079884354,0.08399999999999999,0.04260732431939196,0.12539267568060802,0.04722287581247038,44.30916,22.474937505236067,66.14338249476393,24.909594762319998,0.11039999999999998,0.06351706220809109,0.15728293779190888,0.05348644688142969,23.2939584,13.40184605765839,33.18607074234161,11.28542634619414,0.1716,0.1423073426265216,0.20089265737347842,0.033418557718728675,18.103456800000004,15.013140032412776,21.19377356758723,3.5255910022104384
primary,uptake(mmol/g) CO2 at 0.015 bar,17,500,geometry_only,rf,geometry_only | rf,5,0.20736983571785766,0.1996978484569682,0.21504182297874713,0.00875259440707207,0.0866348978093186,0.08103388099628873,0.09223591462234847,0.006389925682170408,0.28246581469849186,0.22855533916166237,0.33637629023532134,0.0615038204080052,0.744049134636827,0.7363602484858941,0.7517380207877599,0.008771873522827814,0.41069397042093286,0.38599663235802384,0.4353913084838419,0.028175983046917152,8.215281094324531,7.721250041810163,8.7093121468389,0.5636158247030085,0.048,0.016153769453827037,0.07984623054617296,0.0363318042491699,50.63904,17.041903698398457,84.23617630160155,38.32932684678926,0.05600000000000001,0.01850299211937039,0.09349700788062962,0.04277849927241487,29.539440000000003,9.760143313046683,49.31873668695332,22.565230581206123,0.0928,0.06395135663501661,0.12164864336498338,0.032912003889158735,19.580428800000004,13.493480444561968,25.66737715543804,6.944301172596938,0.1464,0.12438509014326882,0.1684149098567312,0.025115732121520958,15.4449072,13.122378239934573,17.767436160065426,2.649659507356218
primary,uptake(mmol/g) CO2 at 0.015 bar,17,500,geometry_plus_topology,hgb,geometry_plus_topology | hgb,5,0.20750098929920435,0.20009471344785829,0.21490726515055042,0.008449457277410692,0.08767804844732746,0.0814406528302976,0.09391544406435733,0.007115939082774496,0.28162870249439964,0.2291807644874198,0.3340766405013795,0.05983528299148049,0.7044624037622823,0.6909295798607431,0.7179952276638215,0.015438935801722268,0.429427379598028,0.42006219188471744,0.4387925673113386,0.010684283851534816,8.590013214416526,8.402677497052318,8.777348931780734,0.21372214216329535,0.036000000000000004,0.021332703043846157,0.05066729695615385,0.01673320053068151,37.979279999999996,22.505575057196808,53.452984942803184,17.65319189585838,0.054000000000000006,0.01971400285830964,0.08828599714169037,0.03911521443121589,28.484460000000002,10.398939367729756,46.569980632270244,20.632884460322067,0.1024,0.05963066219825237,0.14516933780174765,0.0487934421823261,21.605990400000003,12.581831201182458,30.630149598817546,10.295221126702076,0.16160000000000002,0.12895790791018447,0.19424209208981558,0.037239763694201934,17.048476800000003,13.60480136870864,20.492152231291367,3.928720590210916
primary,uptake(mmol/g) CO2 at 0.015 bar,17,500,enriched_interpretable,hgb,enriched_interpretable | hgb,5,0.2106961959510933,0.20334474064499092,0.21804765125719566,0.008386915203059394,0.09131339430081863,0.08490694670068293,0.09771984190095433,0.007308802208262145,0.25937823701028967,0.2065188412128269,0.3122376328077524,0.06030469502688441,0.6904307547512211,0.6743064382303584,0.7065550712720837,0.018395442771108102,0.40879787637466813,0.3957853632370031,0.4218103895123332,0.014845338741800072,8.177352742088498,7.9170580680275595,8.437647416149437,0.29695744152112735,0.052000000000000005,0.025413266466148953,0.07858673353385105,0.030331501776206204,54.85896,26.810487856457822,82.90743214354218,31.999127743862022,0.064,0.02260732431939197,0.10539267568060803,0.04722287581247038,33.75936,11.92513750523607,55.593582494763936,24.90959476232,0.12400000000000003,0.07930512333611382,0.16869487666388622,0.05099019513592785,26.163504,16.733063803426667,35.59394419657333,10.758727212900233,0.17439999999999997,0.15940119684774812,0.18939880315225183,0.01711139970896595,18.398851200000003,16.816507465043735,19.98119493495627,1.8052184464964913
primary,uptake(mmol/g) CO2 at 0.015 bar,17,500,geometry_only,mlp,geometry_only | mlp,5,0.21219698311190505,0.20138759057161446,0.22300637565219564,0.01233190638549433,0.10251116562330038,0.08303768250563728,0.12198464874096349,0.022216342862137372,0.2477136633533906,0.1689159238465544,0.3265114028602268,0.08989648061765636,0.642640595778264,0.56435075052507,0.7209304410314581,0.0893170489459598,0.3653394008342814,0.31774894530297637,0.41292985636558643,0.05429361920825458,7.308034908838645,6.356063373449638,8.260006444227653,1.0860576866197276,0.012,-0.0036799999999999992,0.02768,0.01788854381999832,12.65976,-3.8823263999999984,29.2018464,18.872055959221825,0.024,0.008076884726913518,0.03992311527308648,0.01816590212458495,12.659759999999999,4.260475924599612,21.059044075400386,9.582331711697314,0.0496,0.01937784230072247,0.07982215769927753,0.03447897910321592,10.465401600000002,4.08864721408324,16.84215598591676,7.274926674862147,0.09759999999999999,0.054974618641002164,0.1402253813589978,0.04862920932937322,10.2966048,5.7997123173884475,14.793497282611554,5.130284325830217
primary,uptake(mmol/g) CO2 at 0.015 bar,17,500,enriched_interpretable,ridge,enriched_interpretable | ridge,5,0.2123427063840282,0.20807790016323705,0.21660751260481934,0.004865508479873958,0.09412366815838961,0.08469087585701475,0.10355646045976448,0.010761410614036168,0.24839442978092255,0.2182788681963025,0.2785099913655426,0.03435736881826109,0.6728870088594878,0.6197818010336081,0.7259922166853675,0.06058512992751059,0.3794463405384907,0.348911104145607,0.4099815769313744,0.034836155246690495,7.590221849474725,6.979412905793185,8.201030793156265,0.6968419996616143,0.048,0.02801184350671628,0.06798815649328371,0.02280350850198276,50.63904,29.55193466271555,71.72614533728445,24.05724539942177,0.08,0.044938454112803304,0.11506154588719669,0.04,42.199200000000005,23.70458515996262,60.69381484003739,21.0996,0.08720000000000001,0.06150679965438328,0.11289320034561676,0.02931211353689802,18.398851200000003,12.977688699876254,23.820013700123752,6.184738707831335,0.124,0.11744058539197284,0.13055941460802714,0.007483314773547886,13.081752,12.38974687768235,13.77375712231765,0.789474741979755
primary,uptake(mmol/g) CO2 at 0.015 bar,17,500,geometry_only,hgb,geometry_only | hgb,5,0.2138173176471588,0.20529404346383773,0.22234059183047988,0.009723785951415775,0.09176117485385407,0.08565240200398751,0.09786994770372064,0.0069691996690850804,0.23697875080917535,0.1750353544660282,0.2989221471523225,0.07066818621453516,0.6920809293524635,0.6818243683571265,0.7023374903478005,0.01170120795966654,0.3878649981039059,0.3632950430527885,0.4124349531550233,0.028030658009394305,7.758623733402706,7.2671407758784765,8.250106690926934,0.5607088279626622,0.02,-0.0014707242542025094,0.04147072425420251,0.02449489742783178,21.0996,-1.5515846736985637,43.75078467369856,25.841626888413973,0.032,0.006899752989263232,0.057100247010736765,0.02863564212655271,16.87968,3.639550704306462,30.11980929569354,15.105014865335288,0.0816,0.043064186838734024,0.12013581316126598,0.04396362132490908,17.217273600000002,9.086371166225526,25.34817603377448,9.276148245070516,0.13879999999999998,0.09600911050235106,0.1815908894976489,0.04881802945633918,14.643122400000001,10.128769139777035,19.157475660222968,5.150204471584872
primary,uptake(mmol/g) CO2 at 0.015 bar,17,500,enriched_interpretable,mlp,enriched_interpretable | mlp,5,0.21404952678945027,0.2055871200857437,0.22251193349315684,0.009654345225886653,0.10099380872703456,0.09243880773884662,0.1095488097152225,0.00975998150875822,0.23534121948505607,0.17337417465720797,0.29730826431290414,0.07069516561216588,0.5965027347629933,0.5310826945357736,0.661922774990213,0.07463451889736435,0.38194918467956007,0.32252094597843095,0.4413774233806892,0.06779876608102477,7.640287274426285,6.4515196736504565,8.829054875202113,1.3562067167265737,0.052000000000000005,0.036320000000000005,0.06768,0.017888543819998316,54.85896,38.31687360000001,71.4010464,18.872055959221825,0.088,0.05326871151252807,0.12273128848747192,0.0396232255123179,46.41912000000001,28.098712635743443,64.73952736425657,20.900855225492567,0.1056,0.06778876018959443,0.14341123981040557,0.04313699108653731,22.281177600000003,14.303157244963666,30.259197955036342,9.10173257129503,0.1432,0.12622137626307714,0.16017862373692285,0.019370080020485198,15.107313600000001,13.316102753002115,16.898524446997886,2.043504702001147
primary,uptake(mmol/g) CO2 at 0.015 bar,17,500,geometry_plus_topology,mlp,geometry_plus_topology | mlp,5,0.21407341024956023,0.20453431015310977,0.22361251034601068,0.010882691969305108,0.1040862169910386,0.08841681960242195,0.11975561437965523,0.017876447820104342,0.234834582307049,0.16525986989382976,0.30440929472026823,0.07937438085252892,0.6030850423615399,0.5367895466702043,0.6693805380528756,0.07563328314687293,0.4248767538869928,0.3846188803528938,0.4651346274210918,0.04592823563869133,8.49898516905005,7.693690299482289,9.304280038617811,0.9187214644312963,0.04,0.012281414177487342,0.06771858582251267,0.03162277660168379,42.1992,12.956646328965594,71.4417536710344,33.361396859244365,0.084,0.04034872739541264,0.12765127260458736,0.04979959839195493,44.309160000000006,21.28355021380622,67.33476978619379,26.2687901557723,0.0928,0.06427274033490071,0.12132725966509927,0.03254535297089279,19.580428800000004,13.561291119702716,25.59956648029729,6.866939295446496,0.1312,0.1015372276413684,0.16086277235863164,0.03384080377296024,13.8413376,10.711974441709081,16.970700758290917,3.57013711643976
primary,uptake(mmol/g) CO2 at 0.015 bar,17,500,geometry_plus_topology,ridge,geometry_plus_topology | ridge,5,0.21481565607727582,0.21046187372579128,0.21916943842876035,0.004967016988346067,0.09575666594092533,0.08571677764686354,0.10579655423498711,0.01145401668980947,0.2307801348384287,0.1997531288520258,0.2618071408248316,0.03539719108361725,0.6624988598098532,0.604761593663233,0.7202361259564735,0.065869618336143,0.3944634053849071,0.37752339639404237,0.4114034143757718,0.01932602634848531,7.890614399184097,7.551756403636458,8.229472394731737,0.3865864861040013,0.06,0.03228141417748734,0.08771858582251266,0.03162277660168379,63.29880000000001,34.0562463289656,92.54135367103441,33.361396859244365,0.08800000000000001,0.059327671876877534,0.11667232812312248,0.032710854467592254,46.41912,31.294753638334125,61.54348636166587,17.25464862311024,0.1056,0.07578737556000814,0.13541262443999186,0.0340117626711701,22.2811776,15.990833093659477,28.571522106340524,7.176345876566208,0.12880000000000003,0.09955459311276388,0.15804540688723617,0.03336465195382682,13.5881424,10.502810464210361,16.67347433578964,3.5199040518248217
primary,uptake(mmol/g) CO2 at 0.015 bar,17,500,geometry_only,ridge,geometry_only | ridge,5,0.21528675937750377,0.2100606613005091,0.22051285745449845,0.00596219926389849,0.10515470349399028,0.09420565490912827,0.11610375207885229,0.012491233124846596,0.2272590087991027,0.1894798417145828,0.26503817588362266,0.04310040088485158,0.6938921083148154,0.6622036702118549,0.7255805464177759,0.03615178658112971,0.37368221463784596,0.3613282900682553,0.3860361392074366,0.014093987309443626,7.4749196586771856,7.227799003720289,7.722040313634082,0.28192784853463854,0.012,0.0023980002082899434,0.021601999791710055,0.010954451150103323,12.65976,2.5298422597417254,22.789677740258277,11.556726874336002,0.046000000000000006,0.03424000000000001,0.057760000000000006,0.01341640786499874,24.26454,18.061257599999998,30.467822400000003,7.077020984708186,0.0744,0.071264,0.077536,0.0035777087639996606,15.698102400000002,15.036418944000001,16.359785856000002,0.7548822383688728,0.11679999999999999,0.11239981091315383,0.12120018908684614,0.005019960159204451,12.322166400000002,11.857955251715907,12.786377548284097,0.5295957568757514
primary,uptake(mmol/g) CO2 at 0.015 bar,17,500,topology_only,mlp,topology_only | mlp,5,0.22809310436363212,0.22635115041984671,0.22983505830741752,0.001987309914274489,0.104104619252567,0.09957871914403621,0.1086305193610978,0.005163377705126802,0.13307085381478817,0.11976313398023933,0.146378573649337,0.015182125599782383,0.5843760479922618,0.5729654715712006,0.5957866244133231,0.013017767622423071,0.16488433826317786,0.15593604785932222,0.1738326286670335,0.010208666135423617,3.2982495104453426,3.1192531621279436,3.4772458587627417,0.2042081645724157,0.024,-0.004805999375130175,0.052805999375130176,0.03286335345030997,25.31952,-5.070233220774835,55.70927322077483,34.670180623008015,0.014000000000000002,0.000706633233074478,0.027293366766925526,0.0151657508881031,7.384860000000001,0.37274196411445626,14.396978035885546,7.999781935965505,0.0328,0.011272096618574302,0.05432790338142571,0.024560130292814005,6.920668800000001,2.378367298132704,11.462970301867298,5.1820892512625845,0.044000000000000004,0.017762341567891398,0.07023765843210861,0.02993325909419153,4.6419120000000005,1.8738915107294059,7.409932489270595,3.1578989679190186
primary,uptake(mmol/g) CO2 at 0.015 bar,17,500,topology_only,hgb,topology_only | hgb,5,0.2295258989085553,0.22733595587935623,0.23171584193775435,0.0024983987143576167,0.10756890426664878,0.1011606113685948,0.11397719716470275,0.007310907418253983,0.12211530803434527,0.1052447154351823,0.13898590063350824,0.01924683258797616,0.571579232655788,0.5641006115629272,0.5790578537486488,0.008531992419183874,0.15532802427000378,0.12827303754266212,0.18238301099734544,0.030865708904433957,3.1070906151757414,2.565898542790248,3.6482826875612346,0.6174195218050764,0.0,0.0,0.0,0.0,0.0,0.0,0.0,0.0,0.002,-0.001919999999999999,0.005919999999999999,0.004472135954999579,1.05498,-1.0127807999999998,3.1227408,2.359006994902728,0.007200000000000001,0.005632000000000001,0.008768000000000001,0.0017888543819998318,1.5191712000000002,1.1883294720000002,1.8500129280000002,0.3774411191844365,0.014000000000000002,0.014,0.014000000000000004,1.939479807224432e-18,1.4769720000000002,1.4769720000000002,1.4769720000000002,0.0
primary,uptake(mmol/g) CO2 at 0.015 bar,17,500,topology_only,ridge,topology_only | ridge,5,0.23184168313784226,0.22781706495192638,0.23586630132375813,0.004591489717953969,0.10605991433823521,0.10010343084985253,0.11201639782661789,0.006795460197387122,0.10411511625589867,0.07295528735903636,0.13527494515276098,0.03554872223502367,0.5787751501988833,0.5603078772577647,0.5972424231400019,0.021068406967032435,0.14562002275312855,0.1270576361497137,0.1641824093565434,0.02117691748462604,2.912897451727258,2.541586366803659,3.2842085366508567,0.4236106258614103,0.036,0.0071940006248698285,0.06480599937513017,0.03286335345030996,37.97928,7.589526779225174,68.36903322077484,34.67018062300801,0.022,0.0029970949589279913,0.041002905041072006,0.0216794833886788,11.60478,1.580937619884926,21.628622380115075,11.43571069269418,0.035199999999999995,0.0059283334263318666,0.06447166657366812,0.033394610343586886,7.4270592,1.25085463962232,13.603263760377681,7.046129204055458,0.040400000000000005,0.011905078066434371,0.06889492193356564,0.03250846043724618,4.262119200000001,1.2559619258526928,7.268276474147308,3.4295775592085977
primary,uptake(mmol/g) CO2 at 0.015 bar,17,500,topology_only,rf,topology_only | rf,5,0.23224887442255598,0.22926075216827557,0.2352369966768364,0.003409002288597413,0.10729661419615988,0.10065544125202606,0.11393778714029369,0.007576588853783487,0.1010925017708233,0.0780038987160788,0.1241811048255678,0.026340656089754073,0.564730252112386,0.5388211287417008,0.5906393754830712,0.0295584495378983,0.12347364429275691,0.0929537901165528,0.15399349846896102,0.034818606429272064,2.469894297610403,1.8593930507614873,3.0803955444593187,0.6964909634196709,0.016,-0.006857331427793576,0.03885733142779357,0.026076809620810597,16.87968,-7.2343475096936665,40.993707509693664,27.51051261376276,0.01,-0.002396128427860047,0.022396128427860047,0.01414213562373095,5.2749,-1.263933784411897,11.813733784411896,7.45983512016184,0.020800000000000003,-0.0011519999999999933,0.042752,0.02504396134799764,4.3887168,-0.2430673919999995,9.020500991999999,5.284175668582112,0.028000000000000004,0.004317229891754645,0.05168277010824536,0.027018512172212593,2.9539440000000003,0.45545911912033077,5.45242888087967,2.8503989971440844
primary,uptake(mmol/g) CO2 at 0.015 bar,17,1000,geometry_plus_topology,rf,geometry_plus_topology | rf,5,0.19933722837335272,0.196153100185929,0.20252135656077644,0.0036326158551799174,0.08086602581555151,0.07827062477646646,0.08346142685463656,0.0029609658940141586,0.33774519844170614,0.3165486641035259,0.3589417327798864,0.024182087585499803,0.7748343015386121,0.7665977551422624,0.7830708479349618,0.00939667226636173,0.44922260144103154,0.43153249013191414,0.46691271275014895,0.020181781335063417,8.9859852117607,8.632122609771837,9.339847813749564,0.40370450650104717,0.048,-0.014719999999999997,0.11072,0.07155417527999328,50.63904,-15.529305599999994,116.8073856,75.4882238368873,0.078,0.023471123246485266,0.13252887675351474,0.06220932405998316,41.144220000000004,12.380782801288515,69.90765719871149,32.81479634840052,0.1048,0.07104244937795398,0.13855755062204603,0.03851233568611491,22.112380800000004,14.989672648950782,29.235088951049228,8.125948780427501,0.16839999999999997,0.1356169858615776,0.20118301413842232,0.037400534755535245,17.765863200000005,14.307320774424724,21.224405625575287,3.945681615639457
primary,uptake(mmol/g) CO2 at 0.015 bar,17,1000,enriched_interpretable,rf,enriched_interpretable | rf,5,0.20436219811748066,0.1996754519504911,0.2090489442844702,0.005346879093201653,0.08616171046958683,0.08267568386853535,0.0896477370706383,0.003977036964961037,0.3037394030561346,0.27166823528890927,0.33581057082335997,0.036588424104753055,0.7528332401099596,0.7452441207093228,0.7604223595105963,0.008658054525095013,0.4248767538869928,0.3989425278232617,0.45081097995072394,0.029587087970586515,8.49898516905005,7.980212135058487,9.017758203041613,0.5918427392341554,0.039999999999999994,-0.019449743481364155,0.09944974348136415,0.06782329983125268,42.199200000000005,-20.519090377969547,104.91749037796956,71.55222485597496,0.06399999999999999,0.012664460653461516,0.11533553934653845,0.058566201857385286,33.75936,6.6803763500944235,60.83834364990558,30.893085817752166,0.0968,0.06424747407650214,0.12935252592349786,0.037137582042992515,20.424412800000002,13.555960040245647,27.292865559754357,7.83588126074325,0.15839999999999999,0.12343940137812281,0.19336059862187716,0.039884834210511644,16.7108832,13.022609966589203,20.3991564334108,4.207770239540558
primary,uptake(mmol/g) CO2 at 0.015 bar,17,1000,geometry_plus_topology,ridge,geometry_plus_topology | ridge,5,0.20454300127088093,0.20205873134533262,0.20702727119642925,0.0028341818510124427,0.09144365067498897,0.08826534853438112,0.09462195281559682,0.0036259692037919704,0.3027815564569385,0.28581815729896504,0.31974495561491195,0.019352711044230253,0.6729190083161806,0.6446260459212846,0.7012119707110765,0.032278054693792156,0.432385286310201,0.4160377638885132,0.4487328087318888,0.01865008744826325,8.649181443904737,8.322175201879098,8.976187685930377,0.37306540114085607,0.068,0.044480000000000006,0.09152,0.02683281572999748,71.73864,46.92551040000001,96.5517696,28.308083938832738,0.096,0.06786870781496164,0.12413129218503836,0.03209361307176243,50.63904,35.80006468531412,65.47801531468588,16.929059959223963,0.1256,0.10614163172308633,0.14505836827691365,0.022199099080818574,26.5010976,22.395459727044326,30.606735472955677,4.683921109656396,0.1508,0.13071215133469988,0.1708878486653001,0.02291724241700994,15.9090984,13.789870541508167,18.02832625849183,2.4177232405097153
primary,uptake(mmol/g) CO2 at 0.015 bar,17,1000,geometry_plus_topology,mlp,geometry_plus_topology | mlp,5,0.20476342662226404,0.20141439469507502,0.20811245854945307,0.0038207464530672468,0.08925203667179704,0.08503652748327495,0.09346754586031913,0.0048092679108726446,0.3011907486898831,0.278238009375721,0.3241434880040452,0.026185655804233838,0.6833805361148027,0.6624621858128292,0.7042988864167761,0.02386472104712541,0.46423966628744784,0.4548162598360562,0.47366307273883945,0.010750702757613138,9.286377761470074,9.097877470645479,9.47487805229467,0.2150507469705485,0.068,0.025780307912065495,0.11021969208793451,0.04816637831516918,71.73864,27.197709241070854,116.27957075892915,50.81456579493719,0.10400000000000001,0.05991089023352821,0.1480891097664718,0.05029910535983716,54.85896,31.602395489283793,78.11552451071621,26.532275086260505,0.11279999999999998,0.07599372575225793,0.14960627424774203,0.041990475110434265,23.800348800000002,16.03437215882342,31.566325441176584,8.85982228640119,0.1596,0.13936733097191573,0.17983266902808426,0.02308246087400561,16.8374808,14.702974682875167,18.971986917124834,2.435153457285845
primary,uptake(mmol/g) CO2 at 0.015 bar,17,1000,enriched_interpretable,ridge,enriched_interpretable | ridge,5,0.20553774276993558,0.20389488963429214,0.20718059590557902,0.0018742506573200964,0.09157396496155805,0.08883058056612372,0.09431734935699237,0.003129792855409857,0.29604487815633845,0.28481973907756053,0.3072700172351164,0.012806211243386106,0.6720957294004833,0.645642203448331,0.6985492553526357,0.03017953177222836,0.3940841865756541,0.3858161764961029,0.4023521966552053,0.009432567641086713,7.883028728736891,7.717640308681431,8.04841714879235,0.1886835458853556,0.032,0.01632,0.04768,0.01788854381999832,33.75936,17.217273600000006,50.301446399999996,18.87205595922182,0.074,0.06070663323307447,0.08729336676692552,0.0151657508881031,39.03426,32.02214196411446,46.046378035885546,7.999781935965504,0.092,0.06758245876424082,0.11641754123575918,0.02785677655436824,19.411632,14.259628469419756,24.563635530580246,5.877668425865481,0.1252,0.11029368778000408,0.14010631221999592,0.01700588133558505,13.208349600000002,11.63576347341487,14.780935726585133,1.794086469141552
primary,uptake(mmol/g) CO2 at 0.015 bar,17,1000,geometry_only,mlp,geometry_only | mlp,5,0.2056255791359846,0.2027609965966718,0.20849016167529738,0.003268061880133865,0.09625411519445806,0.08820603632595711,0.10430219406295901,0.009181658897065164,0.295347580451417,0.2755776216422963,0.3151175392605377,0.022554577453859505,0.662187519525894,0.6069134575221684,0.7174615815296197,0.06305946940452492,0.40197193780811524,0.38711213604751005,0.41683173956872044,0.016952819831063407,8.040810674038784,7.743563922779716,8.338057425297853,0.33911425607461637,0.004,-0.0038399999999999997,0.01184,0.00894427190999916,4.21992,-4.051123199999999,12.4909632,9.436027979610913,0.026000000000000002,0.007823707748828422,0.04417629225117158,0.020736441353327723,13.71474,4.126927600429504,23.302552399570498,10.93826544946684,0.06000000000000001,0.03910967305186443,0.0808903269481356,0.02383275057562597,12.65976,8.251984575251184,17.06753542474882,5.028615040454778,0.10400000000000001,0.08778995866754191,0.1202100413324581,0.01849324200890693,10.971792000000002,9.261665059508339,12.681918940491666,1.9510000454556635
primary,uptake(mmol/g) CO2 at 0.015 bar,17,1000,geometry_only,rf,geometry_only | rf,5,0.20606977923875772,0.2014886338358605,0.21065092464165494,0.005226404354943297,0.08648109700700105,0.08316459910839603,0.08979759490560606,0.0037836299737326585,0.29207873274232127,0.26033862127193563,0.3238188442127069,0.03621073819449137,0.7548560494881293,0.7487228150010348,0.7609892839752239,0.006997106752596677,0.4190367842244975,0.3933192518246062,0.44475431662438886,0.029339872785566466,8.38216584416307,7.867727423017122,8.89660426530902,0.5868975917959215,0.016,-0.015359999999999999,0.04736,0.03577708763999664,16.87968,-16.204492799999997,49.9638528,37.74411191844365,0.036000000000000004,0.007868707814961646,0.06413129218503837,0.03209361307176243,18.98964,4.150664685314119,33.828615314685884,16.929059959223963,0.08,0.051950763290242646,0.10804923670975736,0.032,16.87968,10.961403251188035,22.797956748811966,6.751872000000001,0.138,0.11763108250299002,0.15836891749701001,0.023237900077244498,14.558724000000002,12.40984394190044,16.707604058099562,2.4515519823491405
primary,uptake(mmol/g) CO2 at 0.015 bar,17,1000,enriched_interpretable,mlp,enriched_interpretable | mlp,5,0.2069412006578754,0.20247043641685453,0.2114119648988963,0.005100475895049987,0.09173910787312796,0.08789892477468428,0.09557929097157164,0.004381076762329504,0.28609922349231853,0.2547696529783651,0.31742879400627194,0.0357423721301392,0.6539977533574637,0.6161815365575685,0.6918139701573589,0.04314266909001799,0.3974971558589306,0.35333710109120925,0.4416572106266519,0.0503800430360911,7.951299762761749,7.067947950496853,8.834651575026646,1.0077728062611946,0.052000000000000005,0.042398000208289946,0.06160199979171006,0.010954451150103319,54.85896,44.729042259741725,64.98887774025829,11.556726874336006,0.088,0.05009540397260512,0.12590459602739487,0.043243496620879306,46.41912,26.424824641509474,66.41341535849052,22.810512032547624,0.10400000000000001,0.07435277281093561,0.1336472271890644,0.03382306905057552,21.943584000000005,15.688137652016172,28.199030347983836,7.136532277395233,0.1504,0.1279701998225575,0.1728298001774425,0.02558906016249913,15.8668992,13.500600140880172,18.23319825911983,2.699594669023333
primary,uptake(mmol/g) CO2 at 0.015 bar,17,1000,geometry_plus_topology,hgb,geometry_plus_topology | hgb,5,0.20856244031188922,0.20058740598106972,0.21653747464270873,0.00909832596255456,0.0860634601019502,0.08057122960149828,0.09155569060240214,0.006265816707708268,0.2741183739410925,0.2181738509010826,0.3300628969811024,0.06382436555421703,0.7328760476554746,0.7082509834219791,0.7575011118889702,0.028093529375711593,0.4265453166477057,0.3927438216683494,0.4603468116270619,0.038562469650489026,8.532362119017758,7.856216855966539,9.208507382068976,0.771381005534185,0.024,-0.004805999375130175,0.052805999375130176,0.03286335345030997,25.31952,-5.070233220774835,55.70927322077483,34.670180623008015,0.042,0.022011843506716283,0.06198815649328372,0.02280350850198276,22.15458,11.611027331357773,32.698132668642224,12.028622699710885,0.07680000000000001,0.05834683159996637,0.09525316840003364,0.021052315787105227,16.204492800000004,12.310948080266506,20.098037519733502,4.441954421816056,0.1476,0.11177111422329744,0.18342888577670258,0.04087542048713382,15.571504800000003,11.791629008329435,19.351380591670573,4.312275110551646
primary,uptake(mmol/g) CO2 at 0.015 bar,17,1000,geometry_only,ridge,geometry_only | ridge,5,0.21086152364817093,0.20999962401416242,0.21172342328217944,0.0009832990670536766,0.10308589240492101,0.09884873869080897,0.10732304611903305,0.0048339610897297075,0.25914169358549916,0.25308024643456073,0.2652031407364376,0.006915208097714664,0.6776805637742642,0.6605201472479312,0.6948409803005973,0.01957747850769969,0.3669321198331438,0.3610956841802617,0.37276855548602583,0.006658503503136574,7.339894724716913,7.223146092083665,7.456643357350162,0.13319279533066022,0.02,0.02,0.02,0.0,21.0996,21.0996,21.0996,0.0,0.04,0.04,0.04,0.0,21.0996,21.0996,21.0996,0.0,0.0776,0.075679600041658,0.07952039995834201,0.002190890230020666,16.373289600000003,15.968092890389673,16.778486309610333,0.46226907497343955,0.1136,0.112816,0.11438400000000001,0.0008944271909999167,11.9845728,11.901862368,12.067283232000001,0.09436027979610902
primary,uptake(mmol/g) CO2 at 0.015 bar,17,1000,enriched_interpretable,hgb,enriched_interpretable | hgb,5,0.2124782696755617,0.20486046900452112,0.22009607034660225,0.00869077558137256,0.08994982522867825,0.08467896696947154,0.09522068348788497,0.006013263962934906,0.24674361586644045,0.19228339037205222,0.3012038413608287,0.06213100320174446,0.7129559010691308,0.6862333872952173,0.7396784148430442,0.030486406800073966,0.4105422828972317,0.3810703836130249,0.4400141821814385,0.033623046033425405,8.212246826145648,7.622708253774535,8.801785398516762,0.6725756750918306,0.024,-0.004805999375130175,0.052805999375130176,0.03286335345030997,25.31952,-5.070233220774835,55.70927322077483,34.670180623008015,0.048,0.02070035897671913,0.07529964102328088,0.03114482300479487,25.31952,10.919232356629573,39.71980764337043,16.42858268679925,0.08,0.053413266466148954,0.10658673353385105,0.0303315017762062,16.87968,11.269985571291564,22.489374428708437,6.399825548772404,0.144,0.10609540397260511,0.18190459602739487,0.043243496620879306,15.191712,11.192852928301896,19.190571071698105,4.562102406509525
primary,uptake(mmol/g) CO2 at 0.015 bar,17,1000,geometry_only,hgb,geometry_only | hgb,5,0.21254282507812886,0.20724772336272884,0.21783792679352887,0.006040922134392934,0.08983184020719917,0.08590815047136924,0.0937555299430291,0.004476345393843832,0.24680680008072278,0.20906978190324593,0.28454381825819963,0.043052315261726246,0.7199850259201785,0.7034115534863306,0.7365584983540265,0.018907862747603518,0.39484262419416,0.38344998289309457,0.40623526549522543,0.01299730632268057,7.8982000696313035,7.670308360875179,8.126091778387428,0.25999048586085605,0.02,-0.004792256855720094,0.044792256855720095,0.0282842712474619,21.0996,-5.055735137647588,47.254935137647585,29.83934048064736,0.04,0.014444726571605618,0.06555527342839439,0.0291547594742265,21.0996,7.619448819256247,34.57975118074375,15.378844075059737,0.076,0.03656550139788767,0.11543449860211233,0.04498888751680797,16.035696,7.715174532948707,24.356217467051295,9.492475310496415,0.1256,0.09013753849490985,0.16106246150509013,0.04045738498716891,13.2505488,9.509330036136001,16.991767563864002,4.268173201376346
primary,uptake(mmol/g) CO2 at 0.015 bar,17,1000,topology_only,hgb,topology_only | hgb,5,0.22734289045124184,0.22681369136081617,0.22787208954166752,0.0006037373162361534,0.10649569822163141,0.1052885905525571,0.10770280589070572,0.0013771300021487144,0.13881169481798694,0.13480836023866985,0.14281502939730403,0.004567208293892108,0.5562154294153505,0.5168206277719354,0.5956102310587656,0.04494359920142684,0.1687523701175578,0.16800910125142204,0.16949563898369358,0.0008479590358361007,3.3756233490068484,3.3607554349303235,3.3904912630833732,0.016962074774864874,0.0,0.0,0.0,0.0,0.0,0.0,0.0,0.0,0.002,-0.001919999999999999,0.005919999999999999,0.004472135954999579,1.05498,-1.0127807999999998,3.1227408,2.359006994902728,0.008,0.008,0.008,0.0,1.6879680000000001,1.6879680000000001,1.6879680000000001,0.0,0.014400000000000001,0.013616000000000001,0.015184000000000001,0.0008944271909999159,1.5191712000000002,1.436460768,1.6018816320000002,0.0943602797961091
primary,uptake(mmol/g) CO2 at 0.015 bar,17,1000,topology_only,ridge,topology_only | ridge,5,0.22747661470719938,0.2265694943774707,0.22838373503692805,0.0010348891433904816,0.10420754945643769,0.1024660399852832,0.10594905892759218,0.0019868028372250846,0.13778887436227635,0.13090057617720707,0.14467717254734563,0.007858521934236395,0.566623787204057,0.5346875307796117,0.5985600436285023,0.036434510363226584,0.15237011755783086,0.13803369611157304,0.1667065390040887,0.01635572087138691,3.0479223856875315,2.761145026996347,3.334699744378716,0.32717023900067804,0.036,0.013142668572206424,0.05885733142779357,0.026076809620810593,37.97928,13.865252490306336,62.09330750969367,27.51051261376276,0.042,0.01614582432178508,0.06785417567821492,0.029495762407505254,22.15458,8.51676087149841,35.792399128501586,15.558719712334945,0.048799999999999996,0.021596216733696764,0.07600378326630322,0.031035463586033315,10.2966048,4.556715345943083,16.03649425405692,6.548358674798687,0.06000000000000001,0.03387973660163437,0.08612026339836565,0.029799328851502677,6.329880000000001,3.5742444519992222,9.08551554800078,3.1437695951758298
primary,uptake(mmol/g) CO2 at 0.015 bar,17,1000,topology_only,rf,topology_only | rf,5,0.2282444907603532,0.2271220322961348,0.22936694922457157,0.0012805578713838434,0.10566248066924097,0.10414610159040132,0.10717885974808063,0.0017299626020122396,0.13195055854226484,0.12343292224840893,0.14046819483612075,0.00971735395953121,0.5515249503262739,0.5109390721671379,0.59211082848541,0.04630244004609808,0.1355328024270004,0.12905057741730547,0.1420150274366953,0.007395252942411762,2.711118617831567,2.5814519940028235,2.8407852416603108,0.14793029861936982,0.044,0.021142668572206424,0.06685733142779357,0.026076809620810593,46.41912,22.305092490306333,70.53314750969366,27.51051261376276,0.026000000000000002,0.01007688472691352,0.04192311527308648,0.01816590212458495,13.71474,5.315455924599613,22.114024075400387,9.582331711697316,0.0424,0.016802670139250853,0.06799732986074915,0.02920273959751037,8.946230400000001,3.545296188701373,14.347164611298629,6.161661244116298,0.055999999999999994,0.031867313452497666,0.08013268654750233,0.027531799795872405,5.907888000000001,3.3619378346115996,8.453838165388401,2.9045498148649473
primary,uptake(mmol/g) CO2 at 0.015 bar,17,1000,topology_only,mlp,topology_only | mlp,5,0.2298656635317319,0.22740889815491694,0.23232242890854687,0.0028028032588398866,0.1084978822776654,0.09808009040043764,0.11891567415489315,0.011885148373942044,0.11949307468733712,0.10056672535227994,0.1384194240223943,0.021592144734232554,0.5910414344317778,0.5736797445427164,0.6084031243208392,0.019807101426638815,0.16943496397421312,0.1523262127010432,0.18654371524738303,0.019518536151502033,3.3892775558118196,3.047044138705851,3.731510972917788,0.3904373391943801,0.02,-0.004792256855720094,0.044792256855720095,0.0282842712474619,21.0996,-5.055735137647588,47.254935137647585,29.83934048064736,0.018,-0.0038256363022936835,0.03982563630229368,0.024899799195977464,9.49482,-2.017984893096896,21.007624893096896,13.134395077886154,0.024000000000000004,-0.0015251906946843335,0.04952519069468434,0.029120439557122072,5.063904,-0.32180913581561743,10.449617135815618,6.14429626479453,0.04,0.0068302209835519115,0.07316977901644808,0.037841775856849,4.219920000000001,0.7205746533227604,7.719265346677242,3.9922316693458564
primary,uptake(mmol/g) CO2 at 0.015 bar,17,2000,geometry_plus_topology,rf,geometry_plus_topology | rf,5,0.19206393543141595,0.18983374064350292,0.19429413021932898,0.0025443199738975704,0.0771942259561262,0.07589928215095391,0.07848916976129848,0.001477337946636467,0.38526840828916054,0.3710220881448926,0.39951472843342845,0.01625292871010595,0.7894503518704347,0.7848251674323625,0.7940755363085068,0.005276646332654865,0.4985968904057641,0.4809759308608244,0.5162178499507039,0.020102889475132116,9.973639503986975,9.621160173294513,10.326118834679438,0.40212640004692646,0.06,0.007407681169204948,0.11259231883079504,0.06,63.29880000000001,7.814955479887843,118.78264452011217,63.2988,0.08600000000000001,0.043237848510628014,0.128762151489372,0.04878524367060187,45.36414,22.807532710871165,67.92074728912883,25.73372818380578,0.13440000000000002,0.09562567117279785,0.17317432882720218,0.04423573216303761,28.3578624,20.176634114775652,36.539090685224345,9.333562543472283,0.1996,0.1680592210622502,0.23114077893774979,0.035983329473521494,21.0574008,17.729911703625273,24.384889896374727,3.7961692927975705
primary,uptake(mmol/g) CO2 at 0.015 bar,17,2000,geometry_plus_topology,hgb,geometry_plus_topology | hgb,5,0.19726753216659618,0.19522722074293825,0.1993078435902541,0.002327691346208418,0.07962751198431131,0.07769814265702914,0.08155688131159348,0.0022011229436255035,0.35152608192940854,0.3381201503889335,0.3649320134698836,0.015294170523576874,0.7616370086657691,0.7530746114969893,0.7701994058345489,0.009768419448848702,0.4816078877512324,0.4676372008324489,0.4955785746700159,0.01593847226671786,9.633801467952129,9.354340048051139,9.913262887853119,0.3188238428506257,0.044000000000000004,-0.007708351356429839,0.09570835135642985,0.05899152481501051,46.41912,-8.132156514006361,100.97039651400635,62.234878849339786,0.072,0.02756372652888183,0.11643627347111815,0.0506951674225463,37.97928,14.539590106719881,61.41896989328012,26.74119386371895,0.136,0.10273769701298481,0.16926230298701522,0.03794733192202056,28.695456,21.67724311895174,35.71366888104826,8.00673524621865,0.1964,0.17080267013925085,0.22199732986074913,0.02920273959751037,20.719807199999998,18.019340094350685,23.42027430564931,3.080830622058149
primary,uptake(mmol/g) CO2 at 0.015 bar,17,2000,enriched_interpretable,rf,enriched_interpretable | rf,5,0.19726903093374587,0.1946963659516894,0.19984169591580234,0.0029350274404140466,0.08250027901410326,0.08134217827694207,0.08365837975126444,0.0013212203944311383,0.35147362409403565,0.33462215625295905,0.36832509193511226,0.019225014088417827,0.7659967159989682,0.7632546129515018,0.7687388190464347,0.0031283310282879907,0.46249525976488426,0.4451887425829106,0.47980177694685794,0.019744157588092493,9.251483677412926,8.90529426716191,9.597673087663942,0.39495053796522256,0.044,0.010278884953192902,0.0777211150468071,0.03847076812334269,46.41912,10.844018047919448,81.99422195208055,40.58589095476407,0.092,0.02867046186809824,0.15532953813190176,0.07224956747275377,48.52908000000001,15.123381930803141,81.93477806919688,38.11092434620289,0.124,0.0734335194026715,0.1745664805973285,0.05768882040742383,26.163504,15.494178859886073,36.83282914011393,12.1721103506848,0.1892,0.16000718334932376,0.21839281665067625,0.03330465432938766,19.960221600000004,16.880437828986963,23.040005371013045,3.51357442244174
primary,uptake(mmol/g) CO2 at 0.015 bar,17,2000,geometry_plus_topology,mlp,geometry_plus_topology | mlp,5,0.19974826353578629,0.19542960109164959,0.204066925979923,0.004926950406614816,0.08759850517179822,0.07733264209852125,0.09786436824507519,0.0117118202446695,0.33486427818517706,0.30590769203974927,0.36382086433060484,0.0330351505191353,0.6903163593922017,0.6081953576296565,0.7724373611547469,0.09368782771501588,0.49336367083807353,0.4768889022266703,0.5098384394494768,0.0187952563921824,9.868957251815527,9.539405651708242,10.198508851922812,0.3759692754763856,0.044,0.024796000416579884,0.06320399958342011,0.02190890230020664,46.41912,26.159284519483446,66.67895548051655,23.113453748672008,0.052000000000000005,0.031072926626018637,0.07292707337398137,0.023874672772626643,27.42948,16.39065806595857,38.468301934041435,12.59365114083283,0.1024,0.09199906465744548,0.11280093534255453,0.01186591757935306,21.6059904,19.411434646462364,23.800546153537635,2.503661145573178,0.18480000000000002,0.1634873093205011,0.20611269067949894,0.02431460466468662,19.496030400000002,17.247584158694224,21.74447664130578,2.5651421629151097
primary,uptake(mmol/g) CO2 at 0.015 bar,17,2000,geometry_only,mlp,geometry_only | mlp,5,0.20130828335725193,0.20028227015078348,0.20233429656372037,0.0011705282017734568,0.08784673912469498,0.08623420125846161,0.08945927699092836,0.0018396654516276939,0.32474477086862663,0.3178434319319966,0.33164610980525666,0.007873399488811652,0.7307964728010627,0.7043075186112742,0.7572854269908513,0.030219950112880117,0.4116799393249906,0.40304201660532285,0.4203178620446583,0.009854582849779022,8.235003837487266,8.062215902128997,8.407791772845535,0.19712529038414636,0.016,0.0013327030438461535,0.030667296956153847,0.01673320053068151,16.87968,1.4059750571968141,32.35338494280319,17.653191895858377,0.036000000000000004,0.028160000000000004,0.043840000000000004,0.008944271909999158,18.989639999999998,14.854118399999997,23.1251616,4.718013989805456,0.0632,0.046312123164826205,0.08008787683517381,0.01926655132606767,13.334947199999998,9.771672739285666,16.89822166071433,4.065165263594975,0.11079999999999998,0.09165209400482652,0.12994790599517345,0.021844907873461033,11.6891784,9.66911261332119,13.70924418667881,2.3045940908343923
primary,uptake(mmol/g) CO2 at 0.015 bar,17,2000,geometry_plus_topology,ridge,geometry_plus_topology | ridge,5,0.20169335350735823,0.199848104592783,0.20353860242193347,0.002105154085917312,0.08943807293710157,0.08670327834153135,0.09217286753267179,0.003119993173568395,0.32211825263653787,0.30966970246956477,0.334566802803511,0.014201941017687842,0.6851594799452277,0.6612359368886918,0.7090830230017637,0.027293198233192626,0.44391353811149037,0.4343759185086226,0.4534511577143581,0.010881002946707578,8.879785825499813,8.689000881839718,9.070570769159907,0.2176571954629797,0.06,0.04760387157213995,0.07239612842786004,0.01414213562373095,63.29880000000001,50.221132431176216,76.3764675688238,14.919670240323677,0.084,0.06031722989175464,0.10768277010824537,0.027018512172212593,44.30916,31.816735595601656,56.80158440439834,14.25199498572042,0.11439999999999999,0.09510021927585705,0.13369978072414293,0.02201817431123661,24.137942400000004,20.06576586632874,28.210118933671268,4.64574670697368,0.15919999999999998,0.1414254906115527,0.17697450938844725,0.020278066969018526,16.795281600000003,14.920106408537592,18.670456791462414,2.1392955090975168
primary,uptake(mmol/g) CO2 at 0.015 bar,17,2000,enriched_interpretable,hgb,enriched_interpretable | hgb,5,0.2018567207643982,0.20008956096057423,0.20362388056822217,0.0020160660451304063,0.08370335793982539,0.08190648591503928,0.0855002299646115,0.002049963262392559,0.3210246585558559,0.30914251960629574,0.332906797505416,0.01355575020883388,0.7448429328537249,0.7353974637645796,0.7542884019428703,0.010775872940154065,0.45551763367463033,0.44574315352691896,0.4652921138223417,0.011151225538267763,9.11190734118433,8.916384378229598,9.30743030413906,0.22306256955558787,0.028000000000000004,0.018398000208289945,0.03760199979171006,0.010954451150103323,29.539439999999995,19.40952225974172,39.66935774025827,11.556726874336002,0.068,0.04214582432178508,0.09385417567821493,0.02949576240750525,35.86932,22.23150087149841,49.50713912850159,15.558719712334945,0.13520000000000001,0.09668014039485608,0.17371985960514397,0.04394542069431126,28.526659200000005,20.399122902753053,36.65419549724696,9.2723079848169,0.19,0.1614350592508929,0.2185649407491071,0.032588341473600645,20.044620000000002,17.0310758808507,23.058164119149303,3.43800484878192
primary,uptake(mmol/g) CO2 at 0.015 bar,17,2000,geometry_only,rf,geometry_only | rf,5,0.20187988100336712,0.19884306463529328,0.20491669737144097,0.0034645550174475124,0.08346506348572166,0.08203287188346567,0.08489725508797766,0.001633917234412627,0.32076303615076135,0.3003177907302542,0.3412082815712685,0.023324978865775593,0.7677689460204367,0.7634226166688322,0.7721152753720412,0.0049585142259134145,0.4464163822525598,0.43948203824716164,0.45335072625795797,0.007911053354815513,8.929851250451375,8.791140703640322,9.068561797262428,0.15824806727840848,0.04,0.007202926959864235,0.07279707304013577,0.03741657386773942,42.1992,7.598943884117581,76.7994561158824,39.47373709898772,0.05800000000000001,0.02382623228264112,0.0921737677173589,0.03898717737923586,30.594420000000003,12.568099266770368,48.62074073322964,20.56534619577312,0.10640000000000001,0.058672490783616214,0.1541275092163838,0.054449977043154026,22.449974400000002,12.379660865379886,32.520287934620114,11.488727356197328,0.16599999999999998,0.14904854932461528,0.18295145067538468,0.01933907960581372,17.512667999999998,15.724323856648263,19.30101214335173,2.0402342202541357
primary,uptake(mmol/g) CO2 at 0.015 bar,17,2000,enriched_interpretable,ridge,enriched_interpretable | ridge,5,0.20294728930892428,0.2011632512115503,0.20473132740629826,0.002035321663355932,0.08991581623981325,0.08745646864979564,0.09237516382983085,0.002805749179377374,0.3136678054746757,0.3015459075412797,0.32578970340807173,0.013829279487442732,0.6864299101438209,0.6637128014487774,0.7091470188388644,0.025916836374677975,0.39476678043230945,0.38274281267836585,0.40679074818625305,0.013717555743409876,7.896682935541863,7.6561625430303835,8.137203328053342,0.2743979324645914,0.036000000000000004,0.01679600041657989,0.05520399958342012,0.021908902300206645,37.979279999999996,17.719444519483446,58.239115480516546,23.113453748672004,0.088,0.05326871151252807,0.12273128848747192,0.0396232255123179,46.41912,28.098712635743432,64.73952736425656,20.90085522549257,0.0968,0.07937472915562,0.11422527084438,0.019879637823662682,20.424412800000002,16.747750352919198,24.101075247080807,4.194524062241532,0.128,0.1200626049613239,0.1359373950386761,0.009055385138137424,13.503744000000001,12.66636469820975,14.341123301790253,0.9553250213032223
primary,uptake(mmol/g) CO2 at 0.015 bar,17,2000,enriched_interpretable,mlp,enriched_interpretable | mlp,5,0.20768335426600512,0.1931923557426844,0.22217435278932585,0.016532070285711346,0.097400689018754,0.07622463615968854,0.11857674187781946,0.024158721269387316,0.27767562538386853,0.17222020849506076,0.3831310422726763,0.12030891875456813,0.7015173134533608,0.683181317242806,0.7198533096639156,0.020918639776519938,0.42783466059916575,0.402395313189814,0.4532740080085175,0.029022505158440688,8.558153398538261,8.049279626639931,9.06702717043659,0.5805491560874433,0.036000000000000004,0.00999766164361367,0.06200233835638634,0.029664793948382652,37.97928,10.547333080779548,65.41122691922045,31.29576431966473,0.06999999999999999,0.03662240272278425,0.10337759727721574,0.03807886552931954,36.9243,19.317951212241468,54.53064878775854,20.086220778060767,0.096,0.05564112984733096,0.13635887015266904,0.04604345773288535,20.255616,11.740055833267443,28.77117616673256,9.714985407807879,0.1532,0.12656706880570598,0.17983293119429403,0.030384206423732713,16.1622936,13.35257262486437,18.972014575135635,3.205473009290954
primary,uptake(mmol/g) CO2 at 0.015 bar,17,2000,geometry_only,hgb,geometry_only | hgb,5,0.2086260197891153,0.20452933672453158,0.21272270285369901,0.0046737050074905,0.08583998285100707,0.08389695248185448,0.08778301322015965,0.002216708157026376,0.27448867831812807,0.24583359934721974,0.3031437572890364,0.03269117575488558,0.7454646659930677,0.7397270580892367,0.7512022738968988,0.006545755765921521,0.4304133485020857,0.42030653161930254,0.4405201653848688,0.011530372237778369,8.609735957579264,8.407565125668029,8.8119067894905,0.23064679756183934,0.016,0.00816,0.02384,0.00894427190999916,16.87968,8.608636800000003,25.150723199999998,9.43602797961091,0.054000000000000006,0.03479600041657989,0.07320399958342012,0.02190890230020664,28.484460000000002,18.354542259741727,38.61437774025828,11.556726874336002,0.09680000000000001,0.05852024158905912,0.1350797584109409,0.04367150100465978,20.424412800000002,12.347536894325117,28.501288705674888,9.214512025979195,0.1492,0.12628894974035454,0.17211105025964546,0.026138094804327265,15.7403016,13.323231619707924,18.15737158029208,2.7575167256669184
primary,uptake(mmol/g) CO2 at 0.015 bar,17,2000,geometry_only,ridge,geometry_only | ridge,5,0.21038559664311446,0.2100747565690259,0.210696436717203,0.0003546222121393178,0.10231452726593855,0.10011358468806976,0.10451546984380734,0.0025109475605552263,0.2624933958057615,0.2603137701459475,0.2646730214655755,0.0024866281330851434,0.6813347054385288,0.6680729120853757,0.694596498791682,0.015129730327145586,0.36662874478574137,0.3608503372344133,0.37240715233706945,0.006592302084932526,7.333826188359147,7.218238315805106,7.449414060913188,0.13186854102317244,0.02,0.02,0.02,0.0,21.0996,21.0996,21.0996,0.0,0.04,0.04,0.04,0.0,21.0996,21.0996,21.0996,0.0,0.0816,0.078464,0.084736,0.003577708763999667,17.217273600000002,16.555590144,17.878957056000004,0.7548822383688739,0.1136,0.11213327030438462,0.11506672969561539,0.0016733200530681528,11.9845728,11.829835750571968,12.139309849428033,0.17653191895858358
primary,uptake(mmol/g) CO2 at 0.015 bar,17,2000,topology_only,rf,topology_only | rf,5,0.22548963479433087,0.22460524008279914,0.2263740295058626,0.001008962598941986,0.10335670262064503,0.10169496891238304,0.10501843632890702,0.0018957905776411281,0.15278616107473497,0.1461479829419696,0.15942433920750035,0.0075731722202122456,0.5960128450210811,0.5795133753782855,0.6125123146638767,0.018823436588767853,0.16420174440652255,0.14729666633539806,0.18110682247764703,0.019286175373456824,3.2845953036403714,2.9464360457056937,3.622754561575049,0.38578933059327797,0.04,0.01852927574579749,0.06147072425420251,0.02449489742783178,42.1992,19.54801532630144,64.85038467369856,25.84162688841397,0.044000000000000004,0.01874716649561876,0.06925283350438124,0.028809720581775868,23.20956,9.888942854773937,36.53017714522606,15.196839509680952,0.0504,0.031584,0.069216,0.021466252583997984,10.6341984,6.664097664000001,14.604299136000002,4.529293430213238,0.0624,0.042205340904090505,0.08259465909590949,0.02303909720453473,6.583075200000001,4.452579054699741,8.71357134530026,2.4305786768840054
primary,uptake(mmol/g) CO2 at 0.015 bar,17,2000,topology_only,mlp,topology_only | mlp,5,0.22593039908900092,0.22511148985989882,0.22674930831810303,0.0009342534202419643,0.10193045790597291,0.09952462950846455,0.10433628630348127,0.0027446917546061567,0.14947281669743023,0.14330014333245614,0.15564549006240433,0.0070421006362165585,0.5951114156048651,0.5853068610525046,0.6049159701572256,0.01118553595315463,0.15942358740993554,0.14891060170701603,0.16993657311285504,0.01199375034602623,3.1890158560055704,2.978720261449901,3.39931145056124,0.2399159412220468,0.016,-0.0032039995834201133,0.03520399958342012,0.021908902300206645,16.87968,-3.3801554805165495,37.13951548051655,23.113453748672004,0.036,-0.007651272604587367,0.07965127260458736,0.04979959839195493,18.98964,-4.035969786193792,42.01524978619379,26.268790155772308,0.024,-0.0034959429734642868,0.051495942973464284,0.03136877428271625,5.063904000000001,-0.7376299836290698,10.865437983629072,6.618685898555997,0.0372,0.011062093733429985,0.06333790626657002,0.029819456735494024,3.9245256,1.1670287646893964,6.6820224353106035,3.1458930466811488
primary,uptake(mmol/g) CO2 at 0.015 bar,17,2000,topology_only,ridge,topology_only | ridge,5,0.22604218949510915,0.22481497646593662,0.22726940252428168,0.0014000672225016441,0.10325810624744043,0.10158575391417678,0.10493045858070409,0.0019079048466877117,0.14861644369429608,0.13938740426369442,0.15784548312489774,0.010528958945842493,0.5989584359847756,0.583134500495362,0.6147823714741892,0.018052752768316437,0.17064846416382254,0.15230763656456717,0.1889892917630779,0.0209241516711935,3.4135517012428798,3.0466725525765463,3.780430849909213,0.41855444691080224,0.027999999999999997,0.008011843506716281,0.04798815649328371,0.022803508501982758,29.539440000000003,8.45233466271555,50.626545337284455,24.05724539942177,0.054000000000000006,0.035823707748828426,0.07217629225117159,0.020736441353327723,28.484460000000002,18.896647600429503,38.0722723995705,10.93826544946684,0.0632,0.047836800333263915,0.0785631996667361,0.017527121840165315,13.334947200000002,10.093373523117354,16.57652087688265,3.6981525997875213,0.0728,0.05718875072263594,0.08841124927736407,0.01781010948871455,7.680254400000001,6.033298823736647,9.327209976263354,1.8789309308404079
primary,uptake(mmol/g) CO2 at 0.015 bar,17,2000,topology_only,hgb,topology_only | hgb,5,0.2266200095381215,0.2261894554342712,0.2270505636419718,0.0004911980837758966,0.10474268570817957,0.10276173253109692,0.10672363888526222,0.002259972430714788,0.14428123074324936,0.14102976169118447,0.14753269979531425,0.0037094417485478946,0.5822147531987917,0.569188832219922,0.5952406741776614,0.014860635090965888,0.16147136897990141,0.15384280841449904,0.16909992954530378,0.008703051017711197,3.2299784764204853,3.0773812290695526,3.382575723771418,0.17409072360001812,0.004,-0.0038399999999999997,0.01184,0.00894427190999916,4.21992,-4.051123199999999,12.4909632,9.436027979610913,0.01,-0.0007353621271012547,0.020735362127101253,0.01224744871391589,5.2749,-0.3878961684246409,10.93769616842464,6.460406722103493,0.020800000000000003,0.00830509607880077,0.033294903921199236,0.01425482374496437,4.3887168,1.7523420522426467,7.025091547757354,3.007710790892502,0.027200000000000002,0.01593383543525127,0.03846616456474873,0.012853015210447703,2.8695456,1.6809877707481382,4.058103429251862,1.355967398671812
primary,uptake(mmol/g) CO2 at 0.015 bar,17,5000,geometry_plus_topology,rf,geometry_plus_topology | rf,5,0.1855073798120647,0.18324015703064972,0.18777460259347967,0.002586563397642867,0.07279250644285254,0.07176487117840577,0.07382014170729931,0.0011723787282545645,0.4265139717184126,0.41246841650509714,0.44055952693172806,0.01602388583607138,0.8080803672204645,0.8024537069592244,0.8137070274817046,0.006419181035933515,0.5262040197193781,0.5194874020231289,0.5329206374156273,0.007662660075352674,10.5258763125436,10.391521035008731,10.66023159007847,0.15327935393051842,0.084,0.03535407930771585,0.13264592069228415,0.055497747702046435,88.61832000000001,37.29784658805407,139.93879341194594,58.54901387070495,0.15400000000000003,0.10655342372731202,0.20144657627268803,0.05412947441089744,81.23346000000001,56.205865481919815,106.2610545180802,28.55275645700429,0.188,0.13960744520073362,0.23639255479926638,0.05520869496736904,39.66724800000001,29.456612507573997,49.87788349242602,11.648813803335,0.2616,0.2413293923130065,0.2818706076869935,0.023125743231299612,27.5982768,25.45976823023756,29.73678536976244,2.439719659415647
primary,uptake(mmol/g) CO2 at 0.015 bar,17,5000,enriched_interpretable,rf,enriched_interpretable | rf,5,0.19023084582266064,0.187905756566974,0.19255593507834728,0.0026525804231988317,0.07778383563502173,0.0767111955464247,0.07885647572361876,0.0012237225272930348,0.3969374705431802,0.3821671882028345,0.41170775288352585,0.016850691510141628,0.78516301362157,0.7811850301919429,0.7891409970511972,0.004538286409190934,0.4910883579825559,0.4761045295654309,0.5060721863996809,0.017094315767288048,9.823443229132286,9.523715521443652,10.12317093682092,0.34194465772039345,0.05600000000000001,0.014145853252037273,0.09785414674796275,0.047749345545253286,59.078880000000005,14.923592263834273,103.23416773616574,50.37460456333132,0.126,0.07140071795343826,0.18059928204656173,0.06228964600958974,66.46374,37.663164713259135,95.26431528674087,32.857165373598505,0.1912,0.14975909190184175,0.23264090809815827,0.04727790181469562,40.34243520000001,31.59856935492101,49.08630104507901,9.975448171293518,0.2524,0.24010344048117524,0.26469655951882476,0.014028542333400148,26.627695200000005,25.33043276388303,27.92495763611698,1.4799831590890482
primary,uptake(mmol/g) CO2 at 0.015 bar,17,5000,geometry_plus_topology,hgb,geometry_plus_topology | hgb,5,0.19188915978543766,0.19055420382513413,0.1932241157457412,0.0015229858541873362,0.07517641608018301,0.07457093079070277,0.07578190136966324,0.0006907685033948711,0.3864419104754117,0.377913435476701,0.39497038547412244,0.009729719306900324,0.7876525345779967,0.7851447186399774,0.790160350516016,0.002861044343096219,0.5095942358740994,0.5055136965683171,0.5136747751798816,0.004655287383973886,10.193623946955961,10.111999234085006,10.275248659826916,0.0931216360323242,0.064,0.013799505978526465,0.11420049402147353,0.05727128425310542,67.51872,14.558202817225848,120.47923718277416,60.420059461341154,0.10800000000000001,0.05207985693866657,0.16392014306133346,0.06379655163094632,56.968920000000004,27.471603736577222,86.46623626342279,33.65204301980788,0.16560000000000002,0.15144451145315008,0.17975548854684997,0.016149303390549083,34.940937600000005,31.954186138568854,37.92768906143115,3.4074384181922936,0.244,0.23160387157213994,0.25639612842786,0.014142135623730958,25.741512,24.43374524311762,27.04927875688238,1.491967024032369
primary,uptake(mmol/g) CO2 at 0.015 bar,17,5000,geometry_plus_topology,mlp,geometry_plus_topology | mlp,5,0.19384668607242092,0.19267164491001557,0.19502172723482628,0.0013405468956626271,0.08172976733853657,0.07858606468523968,0.08487346999183346,0.003586496343784839,0.3738674293023279,0.3662675956080287,0.38146726299662714,0.00867027793782983,0.7243195488107571,0.6834334021231467,0.7652056954983675,0.04664500169975747,0.49586651497914297,0.48030288377090563,0.5114301461873804,0.01775578436650813,9.919022676767089,9.607696934407091,10.230348419127086,0.35517628727680595,0.05600000000000001,0.029997661643613675,0.08200233835638635,0.029664793948382652,59.078880000000005,31.646933080779547,86.51082691922046,31.295764319664734,0.094,0.07382056492366548,0.11417943507633452,0.023021728866442676,49.58406,38.9396097915843,60.2285102084157,12.143731759759849,0.14479999999999998,0.10276999471805884,0.18683000528194113,0.04794997393117122,30.552220800000004,21.684057805531552,39.42038379446846,10.117252699581405,0.2324,0.19510021640813446,0.2696997835918655,0.04255349574359315,24.517735200000004,20.582682630625374,28.452787769374634,4.48930869395759
primary,uptake(mmol/g) CO2 at 0.015 bar,17,5000,geometry_only,rf,geometry_only | rf,5,0.1956028052577906,0.19347790288872344,0.1977277076268578,0.002424197011624787,0.07977274497468599,0.07877139324077705,0.08077409670859494,0.001142393135922288,0.3624174259549234,0.34856291584709437,0.3762719360627524,0.01580593183472632,0.7820751352727828,0.7801338454820675,0.7840164250634981,0.0022147224163600932,0.4662874478574137,0.4585968595896228,0.4739780361252046,0.00877381538456265,9.327340381884989,9.173502368787643,9.481178394982335,0.17550625245365778,0.052000000000000005,0.01564741549765685,0.08835258450234315,0.04147288270665544,54.85896,16.507710401718022,93.21020959828198,43.75306179786735,0.066,0.024145853252037268,0.10785414674796273,0.047749345545253286,34.81434,12.736696131917135,56.89198386808287,25.18730228166566,0.1336,0.07396444335800997,0.19323555664199002,0.06803528496302488,28.189065600000003,15.606201690766675,40.77192950923333,14.3551729860584,0.2064,0.1861293923130065,0.2266706076869935,0.023125743231299623,21.7747872,19.63627863023756,23.91329576976244,2.439719659415648
primary,uptake(mmol/g) CO2 at 0.015 bar,17,5000,enriched_interpretable,hgb,enriched_interpretable | hgb,5,0.19698228005176666,0.19489868336968677,0.19906587673384654,0.0023770733769508507,0.0796502174320037,0.07885795747089216,0.08044247739311525,0.0009038505759677339,0.3533968283820358,0.3397787386649722,0.36701491809909936,0.015536211393390346,0.7685087175915937,0.7667960714204713,0.770221363762716,0.0019538741122624077,0.48031854379977246,0.47337544179282903,0.4872616458067159,0.007921044929714629,9.608010188431626,9.469124451698878,9.746895925164374,0.15844793287732917,0.05600000000000001,0.00896000000000001,0.10304,0.05366563145999496,59.078880000000005,9.452620800000005,108.7051392,56.61616787766548,0.088,0.0371154404558711,0.1388845595441289,0.05805170109479997,46.41912,19.578023686067446,73.26021631393255,30.621691810496035,0.1528,0.13275043581521034,0.17284956418478964,0.022873565528793275,32.2401888,28.009810955266122,36.47056664473388,4.826230832313266,0.2204,0.20822904703813216,0.23257095296186786,0.013885243966167827,23.251759200000002,21.967748004428866,24.535770395571138,1.4648654679427722
primary,uptake(mmol/g) CO2 at 0.015 bar,17,5000,geometry_plus_topology,ridge,geometry_plus_topology | ridge,5,0.1981466292231498,0.19685583444512628,0.1994374240011733,0.0014726045248277281,0.08836849118391227,0.0870497292864377,0.08968725308138684,0.0015045108412702845,0.34577748602826874,0.3372553133764813,0.3542996586800562,0.009722529268054302,0.681610839055217,0.6632715942521066,0.6999500838583275,0.020922345936614684,0.44702313234736446,0.44032793406787063,0.4537183306268583,0.007638223712136657,8.941988323166905,8.808061507070954,9.075915139262856,0.15279054326564148,0.068,0.048011843506716285,0.08798815649328373,0.02280350850198276,71.73864,50.65153466271555,92.82574533728446,24.057245399421774,0.132,0.09211989969922343,0.17188010030077658,0.045497252664309304,69.62868,48.59232589234337,90.66503410765664,23.999345807896518,0.1456,0.11467420597624049,0.17652579402375954,0.03528172331391991,30.721017600000003,24.195798764162838,37.24623643583717,7.444302492343847,0.1768,0.1526164273937865,0.20098357260621352,0.027589853207293437,18.652046399999996,16.100727857189685,21.203364942810307,2.9106743336630427
primary,uptake(mmol/g) CO2 at 0.015 bar,17,5000,enriched_interpretable,mlp,enriched_interpretable | mlp,5,0.1988208524341877,0.19501679717884088,0.20262490768953453,0.0043398602760820445,0.08727046367435556,0.08466103531090702,0.08987989203780411,0.002976968981166833,0.34109577904513916,0.31565583844784023,0.3665357196424381,0.029023181897508698,0.7256085056333557,0.6966915958357593,0.754525415430952,0.03298988571768117,0.44937428896473264,0.4353976717930105,0.4633509061364548,0.01594523780176614,8.989019479939582,8.709439434740048,9.268599525139116,0.31895917664215506,0.044,0.017997661643613664,0.07000233835638633,0.029664793948382652,46.41912,18.98717308077955,73.85106691922044,31.295764319664727,0.07200000000000001,0.04848000000000001,0.09552000000000001,0.02683281572999748,37.97928,25.572715200000005,50.3858448,14.154041969416369,0.1248,0.09703709986330677,0.1525629001366932,0.03167333263172665,26.332300800000002,20.47443992275828,32.190161677241726,6.682946491963797,0.18719999999999998,0.15710011720953052,0.21729988279046944,0.0343394816501356,19.7492256,16.57374816537105,22.924703034628948,3.622746635126007
primary,uptake(mmol/g) CO2 at 0.015 bar,17,5000,geometry_only,mlp,geometry_only | mlp,5,0.19888290358717176,0.19685093944939733,0.20091486772494618,0.0023181683366864164,0.08542301483639439,0.08241968526775478,0.088426344405034,0.0034263515685271796,0.3408640143611031,0.32734810192744224,0.35437992679476393,0.015419642336530766,0.7423139577616678,0.6962904137878855,0.78833750173545,0.05250600657695307,0.42138794084186576,0.41475075379075566,0.42802512789297587,0.007572041543705902,8.429197000935751,8.296430607398017,8.561963394473485,0.15146667401931838,0.02,-0.010364189434266147,0.05036418943426615,0.034641016151377546,21.0996,-10.934012569362093,53.13321256936209,36.54557921938028,0.032,0.004700358976719127,0.05929964102328088,0.031144823004794875,16.87968,2.479392356629573,31.279967643370426,16.42858268679925,0.064,0.043555781257284494,0.08444421874271552,0.023323807579381205,13.503744000000003,9.190095622162001,17.817392377838004,4.921230104019117,0.1308,0.1012150351698705,0.1603849648301295,0.03375203697556637,13.7991384,10.677983780351,16.920293019649,3.560772396848301
primary,uptake(mmol/g) CO2 at 0.015 bar,17,5000,geometry_only,hgb,geometry_only | hgb,5,0.20091667301148802,0.19892019491661783,0.2029131511063582,0.002277684048836232,0.08160578414934823,0.08093099266704751,0.08228057563164895,0.0007698365433991092,0.3273184391447499,0.3139372542570514,0.3406996240324484,0.015265938279789143,0.7645681052236413,0.7622192007952266,0.7669170096520559,0.0026797499870333226,0.45324232081911264,0.4415836564292045,0.4649009852090208,0.013300799031985057,9.066393318501088,8.833180240039479,9.299606396962698,0.26606137585824047,0.036,0.013142668572206424,0.05885733142779357,0.026076809620810593,37.979279999999996,13.865252490306329,62.09330750969366,27.51051261376276,0.061999999999999986,0.017563726528881822,0.10643627347111814,0.0506951674225463,32.70438,9.264690106719879,56.14406989328012,26.74119386371895,0.11839999999999999,0.07694426244776242,0.15985573755223756,0.04729482001234385,24.9819264,16.23493159942808,33.72892120057192,9.979017843324502,0.1908,0.16067460234287353,0.22092539765712646,0.03436859031150392,20.1290184,16.95084919796847,23.30718760203153,3.625817540683041
primary,uptake(mmol/g) CO2 at 0.015 bar,17,5000,enriched_interpretable,ridge,enriched_interpretable | ridge,5,0.20124390881100035,0.20062939756954715,0.20185842005245355,0.0007010657698097637,0.08956357737862485,0.08832918570237008,0.09079796905487961,0.00140825698926814,0.3251882697196137,0.32105858638739954,0.3293179530518278,0.00471135339611154,0.6751399865622207,0.6585417376116589,0.6917382355127826,0.01893612906169434,0.40333712552142587,0.3989549897873268,0.40771926125552493,0.00499936397350839,8.068119087648727,7.98046141687209,8.155776758425363,0.10000434214584525,0.044,0.03616,0.05184,0.008944271909999156,46.41912,38.1480768,54.6901632,9.436027979610913,0.08,0.06246922705640165,0.09753077294359835,0.020000000000000004,42.1992,32.951892579981305,51.44650742001869,10.549800000000001,0.10959999999999999,0.09705599999999999,0.12214399999999999,0.014310835055998656,23.1251616,20.478427775999997,25.771895424,3.019528953475492,0.1292,0.11616342130772035,0.14223657869227968,0.014872793954062567,13.6303416,12.255008621121881,15.005674578878118,1.5690500165656922
primary,uptake(mmol/g) CO2 at 0.015 bar,17,5000,geometry_only,ridge,geometry_only | ridge,5,0.21024324062374733,0.21005784904788383,0.21042863219961083,0.0002115041663707199,0.10120280595800465,0.09941383597310645,0.10299177594290286,0.0020409482122138653,0.2634921938005264,0.262193508962244,0.2647908786388088,0.0014816059080345286,0.6771966438994413,0.668891450344147,0.6855018374547357,0.00947498844690378,0.36374668183541903,0.36211149032992035,0.3653818733409177,0.0018655098788394036,7.2761750929603775,7.243465681992023,7.308884503928732,0.03731656450470229,0.02,0.02,0.02,0.0,21.0996,21.0996,21.0996,0.0,0.04,0.04,0.04,0.0,21.0996,21.0996,21.0996,0.0,0.0824,0.080479600041658,0.08432039995834201,0.002190890230020666,17.3860704,16.980873690389668,17.791267109610335,0.4622690749734415,0.11240000000000001,0.11093327030438463,0.1138667296956154,0.0016733200530681524,11.8579752,11.703238150571968,12.012712249428033,0.17653191895858358
primary,uptake(mmol/g) CO2 at 0.015 bar,17,5000,topology_only,ridge,topology_only | ridge,5,0.2241086305619379,0.22271381103608326,0.22550345008779252,0.001591281263344388,0.10130523427669494,0.10043298544861357,0.10217748310477631,0.000995105955553306,0.16311150300993105,0.15266405993304474,0.17355894608681735,0.011918975974988446,0.6122443809672452,0.6051775585332884,0.619311203401202,0.008062191503697951,0.18096321577550248,0.17600276610111665,0.1859236654498883,0.005659134015761949,3.619881937406894,3.520656014056807,3.7191078607569805,0.11320199476580464,0.044,0.02114266857220642,0.06685733142779357,0.026076809620810597,46.41912,22.305092490306333,70.53314750969366,27.51051261376276,0.05600000000000001,0.026534739098389114,0.0854652609016109,0.03361547262794322,29.539440000000003,13.996809527009269,45.082070472990736,17.73182565651377,0.0696,0.05681334695864473,0.08238665304135527,0.014587666023048375,14.6853216,11.987388954886203,17.383254245113797,3.077939180199115,0.0884,0.07681111152870994,0.09998888847129007,0.013221195104830724,9.326023200000002,8.103418644055841,10.548627755944162,1.394809641169432
primary,uptake(mmol/g) CO2 at 0.015 bar,17,5000,topology_only,rf,topology_only | rf,5,0.2241455781145995,0.22246095155302714,0.22583020467617188,0.0019219079124375297,0.10091711368611415,0.10003310976742172,0.10180111760480659,0.0010085167625369833,0.162820061764921,0.15017569439546663,0.17546442913437538,0.014425339270704166,0.6144370254248971,0.6072681079840793,0.6216059428657149,0.00817866669528183,0.18043230944254834,0.17266381628951394,0.18820080259558275,0.008862693251493168,3.609261998780805,3.453865622091608,3.7646583754700016,0.17728411312969775,0.04,0.01852927574579749,0.06147072425420251,0.02449489742783178,42.1992,19.54801532630144,64.85038467369856,25.84162688841397,0.054000000000000006,0.031999054565769236,0.07600094543423078,0.025099800796022264,28.484460000000002,16.879181292897613,40.08973870710239,13.239893921893785,0.0728,0.05890748460501123,0.08669251539498878,0.01584929020492716,15.360508800000002,12.42924362171895,18.291773978281054,3.3441368360788113,0.0932,0.0795868158023187,0.10681318419768131,0.01553061492665374,9.8324136,8.39624989351302,11.268577306486982,1.6384488135321165
primary,uptake(mmol/g) CO2 at 0.015 bar,17,5000,topology_only,hgb,topology_only | hgb,5,0.22501861399114031,0.22455034109931388,0.22548688688296675,0.0005342296010940305,0.10251046419158891,0.10155480141478739,0.10346612696839043,0.0010902688431093978,0.15633162934415687,0.15281714304863764,0.1598461156396761,0.004009505236108366,0.5956821370799561,0.5906439259985239,0.6007203481613883,0.00574784819544645,0.1734546833522943,0.16292594470256946,0.18398342200201914,0.01201172211128271,3.4696856625522075,3.259074955296107,3.6802963698083078,0.24027543786425923,0.0,0.0,0.0,0.0,0.0,0.0,0.0,0.0,0.004,-0.0008009998958550283,0.00880099989585503,0.005477225575051661,2.10996,-0.4225194350645687,4.642439435064569,2.8891817185840005,0.0392,0.030124543868212464,0.048275456131787534,0.010353743284435826,8.271043200000001,6.356158258017358,10.185928141982645,2.184598418042822,0.0632,0.04964337269082019,0.07675662730917983,0.015466091943344966,6.667473600000001,5.237276532136148,8.097670667863854,1.6316417678390074
primary,uptake(mmol/g) CO2 at 0.015 bar,17,5000,topology_only,mlp,topology_only | mlp,5,0.22522236513800573,0.22342652467109025,0.2270182056049212,0.002048786408555074,0.101013917523283,0.09770653441764517,0.10432130062892082,0.0037732313529798786,0.15475093739705417,0.14123191143193295,0.1682699633621754,0.015423194412038644,0.5933778931176772,0.5578875923598885,0.6288681938754659,0.040489145426697806,0.18088737201365188,0.17194649322653216,0.1898282508007716,0.010200210584992616,3.6183648033174527,3.4395167126303927,3.7972128940045127,0.20403902470526178,0.036,0.0071940006248698216,0.06480599937513018,0.03286335345030997,37.97928,7.589526779225174,68.36903322077484,34.67018062300801,0.036,0.010747166495618753,0.06125283350438124,0.028809720581775868,18.989639999999998,5.669022854773937,32.31025714522606,15.19683950968095,0.0504,0.025533477605422992,0.07526652239457701,0.02836899716239543,10.634198399999999,5.387461640833828,15.880935159166171,5.985744925276786,0.0744,0.04521244758462951,0.10358755241537049,0.033298648621227854,7.849051200000001,4.769822795283245,10.928279604716757,3.512940832242297
primary,uptake(mmol/g) CO2 at 0.015 bar,17,10000,geometry_plus_topology,rf,geometry_plus_topology | rf,5,0.17904625673161495,0.17815312597056626,0.17993938749266364,0.0010189291298474464,0.06943890045169801,0.06901676894479163,0.0698610319586044,0.0004815891555546487,0.46583594256290156,0.4604968979723148,0.4711749871534883,0.006091054407884981,0.8226195099850943,0.8197303274705956,0.8255086924995929,0.00329612678664431,0.5569965870307166,0.5529843118135029,0.5610088622479303,0.0045774082296568645,11.141832752856761,11.061573554740416,11.222091950973105,0.09156378714682196,0.10800000000000001,0.06764112984733096,0.14835887015266908,0.04604345773288536,113.93784000000001,71.36003916633723,156.5156408336628,48.57492703903938,0.196,0.162853392330436,0.22914660766956402,0.03781534080237807,103.38804,85.90353592038169,120.87254407961832,19.947214119846407,0.23359999999999997,0.20788288787596862,0.2593171121240313,0.029339393313427598,49.28866560000001,43.86245781027789,54.71487338972213,6.190494631559971,0.29280000000000006,0.2766089288803984,0.3089910711196017,0.018471599822430098,30.8898144,29.18168877902426,32.597940020975734,1.94871683806673
primary,uptake(mmol/g) CO2 at 0.015 bar,17,10000,geometry_plus_topology,hgb,geometry_plus_topology | hgb,5,0.18377804419066018,0.18269593583352775,0.18486015254779262,0.001234524411004452,0.07136055965766147,0.0709807682299539,0.07174035108536904,0.0004332854334825636,0.4372236390535222,0.43059892173888203,0.44384835636816233,0.007557815432273086,0.8041500938311298,0.801965935347047,0.8063342523152126,0.002491799410225521,0.5450891164201745,0.5431423762098394,0.5470358566305097,0.0022209405330824977,10.903642700814478,10.864701252443234,10.942584149185722,0.044426390663469484,0.1,0.06281161471641987,0.13718838528358013,0.042426406871192854,105.49800000000002,66.26499729352864,144.7310027064714,44.759010720971034,0.158,0.1211228200644355,0.1948771799355645,0.042071367935925266,83.34342,63.89107635578908,102.79576364421091,22.19222587252122,0.2192,0.2000922616722962,0.2383077383277038,0.021799082549501945,46.25032320000001,42.218666843807824,50.2819795561922,4.599519221614711,0.26880000000000004,0.2548522896502688,0.2827477103497313,0.01591225942473287,28.357862400000005,26.886406853524058,29.829317946475953,1.678711544790469
primary,uptake(mmol/g) CO2 at 0.015 bar,17,10000,enriched_interpretable,rf,enriched_interpretable | rf,5,0.18483565716862121,0.1837571478994883,0.18591416643775413,0.0012304183878289853,0.07467072378185904,0.07399831416577408,0.075343133397944,0.0007671191889237207,0.4307279961167693,0.42407705866234296,0.43737893357119567,0.00758772870520242,0.7986980325787795,0.796523945323183,0.8008721198343759,0.0024803096390456337,0.5219567690557452,0.514032672342977,0.5298808657685133,0.009040213729608301,10.440916803534888,10.282407824580845,10.59942578248893,0.18083512856393966,0.11199999999999999,0.09201184350671626,0.13198815649328371,0.02280350850198276,118.15776000000001,97.07065466271555,139.24486533728447,24.057245399421777,0.188,0.16070035897671914,0.21529964102328086,0.031144823004794868,99.16812,84.76783235662958,113.56840764337042,16.428582686799245,0.23199999999999998,0.19873769701298477,0.2652623029870152,0.03794733192202056,48.951072,41.93285911895175,55.96928488104826,8.00673524621865,0.2692,0.24884617618234844,0.28955382381765155,0.02322068043791999,28.400061600000004,26.2527738948854,30.547349305114608,2.4497353448396835
primary,uptake(mmol/g) CO2 at 0.015 bar,17,10000,geometry_plus_topology,mlp,geometry_plus_topology | mlp,5,0.1880320026870909,0.18601548421644998,0.1900485211577318,0.002300547131753558,0.0794750930189688,0.0782066815150742,0.08074350452286339,0.0014470685439546096,0.41081936094256505,0.398147300088524,0.4234914217966061,0.014456933410535649,0.7679136255075407,0.7468545699853221,0.7889726810297594,0.02402524473960369,0.520515737580584,0.5138902137264755,0.5271412614346925,0.007558735573639314,10.412091255835504,10.279558166043934,10.544624345627074,0.15120050920511927,0.08399999999999999,0.05519400062486982,0.11280599937513017,0.03286335345030996,88.61832000000001,58.22856677922518,119.00807322077483,34.67018062300801,0.132,0.06836788232346813,0.19563211767653188,0.07259476565152614,69.62868,36.063374246806205,103.1939857531938,38.29301293352353,0.17360000000000003,0.13047287331620622,0.21672712668379385,0.04920162598939185,36.6289056,27.529254378226245,45.728556821773765,10.381346277257725,0.2484,0.21128606601288408,0.28551393398711594,0.04234146903450564,26.2057032,22.29025739222724,30.121149007772757,4.466940300202277
primary,uptake(mmol/g) CO2 at 0.015 bar,17,10000,enriched_interpretable,hgb,enriched_interpretable | hgb,5,0.18953843110502883,0.1878288808393801,0.19124798137067756,0.0019503421453792894,0.07617267027136812,0.07557179438515313,0.07677354615758311,0.0006855098610291608,0.40136201890106704,0.39055082451644024,0.41217321328569384,0.01233396202142325,0.7803425891718498,0.7778323342626003,0.7828528440810993,0.0028638268458849475,0.513310580204778,0.5088845404831731,0.517736619926383,0.005049451881950442,10.267963517338583,10.179427616968868,10.356499417708298,0.10100627126317949,0.08399999999999999,0.04599418991785598,0.122005810082144,0.0433589667773576,88.61832000000001,48.52295047953971,128.71368952046032,45.742842770776726,0.14200000000000002,0.12632000000000002,0.15768000000000001,0.01788854381999832,74.90358,66.63253680000001,83.1746232,9.436027979610909,0.2088,0.17531668260162983,0.2422833173983702,0.038199476436202626,44.055964800000005,36.99111876221349,51.12081083778652,8.059936730133012,0.242,0.22697049302205824,0.25702950697794175,0.01714642819948225,25.530516000000002,23.944933072841103,27.1160989271589,1.8089138821889792
primary,uptake(mmol/g) CO2 at 0.015 bar,17,10000,geometry_only,rf,geometry_only | rf,5,0.19081587005780237,0.1900717070495999,0.19156003306600486,0.0008489791187150627,0.07711988478855933,0.07658898491221859,0.07765078466490007,0.0006056776595633289,0.39330728505458196,0.3885779741843364,0.3980365959248275,0.005395439077855954,0.7934978516020645,0.7923073100719694,0.7946883931321597,0.001358230505780319,0.4837315130830489,0.4761676795458206,0.4912953466202772,0.008629207122313855,9.676281222456485,9.524978736580392,9.827583708332577,0.17261359366512494,0.055999999999999994,-0.0013446562462449546,0.11334465624624494,0.06542170893518451,59.078880000000005,-1.4185854466634922,119.57634544666351,69.01859449244095,0.124,0.07737012116678835,0.17062987883321165,0.053197744313081545,65.40876,40.811965214269186,90.00555478573082,28.061278147707387,0.188,0.16895670616726194,0.20704329383273806,0.02172556098240043,39.66724800000001,35.6491891744676,43.685306825532415,4.584006465042563,0.23679999999999998,0.2213868710509514,0.25221312894904857,0.017584083712266614,24.9819264,23.35587212213327,26.607980677866728,1.8550856634767032
primary,uptake(mmol/g) CO2 at 0.015 bar,17,10000,geometry_only,hgb,geometry_only | hgb,5,0.19512043574131693,0.19368987843413735,0.19655099304849652,0.0016320527472258228,0.07879108726065434,0.07821484181256248,0.0793673327087462,0.000657410200846031,0.3656006349927575,0.35631154154225864,0.3748897284432564,0.010597471635032461,0.7762237542662215,0.7733161535614375,0.7791313549710055,0.0033171391976139246,0.47372013651877126,0.4647965754434022,0.48264369759414033,0.010180453656069557,9.476019522650233,9.297517845303005,9.654521199997461,0.2036438186970091,0.08,0.037058551491594975,0.12294144850840502,0.048989794855663564,84.39840000000001,39.096030652602884,129.70076934739714,51.68325377682795,0.11200000000000002,0.06713354928234239,0.15686645071765765,0.05118593556827891,59.078880000000005,35.41227591094278,82.74548408905723,27.000069152911443,0.1608,0.13348347782019093,0.18811652217980906,0.03116408188925193,33.928156800000004,28.16447988614901,39.691833713851,6.575496622304602,0.20600000000000002,0.18732334933667175,0.2246766506633283,0.02130727575266252,21.732588000000003,19.762238708320197,23.70293729167981,2.24787497735439
primary,uptake(mmol/g) CO2 at 0.015 bar,17,10000,enriched_interpretable,mlp,enriched_interpretable | mlp,5,0.19603513366024267,0.1948097578151428,0.19726050950534255,0.001397971269198772,0.0833300477963293,0.08209729283542214,0.08456280275723646,0.0014063897409125007,0.3596485265737649,0.3516446885871312,0.36765236456039857,0.009131186642350986,0.7348183063523555,0.7169559049874913,0.7526807077172196,0.0203783386189905,0.4586272279105043,0.4456602213886373,0.4715942344323713,0.014793422473253923,9.174109838851418,8.914725452419123,9.433494225283713,0.2959189389615743,0.05600000000000001,0.024640000000000016,0.08736,0.03577708763999663,59.07887999999999,25.994707199999993,92.16305279999999,37.74411191844365,0.11400000000000002,0.07701879396233813,0.1509812060376619,0.042190046219457975,60.133860000000006,40.626643627193744,79.64107637280627,22.254827480301884,0.1512,0.12749777259412104,0.17490222740587896,0.027040710049848905,31.9025952,26.901520026269164,36.90367037373084,5.70548165767792,0.2112,0.1929562003957509,0.2294437996042491,0.020813457185196317,22.281177600000003,20.35649322935093,24.205861970649075,2.1957781061238406
primary,uptake(mmol/g) CO2 at 0.015 bar,17,10000,geometry_plus_topology,ridge,geometry_plus_topology | ridge,5,0.19625168796768167,0.1956113282481818,0.19689204768718152,0.0007305550320685429,0.08685537381350622,0.08628579271938162,0.08742495490763082,0.0006498071658986203,0.35825198392027147,0.35405724843267344,0.3624467194078695,0.00478556821321424,0.689877722728656,0.6825686017126235,0.6971868437446885,0.008338618085520987,0.4514979142965491,0.44173417875695137,0.46126164983614687,0.011138967541260807,9.031499234443938,8.836191200322496,9.22680726856538,0.22281736777928182,0.11600000000000002,0.09314266857220645,0.1388573314277936,0.026076809620810593,122.37767999999998,98.26365249030633,146.49170750969364,27.510512613762756,0.166,0.13061127863287514,0.20138872136712488,0.0403732584763727,87.56334000000001,68.89614336605531,106.23053663394471,21.29649011370184,0.15760000000000002,0.14067576601438048,0.17452423398561956,0.019308029417835472,33.2529696,29.682023925970217,36.82391527402979,4.073916975045614,0.1908,0.1881413266466149,0.1934586733533851,0.003033150177620623,20.1290184,19.84853367856458,20.40950312143542,0.31999127743862016
primary,uptake(mmol/g) CO2 at 0.015 bar,17,10000,geometry_only,mlp,geometry_only | mlp,5,0.19702925425414358,0.1959727705380119,0.19808573797027526,0.0012052905134653093,0.08168877809839845,0.08024531219005601,0.08313224400674088,0.0016467795378863111,0.35314439279400256,0.3462105131651346,0.3600782724228705,0.007910523570382522,0.7618116820309426,0.7542509366684687,0.7693724273934166,0.00862568397502968,0.4305650360257869,0.41862035614985327,0.4425097159017205,0.013627100087786403,8.612770225758146,8.373835861413959,8.851704590102333,0.2725885106297482,0.02,-0.0014707242542025094,0.04147072425420251,0.02449489742783178,21.0996,-1.5515846736985637,43.75078467369856,25.841626888413973,0.05,0.0276525616680569,0.0723474383319431,0.025495097567963924,26.3745,14.586449754283334,38.162550245716666,13.44840901612529,0.07600000000000001,0.05555578125728451,0.09644421874271551,0.0233238075793812,16.035696,11.722047622162,20.349344377838,4.921230104019117,0.13640000000000002,0.11791355263983912,0.15488644736016094,0.02109028212234251,14.389927200000002,12.439643976397749,16.340210423602258,2.22498258334289
primary,uptake(mmol/g) CO2 at 0.015 bar,17,10000,enriched_interpretable,ridge,enriched_interpretable | ridge,5,0.20050195139595867,0.20025465500224132,0.200749247789676,0.00028212834027679836,0.08825335906079705,0.08773644368934871,0.08877027443224539,0.0005897234230474705,0.3301604073769281,0.32850793279312374,0.33181288196073244,0.0018852272961618112,0.682295268329001,0.6741686433591871,0.6904218932988149,0.009271268295995371,0.4017444065225635,0.3968954671818903,0.4065933458632367,0.00553191733903996,8.036259271770458,7.939263935675967,8.133254607864949,0.11065722704475472,0.04,0.04,0.04,0.0,42.1992,42.1992,42.1992,0.0,0.072,0.05759700031243491,0.08640299968756508,0.016431676725154987,37.97928,30.381841694806294,45.57671830519371,8.667545155752004,0.1096,0.09480751758493525,0.12439248241506476,0.016876018487783192,23.125161600000002,20.004006980351,26.246316219649003,3.5607723968483014,0.1316,0.12352822596946618,0.1396717740305338,0.009208691546577078,13.883536800000002,13.031980783326745,14.735092816673259,0.9714985407807889
primary,uptake(mmol/g) CO2 at 0.015 bar,17,10000,geometry_only,ridge,geometry_only | ridge,5,0.21000930175186436,0.20995505115095583,0.21006355235277288,6.189185278146222e-05,0.10027865567917907,0.09945123784042645,0.10110607351793169,0.0009439604761463327,0.2651308588326864,0.2647511307777038,0.265510586887669,0.0004332131346453642,0.6830408413049958,0.6786630724963651,0.6874186101136264,0.004994381962181844,0.36420174440652253,0.36211793874046283,0.36628555007258223,0.00237731179653507,7.285277897497027,7.243594672211102,7.326961122782952,0.04755434962283971,0.02,0.02,0.02,0.0,21.0996,21.0996,21.0996,0.0,0.04,0.04,0.04,0.0,21.0996,21.0996,21.0996,0.0,0.084,0.084,0.084,0.0,17.723664000000003,17.723664000000003,17.723664000000003,0.0,0.11200000000000002,0.11076038715721401,0.11323961284278602,0.0014142135623730963,11.815776000000001,11.684999324311764,11.946552675688238,0.1491967024032366
primary,uptake(mmol/g) CO2 at 0.015 bar,17,10000,topology_only,ridge,topology_only | ridge,5,0.22267995551785486,0.22212822272208116,0.22323168831362855,0.000629444916717339,0.10041699144333509,0.09959538737204611,0.10123859551462407,0.0009373278336697643,0.17377573308349037,0.16967690227537002,0.17787456389161072,0.004676155262871172,0.6184629368411059,0.6162105814777997,0.620715292204412,0.002569601888693252,0.18892681076981419,0.184921425949609,0.19293219559001937,0.0045695473132778405,3.7791810167982285,3.6990596501387656,3.8593023834576914,0.09140654199017544,0.064,0.049332703043846154,0.07866729695615385,0.01673320053068151,67.51872,52.045015057196814,82.99242494280318,17.653191895858377,0.09000000000000001,0.07926463787289875,0.10073536212710127,0.01224744871391589,47.47410000000001,41.811303831575366,53.13689616842465,6.460406722103492,0.08720000000000001,0.07422249083991848,0.10017750916008154,0.014805404418657396,18.3988512,15.660648677259438,21.13705372274056,3.123881110719036,0.1052,0.098928,0.111472,0.007155417527999327,11.0983896,10.436706144,11.760073056000001,0.7548822383688728
primary,uptake(mmol/g) CO2 at 0.015 bar,17,10000,topology_only,rf,topology_only | rf,5,0.22285603712023772,0.22205381452096692,0.2236582597195085,0.0009152164617632858,0.10037894885243723,0.09951194916397832,0.10124594854089614,0.000989117469319009,0.17246268620523358,0.16649085245131393,0.17843451995915324,0.006812972563312301,0.6189368695938418,0.6166933367978895,0.621180402389794,0.0025595366538262564,0.18900265453166476,0.1848337178341653,0.19317159122916422,0.004756135637501144,3.7806981508876696,3.6973051884847883,3.864091113290551,0.09513894529486085,0.05600000000000001,0.04816000000000001,0.06384000000000001,0.008944271909999158,59.078880000000005,50.807836800000004,67.3499232,9.436027979610914,0.08600000000000001,0.07816000000000001,0.09384,0.008944271909999154,45.364140000000006,41.22861840000001,49.4996616,4.718013989805455,0.09120000000000002,0.07687187716412232,0.10552812283587772,0.01634625339336204,19.242835200000002,16.21965859412115,22.266011805878854,3.448994080985817,0.1092,0.10462853371444128,0.11377146628555873,0.0052153619241621235,11.520381600000002,11.038101049806128,12.002662150193876,0.5502102522752554
primary,uptake(mmol/g) CO2 at 0.015 bar,17,10000,topology_only,mlp,topology_only | mlp,5,0.22300231739802373,0.22280505732339614,0.22319957747265132,0.00022504435516018428,0.10163324305020369,0.09887432842692113,0.10439215767348624,0.003147510531519394,0.17138646156775478,0.16992075499067022,0.17285216814483934,0.0016721528272600008,0.6141581257175119,0.6063396368135918,0.6219766146214321,0.008919730954333247,0.18050815320439892,0.17099837733816867,0.19001792907062917,0.010849237391672333,3.6107791328702463,3.420551158972719,3.8010071067677735,0.21702177594741134,0.052000000000000005,0.022665406087692304,0.08133459391230771,0.033466401061363026,54.85896,23.91155011439363,85.80636988560637,35.306383791716755,0.05800000000000001,0.029327671876877535,0.08667232812312248,0.032710854467592254,30.594420000000003,15.470053638334129,45.71878636166588,17.25464862311024,0.0752,0.05886718934169627,0.09153281065830374,0.018633303518163384,15.8668992,12.420741482340546,19.313056917659456,3.9315525091184016,0.092,0.07743784631313073,0.10656215368686926,0.01661324772583615,9.705816000000002,8.169537910342669,11.242094089657336,1.7526644085802623
primary,uptake(mmol/g) CO2 at 0.015 bar,17,10000,topology_only,hgb,topology_only | hgb,5,0.22405579005175152,0.22389839898342423,0.22421318112007882,0.00017955975909752134,0.10132807694935819,0.10052987141602693,0.10212628248268946,0.000910633588033256,0.16353940860294094,0.16236375983016074,0.16471505737572115,0.0013412400885718138,0.6070414676404595,0.6014566086726322,0.6126263266082869,0.0063714919881689746,0.17284793325748957,0.1649489747365199,0.18074689177845923,0.009011534798132347,3.4575485898366773,3.299542460514482,3.615554719158873,0.18026145205410815,0.012,0.0023980002082899434,0.021601999791710055,0.010954451150103323,12.65976,2.5298422597417254,22.789677740258277,11.556726874336002,0.008,0.00408,0.01192,0.00447213595499958,4.21992,2.1521592000000007,6.2876807999999995,2.3590069949027277,0.043199999999999995,0.03799953232872273,0.04840046767127726,0.00593295878967653,9.1150272,8.017749323231183,10.212305076768818,1.2518305727865893,0.0708,0.06880118435067163,0.07279881564932837,0.002280350850198271,7.469258400000001,7.258387346627157,7.680129453372845,0.24057245399421726
primary,uptake(mmol/g) CO2 at 0.015 bar,17,20000,geometry_plus_topology,rf,geometry_plus_topology | rf,5,0.17291199681754696,0.17177261349335693,0.174051380141737,0.0012998666149584657,0.0665271763525985,0.06617306848892782,0.06688128421626918,0.0004039843135382061,0.5018010532842041,0.49525834107824546,0.5083437654901628,0.007464259821296506,0.8342261362696,0.8326086814588333,0.8358435910803667,0.0018452749527593912,0.5717861205915813,0.5688560947626031,0.5747161464205595,0.0033427229231762032,11.43767390029781,11.379063383630093,11.496284416965526,0.0668658670741833,0.184,0.13229164864357015,0.23570835135642984,0.058991524815010514,194.11632,139.56504348599364,248.66759651400636,62.23487884933979,0.244,0.2091582778841229,0.2788417221158771,0.039749213828703577,128.70756,110.32890000109599,147.08621999890403,20.96731280250285,0.29680000000000006,0.2790254906115528,0.31457450938844733,0.020278066969018512,62.62361280000001,58.87326241707519,66.37396318292483,4.278591018195032,0.3372,0.32980375879246765,0.34459624120753235,0.008438009243891582,35.57392560000001,34.79363694508776,36.35421425491226,0.8901930992120746
primary,uptake(mmol/g) CO2 at 0.015 bar,17,20000,geometry_plus_topology,hgb,geometry_plus_topology | hgb,5,0.17948246356385383,0.1773430737276134,0.18162185340009426,0.002440725053166211,0.0715865446675675,0.06956313076703938,0.07360995856809563,0.0023084137898973863,0.4631645249016761,0.45039269016224504,0.47593635964110714,0.014570760548347526,0.794345142408057,0.7857268985228419,0.802963386293272,0.0098321322316391,0.5525976488433826,0.5426940269931759,0.5625012706935892,0.011298556979854239,11.053838975669166,10.855732737907864,11.251945213430467,0.22600970122500247,0.14400000000000002,0.1179976616436137,0.17000233835638634,0.02966479394838265,151.91712,124.48517308077956,179.34906691922046,31.295764319664727,0.20800000000000002,0.17164741549765683,0.2443525845023432,0.04147288270665546,109.71792,90.54229520085902,128.893544799141,21.876530898933684,0.26,0.24811005130372715,0.27188994869627287,0.01356465996625055,54.85896,52.35022838488122,57.36769161511879,2.862088994239002,0.3096,0.3012475479049563,0.3179524520950437,0.009528903399657285,32.6621808,31.78101380887708,33.543347791122926,1.0052802508570444
primary,uptake(mmol/g) CO2 at 0.015 bar,17,20000,enriched_interpretable,rf,enriched_interpretable | rf,5,0.18031212259287527,0.17956774975904266,0.18105649542670788,0.0008492184984968839,0.07196491045198367,0.07151641477334705,0.07241340613062028,0.0005116667474726277,0.45826053212991696,0.4537870528334922,0.46273401142634174,0.005103573368746779,0.8115177737739948,0.8100855910448527,0.812949956503137,0.001633907111511695,0.5431171786120592,0.5414651809969303,0.5447691762271881,0.001884683145967279,10.864197214489007,10.83115162396931,10.897242805008704,0.03770009528503188,0.136,0.10227888495319291,0.1697211150468071,0.03847076812334269,143.47728,107.90217804791945,179.05238195208057,40.58589095476407,0.21800000000000003,0.1855562270997962,0.25044377290020386,0.0370135110466435,114.99281999999998,97.87905423287147,132.1065857671285,19.52425694199398,0.272,0.2520118435067163,0.29198815649328375,0.022803508501982758,57.390912,53.17349093254311,61.60833306745689,4.811449079884356,0.312,0.29541511049177593,0.32858488950822407,0.01892088792842452,32.915376,31.16570332666138,34.665048673338624,1.99611583467293
primary,uptake(mmol/g) CO2 at 0.015 bar,17,20000,enriched_interpretable,hgb,enriched_interpretable | hgb,5,0.1840542483079465,0.1828409320374437,0.1852675645784493,0.0013842130913524606,0.07602018428584974,0.0745828833181528,0.07745748525354668,0.0016397462591309043,0.43552558550386766,0.42805879377639017,0.44299237723134516,0.00851849687575142,0.7695735278511439,0.7640567331967564,0.7750903225055313,0.006293840747509081,0.5249146757679181,0.5168564619888051,0.532972889547031,0.009193221320062304,10.5000850330231,10.338893255004733,10.661276811041466,0.18389580258322574,0.14,0.09199000104144972,0.1880099989585503,0.05477225575051661,147.6972,97.04761129870863,198.3467887012914,57.78363437168001,0.198,0.1632687115125281,0.23273128848747193,0.03962322551231789,104.44302000000002,86.12261263574345,122.76342736425659,20.900855225492567,0.252,0.22758245876424082,0.2764175412357592,0.027856776554368235,53.170992,48.01898846941975,58.32299553058024,5.87766842586548,0.284,0.2708811707839457,0.29711882921605426,0.014966629547095756,29.961432000000002,28.577421755364707,31.345442244635297,1.5789494839595075
primary,uptake(mmol/g) CO2 at 0.015 bar,17,20000,geometry_plus_topology,mlp,geometry_plus_topology | mlp,5,0.18426162050451442,0.18252225602763428,0.18600098498139456,0.0019843557183430323,0.07493825251257134,0.07306121050791918,0.0768152945172235,0.0021414252648085234,0.4342260026938498,0.4235284163092848,0.44492358907841484,0.01220435221993041,0.7927730706351441,0.7805202721015878,0.8050258691687004,0.013978617569204974,0.524383769434964,0.5187261310309275,0.5300414078390006,0.006454522481397467,10.48946509439701,10.376293016970191,10.60263717182383,0.12911247871491624,0.11600000000000002,0.09314266857220643,0.1388573314277936,0.0260768096208106,122.37768000000001,98.26365249030634,146.4917075096937,27.510512613762767,0.192,0.16931135967053118,0.21468864032946883,0.025884358211089566,101.27808,89.31004911260848,113.24611088739152,13.653740112767634,0.2,0.17195076329024264,0.22804923670975738,0.032,42.199200000000005,36.28092325118804,48.11747674881197,6.751872,0.2852,0.2664166950724853,0.30398330492751474,0.02142895237756619,30.088029600000006,28.106428496757054,32.06963070324296,2.260711617928478
primary,uptake(mmol/g) CO2 at 0.015 bar,17,20000,geometry_only,rf,geometry_only | rf,5,0.18694869385730306,0.18588488888400287,0.18801249883060325,0.0012136429770926301,0.07479317799768592,0.07443971855204609,0.07514663744332575,0.00040324456517350053,0.4176388013793407,0.4110259746982632,0.42425162806041816,0.007544249990976332,0.8051131059431302,0.8034534840342614,0.806772727851999,0.001893381329172759,0.5033750474023512,0.4984190545569644,0.508331040247738,0.005654049437901789,10.069218951621774,9.970082180062688,10.168355723180861,0.11310028585509377,0.124,0.07379950597852647,0.17420049402147353,0.05727128425310542,130.81752,77.85700281722585,183.77803718277414,60.420059461341154,0.16,0.1344447265716056,0.1855552734283944,0.029154759474226504,84.39840000000001,70.91824881925626,97.87855118074376,15.378844075059739,0.2184,0.21203075389076542,0.2247692461092346,0.0072663608498339865,46.0815264,44.73764094793594,47.425411852064066,1.5331730738715723,0.24559999999999998,0.2391112454199592,0.25208875458004076,0.007402702209328706,25.910308800000003,25.22575816931486,26.594859430685144,0.7809702776797602
primary,uptake(mmol/g) CO2 at 0.015 bar,17,20000,geometry_only,hgb,geometry_only | hgb,5,0.1901282187195748,0.18929924159474662,0.190957195844403,0.000945739389238837,0.07833097272461678,0.07709796621538129,0.07956397923385228,0.0014066767200766872,0.3976697511576104,0.39241379522090913,0.40292570709431164,0.005996262633269168,0.7661106898200045,0.7593642055791417,0.7728571740608673,0.007696733352908318,0.4869169510807736,0.4831270086285014,0.4907068935330458,0.00432375967045559,9.740000854213017,9.664189070210398,9.815812638215636,0.08648995026805509,0.10800000000000001,0.0657803079120655,0.1502196920879345,0.048166378315169185,113.93784000000001,69.39690924107086,158.47877075892916,50.81456579493718,0.132,0.08756372652888184,0.17643627347111818,0.0506951674225463,69.62868,46.18899010671988,93.06836989328013,26.741193863718955,0.18,0.15970666316250579,0.2002933368374942,0.023151673805580447,37.97928,33.697467100636075,42.26109289936393,4.884910566282254,0.2184,0.2083752179076052,0.22842478209239483,0.011436782764396638,23.040763200000004,21.983168738816534,24.098357661183474,1.206557708078317
primary,uptake(mmol/g) CO2 at 0.015 bar,17,20000,geometry_only,mlp,geometry_only | mlp,5,0.19260625603773054,0.19205771119109646,0.19315480088436462,0.0006258079417249998,0.07864186876962875,0.07770928373287962,0.07957445380637788,0.0010639405800868282,0.3818734967253875,0.37835239806827253,0.3853945953825025,0.004017048955506272,0.7777339642565124,0.7686985185821781,0.7867694099308468,0.01030809731368266,0.4568069776260903,0.4488342279897592,0.4647797272624214,0.009095719466542352,9.137698620704828,8.978216417228595,9.297180824181062,0.1819454327419952,0.036,7.260655154620738e-05,0.07192739344845378,0.040987803063838396,37.979279999999996,0.07659845975022961,75.88196154024976,43.24131247628822,0.048,0.02214582432178508,0.07385417567821492,0.02949576240750525,25.31952,11.681700871498412,38.95733912850159,15.558719712334945,0.11120000000000001,0.10212454386821247,0.12027545613178754,0.010353743284435826,23.4627552,21.54787025801736,25.377640141982642,2.1845984180428224,0.19519999999999998,0.1873992984930841,0.20300070150691588,0.008899438184514795,20.5932096,19.770251192423387,21.416168007576616,0.9388729295899412
primary,uptake(mmol/g) CO2 at 0.015 bar,17,20000,enriched_interpretable,mlp,enriched_interpretable | mlp,5,0.1939479981197283,0.1920601501738796,0.195835846065577,0.002153753233725006,0.08227134080801526,0.07987354396993676,0.08466913764609377,0.0027355289419273465,0.3731749216428351,0.3609853414580755,0.38536450182759474,0.013906494852197424,0.7618634626111485,0.7557960007577457,0.7679309244645512,0.006922069977089482,0.46552901023890786,0.4592678798953721,0.4717901405824436,0.0071430168694553665,9.312169040990577,9.186925065074321,9.437413016906833,0.1428847162862725,0.084,0.033799505978526476,0.13420049402147355,0.05727128425310541,88.61832,35.65780281722585,141.57883718277415,60.42005946134115,0.146,0.10460732431939196,0.18739267568060802,0.04722287581247038,77.01353999999999,55.17931750523606,98.84776249476393,24.90959476232,0.1976,0.18122959939402827,0.21397040060597172,0.018676188047885997,41.692809600000004,38.23872055374239,45.14689864625762,3.9406009733517533,0.23359999999999997,0.22612111666089113,0.24107888333910882,0.00853229160308061,24.644332800000004,23.8553255654907,25.43334003450931,0.9001396995417983
primary,uptake(mmol/g) CO2 at 0.015 bar,17,20000,geometry_plus_topology,ridge,geometry_plus_topology | ridge,5,0.19545902273328136,0.19517004054199943,0.1957480049245633,0.00032968562448635675,0.0868537924726237,0.08653467129097578,0.08717291365427163,0.0003640697220534724,0.36343119366448606,0.3615488151368558,0.36531357219211635,0.002147513442432314,0.6887876606542148,0.6810868912534002,0.6964884300550295,0.008785430540444835,0.452256351915055,0.4506177853976983,0.45389491843241164,0.0018693602645227486,9.046670575338352,9.013893652614026,9.079447498062677,0.03739358535961689,0.128,0.10801184350671628,0.14798815649328373,0.022803508501982764,135.03744,113.95033466271555,156.12454533728445,24.05724539942177,0.176,0.16133270304384614,0.19066729695615384,0.016733200530681513,92.83824,85.1013875285984,100.5750924714016,8.826595947929196,0.1848,0.178528,0.191072,0.007155417527999334,38.992060800000004,37.668693888,40.31542771200001,1.5097644767377476,0.2016,0.18930344048117523,0.21389655951882477,0.014028542333400144,21.268396799999998,19.971134363883024,22.56565923611697,1.4799831590890482
primary,uptake(mmol/g) CO2 at 0.015 bar,17,20000,enriched_interpretable,ridge,enriched_interpretable | ridge,5,0.20033290467691414,0.20017033189300623,0.20049547746082205,0.0001854713245456363,0.08851304154136881,0.0882915375900031,0.08873454549273452,0.00025270300639720276,0.3312900389640393,0.33020434594221315,0.33237573198586545,0.0012386139793369498,0.6819910674023857,0.673992990933,0.6899891438717713,0.0091246136095856,0.4013651877133106,0.39994323064540654,0.40278714478121463,0.0016222411555712815,8.028673601323254,8.000229606869379,8.057117595777129,0.03245035977065978,0.04,0.04,0.04,0.0,42.1992,42.1992,42.1992,0.0,0.07,0.05481790528286693,0.08518209471713309,0.017320508075688777,36.9243,28.915896857659476,44.93270314234053,9.136394804845072,0.12079999999999999,0.11622853371444128,0.1253714662855587,0.0052153619241621174,25.488316800000003,24.523755699612256,26.45287790038775,1.1004205045505109,0.1332,0.1305413266466149,0.1358586733533851,0.003033150177620623,14.0523336,13.771848878564578,14.332818321435424,0.31999127743862094
primary,uptake(mmol/g) CO2 at 0.015 bar,17,20000,geometry_only,ridge,geometry_only | ridge,5,0.2099877762767139,0.20993754530108527,0.2100380072523425,5.730605922536429e-05,0.10046834199751856,0.10017204395399372,0.1007646400410434,0.0003380319218988417,0.2652815032148571,0.2649299425201029,0.26563306390961133,0.0004010783733099835,0.6827553364570108,0.6792201131004538,0.6862905598135678,0.004033163133115517,0.3638225255972697,0.36265675393261054,0.36498829726192883,0.0013299717798066198,7.277692227049819,7.2543728150137525,7.3010116390858855,0.02660397474896492,0.02,0.02,0.02,0.0,21.0996,21.0996,21.0996,0.0,0.04,0.04,0.04,0.0,21.0996,21.0996,21.0996,0.0,0.084,0.084,0.084,0.0,17.723664000000003,17.723664000000003,17.723664000000003,0.0,0.11240000000000001,0.11093327030438463,0.1138667296956154,0.0016733200530681524,11.8579752,11.703238150571968,12.012712249428033,0.17653191895858358
primary,uptake(mmol/g) CO2 at 0.015 bar,17,20000,topology_only,ridge,topology_only | ridge,5,0.2220472248727315,0.221796298925592,0.22229815081987103,0.0002862691199604562,0.10028770218507303,0.10004863063995567,0.1005267737301904,0.0002727450134532296,0.1784685465673954,0.176611871103281,0.18032522203150977,0.0021181900764876208,0.6196110018206002,0.6182623864204512,0.6209596172207493,0.0015385692399165506,0.18596890405764127,0.18447125879059403,0.1874665493246885,0.0017085901139277644,3.7200127873100186,3.6900547705517805,3.7499708040682567,0.03417763364413174,0.084,0.06114266857220643,0.10685733142779358,0.026076809620810597,88.61832,64.50429249030633,112.73234750969367,27.510512613762764,0.096,0.09119900010414497,0.10080099989585503,0.0054772255750516665,50.63904,48.10656056493543,53.171519435064575,2.8891817185840023,0.0984,0.09647960004165798,0.10032039995834202,0.002190890230020666,20.7620064,20.35680969038967,21.16720310961033,0.46226907497343955,0.1072,0.09428183047022529,0.12011816952977472,0.01473770674155243,11.3093856,9.946544550947827,12.672226649052174,1.554798585820298
primary,uptake(mmol/g) CO2 at 0.015 bar,17,20000,topology_only,rf,topology_only | rf,5,0.22214379398323497,0.22191992076060826,0.22236766720586168,0.00025540599190576157,0.10040375169296598,0.10014223907617774,0.10066526430975421,0.00029834693271038094,0.17775404120314842,0.17609689608685142,0.17941118631944541,0.0018905556778683011,0.6169843078650384,0.612821901855003,0.6211467138750739,0.004748685096118903,0.1880925293894577,0.1850551140831447,0.1911299446957707,0.0034652383167419463,3.7624925418143738,3.7017338690829726,3.823251214545775,0.06931659308677326,0.068,0.048011843506716285,0.08798815649328373,0.02280350850198276,71.73864,50.65153466271555,92.82574533728446,24.057245399421774,0.098,0.09066635152192308,0.10533364847807693,0.008366600265340758,51.69402,47.82559376429921,55.5624462357008,4.413297973964594,0.1016,0.09476524645652822,0.10843475354347178,0.007797435475847171,21.4371936,19.99508794134163,22.87929925865837,1.64522769566185,0.11080000000000001,0.09880710610402978,0.12279289389597024,0.013682105101189659,11.689178400000001,10.423952079762934,12.954404720237068,1.4434347239653063
primary,uptake(mmol/g) CO2 at 0.015 bar,17,20000,topology_only,mlp,topology_only | mlp,5,0.22266314786406044,0.2223550119839299,0.22297128374419098,0.00035153712973398356,0.1017391250355767,0.09961102758469036,0.10386722248646303,0.0024278421239417734,0.17390408669132698,0.17161717935299298,0.17619099402966099,0.00260902054426426,0.6169036526298237,0.6132029054029619,0.6206043998566856,0.004222001207554534,0.18695487296169888,0.182080933064986,0.19182881285841177,0.005560439248621606,3.7397355304727546,3.6422400979313405,3.8372309630141688,0.11122776258078929,0.06000000000000001,0.047603871572139966,0.07239612842786006,0.01414213562373095,63.29880000000001,50.221132431176216,76.3764675688238,14.919670240323677,0.076,0.04588990866835506,0.10611009133164494,0.034351128074635334,40.089240000000004,24.206467923470612,55.972012076529396,18.119876548089394,0.08959999999999999,0.0728583413008149,0.10634165869918508,0.019099738218101316,18.905241600000004,15.372818581106744,22.437664618893262,4.029968365066506,0.1056,0.08796435609341127,0.12323564390658873,0.020119642143934864,11.140588800000002,9.280063639142705,13.001113960857298,2.1225820069008403
primary,uptake(mmol/g) CO2 at 0.015 bar,17,20000,topology_only,hgb,topology_only | hgb,5,0.22328826144090716,0.22281961096914588,0.22375691191266844,0.0005346603635436585,0.10086891769791369,0.10044259409897176,0.10129524129685562,0.000486371707982922,0.169256991165937,0.16577005723706642,0.1727439250948076,0.003978072090818891,0.6137755308734608,0.6112292594143313,0.6163218023325904,0.0029049163631536604,0.1807356844899507,0.1758696853827027,0.1856016835971987,0.005551379990948898,3.6153305351385705,3.517993945488125,3.712667124789016,0.11104654650836697,0.052000000000000005,0.042398000208289946,0.06160199979171006,0.01095445115010332,54.85896,44.729042259741725,64.98887774025829,11.556726874336006,0.033999999999999996,0.020706633233074468,0.047293366766925526,0.015165750888103104,17.93466,10.922541964114455,24.946778035885547,7.999781935965506,0.05600000000000001,0.03679600041657989,0.07520399958342013,0.021908902300206645,11.815776000000003,7.763808903896693,15.867743096103315,4.622690749734401,0.08120000000000001,0.059004352138313246,0.10339564786168677,0.025321927256826245,8.5664376,6.2248411418877705,10.90803405811223,2.6714126817406556
primary,uptake(mmol/g) CO2 at 0.015 bar,17,40000,geometry_plus_topology,rf,geometry_plus_topology | rf,5,0.16536783788762846,0.16465033599029863,0.1660853397849583,0.0008185627634768357,0.06363624421585751,0.06344764484701614,0.06382484358469888,0.00021516378022595694,0.5443372489517099,0.540380230045282,0.5482942678581377,0.004514369011747171,0.842661603721508,0.8416253912363567,0.8436978162066593,0.0011821640591491754,0.5904436860068261,0.5895962291114168,0.5912911429022353,0.0009668220541510475,11.810888886300367,11.793936856047829,11.827840916552905,0.01933974081699426,0.256,0.22227888495319292,0.2897211150468071,0.03847076812334269,270.07488,234.49977804791945,305.64998195208057,40.58589095476407,0.29000000000000004,0.26944334657586505,0.310556653424135,0.023452078799117145,152.9721,142.12867088530305,163.81552911469697,12.37073704574631,0.34479999999999994,0.33388014359068763,0.35571985640931225,0.012457929201917932,72.7514208,70.44737477706074,75.05546682293927,2.628573229887873,0.3944000000000001,0.3859560615824132,0.402843938417587,0.009633275663033845,41.608411200000006,40.717592584821425,42.49922981517859,1.0162913158987448
primary,uptake(mmol/g) CO2 at 0.015 bar,17,40000,geometry_plus_topology,hgb,geometry_plus_topology | hgb,5,0.17222396046829086,0.1710291374515691,0.1734187834850126,0.0013631150441179574,0.06845111469837964,0.06712400349555925,0.06977822590120003,0.0015140361546979169,0.5057555207867355,0.49887673671999105,0.5126343048534799,0.007847667742746433,0.8067478950523341,0.7975155455157474,0.8159802445889208,0.010532735283595154,0.5700417140690178,0.5623124325758492,0.5777709955621865,0.008817958589773562,11.402779816240662,11.248167806576971,11.557391825904352,0.17638926721727924,0.21200000000000002,0.16303921569255658,0.26096078430744346,0.055856960175075764,223.65576000000001,172.00311177133335,275.3084082286667,58.92797584550143,0.274,0.2495196078462783,0.29848039215372174,0.027928480087537882,144.53226,131.61909794283335,157.44542205716667,14.731993961375352,0.3304,0.317856,0.342944,0.01431083505599865,69.7130784,67.066344576,72.359812224,3.0195289534754908,0.364,0.34831999999999996,0.37968,0.017888543819998333,38.401272,36.74706336,40.05548064,1.8872055959221854
primary,uptake(mmol/g) CO2 at 0.015 bar,17,40000,enriched_interpretable,rf,enriched_interpretable | rf,5,0.1739929501062783,0.17280222727070915,0.17518367294184745,0.001358437348313238,0.0691405560061317,0.0689787547540828,0.0693023572581806,0.0001845911216458772,0.4955508437992808,0.4886128343728648,0.5024888532256968,0.007915235054081917,0.821610471771886,0.8206627131578457,0.8225582303859262,0.0010812513710484948,0.5623814941221085,0.5607701256184372,0.5639928626257797,0.00183833138316889,11.24954927320709,11.217316403582458,11.281782142831723,0.036772901831920696,0.196,0.1767960004165799,0.21520399958342012,0.021908902300206645,206.77608,186.51624451948345,227.03591548051656,23.11345374867201,0.24,0.22760387157213996,0.25239612842786,0.014142135623730947,126.59760000000001,120.05876621558812,133.1364337844119,7.4598351201618405,0.296,0.2801252099226478,0.3118747900773522,0.018110770276274828,62.45481600000001,59.10529879283901,65.80433320716101,3.8213000852128824,0.3572,0.3499083785068066,0.3644916214931934,0.008318653737234175,37.683885599999996,36.91463411571108,38.45313708428891,0.8776013319707308
primary,uptake(mmol/g) CO2 at 0.015 bar,17,40000,geometry_plus_topology,mlp,geometry_plus_topology | mlp,5,0.1786219498969964,0.1768718949128306,0.1803720048811622,0.0019965519943658514,0.07216326469007246,0.07112391122791957,0.07320261815222535,0.0011857474459304215,0.4683253228959929,0.457927114610355,0.47872353118163075,0.011862806413718278,0.7996620519263744,0.7901035334882007,0.8092205703645481,0.010904845404051748,0.5491846795601062,0.5415055933937498,0.5568637657264626,0.00876069320053629,10.985567941644309,10.831960009831972,11.139175873456646,0.17524376398751917,0.164,0.125994189917856,0.20200581008214402,0.0433589667773576,173.01672000000002,132.92135047953974,213.1120895204603,45.74284277077672,0.242,0.20409540397260512,0.27990459602739487,0.0432434966208793,127.65257999999999,107.65828464150947,147.64687535849052,22.81051203254762,0.26080000000000003,0.24201669507248527,0.2795833049275148,0.02142895237756621,55.027756800000006,51.0645545935141,58.99095900648591,4.521423235856962,0.31720000000000004,0.29977472915562003,0.33462527084438004,0.019879637823662682,33.4639656,31.6256343764596,35.3022968235404,2.097262031120765
primary,uptake(mmol/g) CO2 at 0.015 bar,17,40000,enriched_interpretable,hgb,enriched_interpretable | hgb,5,0.17926651761500653,0.17777375965128642,0.18075927557872665,0.0017030144289961018,0.07353548351454707,0.07285551612685479,0.07421545090223935,0.000775741480287199,0.4644961012694699,0.4555734042842865,0.4734187982546533,0.010179467857909408,0.7798167761350239,0.7733888423729655,0.7862447098970823,0.007333314717769695,0.5437997724687145,0.53895425228889,0.5486452926485389,0.005528016585935987,10.877851421293977,10.780924480085952,10.974778362502002,0.1105791986695254,0.17600000000000002,0.14464000000000002,0.20736000000000002,0.03577708763999664,185.67648,152.5923072,218.7606528,37.74411191844366,0.238,0.22839800020828993,0.24760199979171005,0.010954451150103319,125.54261999999999,120.47766112987084,130.60757887012912,5.778363437168005,0.27840000000000004,0.2689268919567019,0.2878731080432982,0.010807404868885023,58.7412864,56.74249849529627,60.74007430470373,2.2803191977152637,0.328,0.314534357794743,0.34146564220525705,0.015362291495737212,34.60334400000001,33.1827456786298,36.023942321370214,1.6206910282172837
primary,uptake(mmol/g) CO2 at 0.015 bar,17,40000,geometry_only,rf,geometry_only | rf,5,0.18130202520661295,0.18057782670491374,0.18202622370831217,0.0008262025913280356,0.07232452384423092,0.07220202938363648,0.07244701830482536,0.0001397479289573123,0.4522965906391094,0.44791408372127195,0.4566790975569468,0.00499978743885082,0.8139814126956647,0.8130941381312885,0.8148686872600409,0.0010122480819651427,0.5230944254835039,0.5190738973774524,0.5271149535895555,0.004586823546214206,10.463673814876508,10.383249530816547,10.544098098936468,0.0917521256121553,0.16,0.11705855149159498,0.202941448508405,0.04898979485566356,168.7968,123.49443065260287,214.0991693473971,51.68325377682794,0.22399999999999998,0.20289015395603271,0.24510984604396724,0.024083189157584593,118.15776000000001,107.02252731026772,129.2929926897323,12.703641448734297,0.2384,0.22468560114332387,0.25211439885667614,0.015646085772486357,50.30144640000001,47.40776309883677,53.19512970116325,3.3012615136515313,0.2832,0.2699297722702284,0.2964702277297716,0.015139352694220435,29.877033600000004,28.477051114964556,31.277016085035452,1.5971714305348674
primary,uptake(mmol/g) CO2 at 0.015 bar,17,40000,geometry_only,hgb,geometry_only | hgb,5,0.18645215196330212,0.1859257964051112,0.18697850752149303,0.0006004932696172137,0.07642099726943695,0.0756021383433849,0.077239856195489,0.0009341960319565516,0.4207429572388427,0.41747400031530363,0.42401191416238176,0.0037293928043632576,0.7757266455202639,0.7682989743830718,0.783154316657456,0.008473866110854397,0.4997345468335229,0.4938191352002882,0.5056499584667576,0.006748603330003035,9.996396515328595,9.878068093545698,10.114724937111491,0.134995099375931,0.13599999999999998,0.10463999999999998,0.16735999999999998,0.03577708763999663,143.47728,110.3931072,176.5614528,37.74411191844365,0.16599999999999998,0.12749210989939852,0.20450789010060144,0.043931765272977596,87.56334,67.25081305083373,107.87586694916627,23.173566863842954,0.2184,0.18787429778039497,0.24892570221960506,0.03482527817548628,46.08152640000001,39.64072533447222,52.522327465527795,7.347994393914902,0.2524,0.24135422180197338,0.2634457781980266,0.012601587201618702,26.627695200000005,25.462387691664592,27.79300270833542,1.32944224659637
primary,uptake(mmol/g) CO2 at 0.015 bar,17,40000,enriched_interpretable,mlp,enriched_interpretable | mlp,5,0.18932061407818965,0.1872613776412603,0.191379850515119,0.0023492819666931153,0.079302532984074,0.07710979133901485,0.08149527462913314,0.0025015915180851803,0.40271415352073114,0.38968980916868967,0.4157384978727726,0.01485883639465827,0.7725632461045474,0.7634737181554058,0.781652774053689,0.01036979713146176,0.48668941979522184,0.48033631856399517,0.4930425210264485,0.007247941949469627,9.735449451944692,9.608365744380803,9.862533159508581,0.14498357599263298,0.1,0.05705855149159498,0.14294144850840504,0.048989794855663564,105.498,60.19563065260289,150.80036934739712,51.68325377682794,0.172,0.13164112984733095,0.21235887015266902,0.046043457732885346,90.72828,69.4393795831686,112.0171804168314,24.287463519519694,0.2152,0.18180859415957454,0.24859140584042547,0.03809461904258921,45.406339200000005,38.36088613329359,52.45179226670642,8.037812239510153,0.2548,0.24353383543525128,0.26606616456474874,0.012853015210447703,26.880890400000006,25.692332570748142,28.06944822925187,1.355967398671812
primary,uptake(mmol/g) CO2 at 0.015 bar,17,40000,geometry_only,mlp,geometry_only | mlp,5,0.1917528630466751,0.19123812190125294,0.19226760419209726,0.0005872429550918628,0.07916931641820488,0.07824042098327089,0.08009821185313887,0.0010597312941334855,0.3873394854150204,0.3840500052428713,0.3906289655871695,0.003752806773246488,0.7878281415347812,0.7825830734347341,0.7930732096348283,0.0059838412338372345,0.46621160409556317,0.46073153965283475,0.4716916685382916,0.006251937048479685,9.325823247795547,9.216203255649367,9.435443239941728,0.12506007863870144,0.02,0.0024692270564016516,0.03753077294359835,0.02,21.0996,2.604985159962613,39.59421484003738,21.0996,0.05600000000000001,0.032317229891754645,0.07968277010824537,0.027018512172212593,29.539440000000003,17.047015595601657,42.03186440439835,14.251994985720422,0.11200000000000002,0.09864896108911372,0.1253510389108863,0.015231546211727816,23.631552,20.814536193958634,26.448567806041364,3.213795324489722,0.1876,0.17981902216941853,0.19538097783058145,0.008876936408468867,19.7914248,18.97054720082932,20.612302399170684,0.9364990372206484
primary,uptake(mmol/g) CO2 at 0.015 bar,17,40000,geometry_plus_topology,ridge,geometry_plus_topology | ridge,5,0.19497729043559248,0.19480953879670723,0.19514504207447772,0.00019137962647163578,0.08635176249365195,0.08571588518674084,0.08698763980056307,0.0007254412671442625,0.36656608136823543,0.365475412190991,0.36765675054547986,0.0012442910312664775,0.6929933288335077,0.6875364762229828,0.6984501814440327,0.006225455806291349,0.4576412590064468,0.45474918848249124,0.4605333295304024,0.003299421575146954,9.154387095688683,9.096535814661708,9.212238376715659,0.06599969232742803,0.128,0.10801184350671628,0.14798815649328373,0.02280350850198276,135.03744,113.95033466271555,156.12454533728445,24.05724539942177,0.17,0.1485292757457975,0.19147072425420253,0.024494897427831782,89.6733,78.34770766315071,100.99889233684928,12.920813444206988,0.1768,0.1667599011957053,0.18684009880429472,0.01145425685062108,37.30409280000001,35.18567211268904,39.42251348731097,2.416802378453645,0.1968,0.1887092111633043,0.2048907888366957,0.009230384607371458,20.762006400000004,19.90844435930628,21.61556844069373,0.9737871153084752
primary,uptake(mmol/g) CO2 at 0.015 bar,17,40000,enriched_interpretable,ridge,enriched_interpretable | ridge,5,0.20012029414578855,0.1999905777636408,0.2002500105279363,0.00014798706544783333,0.08816750852836061,0.08780997388240976,0.08852504317431147,0.0004078937615599192,0.33270883661912354,0.33184339366800175,0.3335742795702453,0.0009873414639573102,0.6857407527471315,0.6821658378131046,0.6893156676811585,0.004078445309318085,0.40121350018960944,0.3987371763937841,0.4036898239854348,0.0028251165009009005,8.02563933314437,7.976104405610814,8.075174260677928,0.056511972053856746,0.04,0.04,0.04,0.0,42.1992,42.1992,42.1992,0.0,0.064,0.05919900010414497,0.06880099989585503,0.005477225575051666,33.75936,31.22688056493543,36.291839435064574,2.8891817185840023,0.1112,0.10401452131030924,0.11838547868969075,0.008197560612767678,23.4627552,21.946647938390008,24.978862461609992,1.729652499051529,0.14,0.13287896636716273,0.1471210336328373,0.008124038404635953,14.769720000000001,14.018465193802932,15.52097480619707,0.857069803612284
primary,uptake(mmol/g) CO2 at 0.015 bar,17,40000,geometry_only,ridge,geometry_only | ridge,5,0.20994697784801483,0.20992852524208924,0.20996543045394042,2.1051674087567238e-05,0.10010352927803479,0.09965737732095845,0.10054968123511113,0.0005089929103659517,0.2655670095699906,0.26543790104359233,0.2656961180963888,0.00014729359260269107,0.6850538508720166,0.683399233184243,0.6867084685597903,0.0018876722584873936,0.3644292756920743,0.36390370523658483,0.36495484614756374,0.0005995975844081135,7.2898292997653495,7.2793160968997395,7.30034250263096,0.011993998096300376,0.02,0.02,0.02,0.0,21.0996,21.0996,21.0996,0.0,0.04,0.04,0.04,0.0,21.0996,21.0996,21.0996,0.0,0.084,0.084,0.084,0.0,17.723664000000003,17.723664000000003,17.723664000000003,0.0,0.11280000000000001,0.11183980002082901,0.11376019997917101,0.001095445115010333,11.900174400000001,11.798875222597418,12.001473577402583,0.11556726874335989
primary,uptake(mmol/g) CO2 at 0.015 bar,17,40000,topology_only,ridge,topology_only | ridge,5,0.22172922032117856,0.22166308586770317,0.22179535477465395,7.544955797232037e-05,0.09984404902750063,0.09942324683329425,0.10026485122170702,0.00048007260781967025,0.1808209846523157,0.18033227942456032,0.18130968988007107,0.000557539852153338,0.6214345468232667,0.6207546712633156,0.6221144223832178,0.0007756367185159822,0.19180887372013652,0.18898445202882064,0.1946332954114524,0.0032222443361771703,3.836832112196997,3.7803340387062034,3.89333018568779,0.06445588414448593,0.064,0.05616,0.07184,0.00894427190999916,67.51872,59.24767680000001,75.7897632,9.43602797961091,0.1,0.1,0.1,0.0,52.749,52.749,52.749,0.0,0.1016,0.09760236870134326,0.10559763129865674,0.004560701700396549,21.437193600000004,20.59370938650863,22.28067781349138,0.9622898159768697,0.12,0.11876038715721399,0.121239612842786,0.0014142135623730963,12.65976,12.528983324311763,12.790536675688237,0.1491967024032366
primary,uptake(mmol/g) CO2 at 0.015 bar,17,40000,topology_only,rf,topology_only | rf,5,0.22184066847499037,0.22176576415603214,0.2219155727939486,8.545466785658893e-05,0.09993243920706248,0.09952417601448545,0.1003407023996395,0.0004657674751598538,0.1799972654916006,0.17944354852441577,0.18055098245878545,0.0006317085606736254,0.6161498681591107,0.6095202819230189,0.6227794543952024,0.007563370146223532,0.19408418657565413,0.19093602393434106,0.1972323492169672,0.003591584525612926,3.8823461348802355,3.8193721374715803,3.9453201322888907,0.07184394847992272,0.064,0.05616,0.07184,0.00894427190999916,67.51872,59.24767680000001,75.7897632,9.43602797961091,0.10599999999999998,0.09600592175335812,0.11599407824664185,0.011401754250991379,55.913940000000004,50.64216366567889,61.185716334321114,6.014311349855442,0.1008,0.09622853371444129,0.10537146628555871,0.005215361924162117,21.268396800000005,20.30383569961226,22.23295790038775,1.100420504550509,0.11639999999999999,0.11447960004165798,0.118320399958342,0.0021908902300206605,12.279967200000002,12.077368845194837,12.482565554805166,0.23113453748671978
primary,uptake(mmol/g) CO2 at 0.015 bar,17,40000,topology_only,mlp,topology_only | mlp,5,0.22193340206308676,0.2217197618661355,0.222147042260038,0.00024373163423950208,0.10056725790822207,0.09881183372177522,0.10232268209466892,0.00200267745420531,0.17931087451796618,0.17773080762205917,0.18089094141387319,0.0018026209123699734,0.6198886923133788,0.6175728037036388,0.6222045809231189,0.0026420838569878873,0.19158134243458477,0.18795986070207715,0.1952028241670924,0.004131571088347327,3.8322807099286726,3.759838715272607,3.904722704584738,0.08264552269216274,0.068,0.058398000208289946,0.07760199979171006,0.010954451150103324,71.73864,61.60872225974173,81.86855774025828,11.556726874336,0.1,0.09123461352820084,0.10876538647179917,0.010000000000000002,52.749,48.12534628999066,57.372653710009345,5.274899999999999,0.0992,0.09012454386821246,0.10827545613178753,0.010353743284435826,20.930803200000003,19.01591825801736,22.845688141982645,2.1845984180428215,0.11200000000000002,0.09819625558045936,0.12580374441954068,0.01574801574802362,11.815776000000001,10.359508571227302,13.272043428772701,1.6613841653849957
primary,uptake(mmol/g) CO2 at 0.015 bar,17,40000,topology_only,hgb,topology_only | hgb,5,0.2220706830104285,0.2216912460750274,0.2224501199458296,0.0004328810105770717,0.10011007116610353,0.09961773557537085,0.10060240675683621,0.0005616815554187708,0.17829355111669726,0.1754835304631447,0.18110357177024983,0.003205814897715259,0.6166662379181151,0.6146561503413122,0.6186763254949181,0.002293210440030298,0.1890026545316648,0.18575770916133727,0.1922475999019923,0.0037019991996558995,3.7806981508876696,3.7157881685822445,3.8456081331930947,0.07405261880267314,0.076,0.06133270304384615,0.09066729695615384,0.016733200530681513,80.17848000000001,64.70477505719683,95.65218494280319,17.65319189585838,0.096,0.07314266857220643,0.11885733142779357,0.026076809620810593,50.63904,38.582026245153166,62.69605375484684,13.75525630688138,0.1008,0.08782249083991847,0.11377750916008153,0.0148054044186574,21.268396799999998,18.530194277259437,24.00659932274056,3.123881110719037,0.11599999999999999,0.10909812779022966,0.12290187220977032,0.007874007874011811,12.237767999999999,11.509634285613648,12.96590171438635,0.8306920826924978
primary,uptake(mmol/g) CO2 at 0.015 bar,17,210995,geometry_plus_topology,rf,geometry_plus_topology | rf,5,0.14769465538695434,0.14749064457178357,0.1478986662021251,0.0002327459443198803,0.05740752541015502,0.05736160450398609,0.05745344631632395,5.238891213373189e-05,0.6365343769973671,0.6355305719992823,0.637538181995452,0.0011451919448325614,0.85678818984777,0.8565810883640563,0.8569952913314838,0.00023627193664540195,0.6450511945392492,0.6442716475758766,0.6458307415026218,0.0008893469396707129,12.903225430698086,12.887631830860794,12.918819030535378,0.01778997410720133,0.34400000000000003,0.33616000000000007,0.35184,0.00894427190999914,362.91312000000005,354.64207680000004,371.18416320000006,9.436027979610891,0.42000000000000004,0.41380193578607,0.4261980642139301,0.007071067811865481,221.54579999999996,218.276383107794,224.8152168922059,3.729917560080921,0.4408,0.43361452131030925,0.4479854786896908,0.008197560612767685,93.00703680000001,91.49092953839002,94.52314406161,1.7296524990515338,0.4640000000000001,0.4622469227056402,0.46575307729435994,0.0020000000000000018,48.95107200000001,48.76612585159964,49.13601814840038,0.21099599999999796
primary,uptake(mmol/g) CO2 at 0.015 bar,17,210995,geometry_plus_topology,hgb,geometry_plus_topology | hgb,5,0.1581168820264967,0.15796525114736315,0.15826851290563027,0.00017298824144423988,0.06374726852771498,0.06365038812981358,0.06384414892561638,0.0001105260996912074,0.5834282469382802,0.5826294333292517,0.5842270605473088,0.0009113273118060359,0.8243364772074303,0.823968552948387,0.8247044014664736,0.00041974676213883954,0.6081152825180128,0.6055991225389131,0.6106314424971125,0.0028705636507812765,12.164381129140182,12.114049341981469,12.214712916298895,0.057421070161191405,0.31200000000000006,0.285413266466149,0.3385867335338511,0.030331501776206207,329.15376000000003,301.10528785645784,357.20223214354223,31.99912774386202,0.382,0.37466635152192307,0.38933364847807694,0.008366600265340763,201.50118,197.6327537642992,205.36960623570081,4.413297973964597,0.4032,0.3986285337144413,0.4077714662855587,0.005215361924162098,85.0735872,84.10902609961227,86.03814830038775,1.1004205045505069,0.4236,0.4196023687013432,0.42759763129865674,0.004560701700396556,44.6889528,44.26721069325431,45.11069490674569,0.4811449079884353
primary,uptake(mmol/g) CO2 at 0.015 bar,17,210995,enriched_interpretable,rf,enriched_interpretable | rf,5,0.16078812735986997,0.16065431406909494,0.160921940650645,0.00015266102778873516,0.06373347707775688,0.06368947458313651,0.06377747957237725,5.0200290383030346e-05,0.569234229431721,0.5685172046146816,0.5699512542487604,0.0008180184859461949,0.8375356371156759,0.8373486712600019,0.8377226029713499,0.00021330018508083679,0.6037921880925294,0.6001327681600033,0.6074516080250556,0.004174852922115385,12.07790448604203,12.004703597903683,12.151105374180377,0.08351130708709284,0.29600000000000004,0.2767960004165799,0.31520399958342016,0.021908902300206635,312.27408,292.0142445194835,332.53391548051655,23.113453748671986,0.304,0.29616,0.31184,0.008944271909999166,160.35696,156.22143839999998,164.4924816,4.718013989805459,0.34719999999999995,0.34045577699063856,0.35394422300936135,0.007694153624668525,73.2578112,71.83480712191678,74.68081527808323,1.6234356381905601,0.40800000000000003,0.4062469227056402,0.40975307729435984,0.001999999999999974,43.043184000000004,42.85823785159963,43.228130148400375,0.2109959999999944
primary,uptake(mmol/g) CO2 at 0.015 bar,17,210995,geometry_plus_topology,mlp,geometry_plus_topology | mlp,5,0.16534036465294424,0.16444054498824257,0.16624018431764592,0.001026560172328578,0.06657181465318365,0.06539755908341124,0.06774607022295606,0.0013396506515147275,0.5444835199249491,0.5395316643614743,0.549435375488424,0.005649329415658363,0.8257295447790522,0.8156790989972962,0.8357799905608083,0.011466061210297215,0.5932499051952977,0.5887373387783308,0.5977624716122647,0.005148165949653436,11.867022847609693,11.776756118019785,11.957289577199601,0.10298088952532014,0.272,0.24541326646614897,0.29858673353385107,0.030331501776206207,286.95456,258.9060878564578,315.0030321435422,31.99912774386201,0.368,0.3535970003124349,0.3824029996875651,0.016431676725154973,194.11632,186.5188816948063,201.7137583051937,8.667545155751993,0.372,0.3557426299789911,0.3882573700210089,0.018547236990991398,78.49051200000001,75.06027195504721,81.9207520449528,3.9133928161512204,0.392,0.3818533315812529,0.40214666841874713,0.011575836902790217,41.355216000000006,40.284762775159024,42.42566922484099,1.2212276415705636
primary,uptake(mmol/g) CO2 at 0.015 bar,17,210995,enriched_interpretable,hgb,enriched_interpretable | hgb,5,0.16870117231516985,0.168457228477315,0.16894511615302468,0.0002783035735385605,0.06949357294152606,0.06942022013341578,0.06956692574963633,8.368462514034182e-05,0.5257907018544131,0.5244190451680144,0.5271623585408118,0.001564855914581444,0.7957676202278638,0.794940173704427,0.7965950667513007,0.000943993201097168,0.574971558589306,0.5716194242432753,0.5783236929353368,0.003824285850732999,11.501393532054342,11.434339404402168,11.568447659706516,0.07649876918479968,0.22399999999999998,0.20933270304384613,0.23866729695615382,0.016733200530681502,236.31552000000002,220.84181505719684,251.7892249428032,17.653191895858377,0.29200000000000004,0.28057133428610326,0.3034286657138968,0.013038404810405283,154.02707999999998,147.99857312257657,160.0555868774234,6.87762815344068,0.33120000000000005,0.32320473740268657,0.33919526259731353,0.009121403400793112,69.88187520000001,68.19490677301725,71.56884362698277,1.9245796319537485,0.38,0.37245972944782485,0.38754027055217516,0.008602325267042634,40.089240000000004,39.293756537286626,40.88472346271338,0.9075281110224638
primary,uptake(mmol/g) CO2 at 0.015 bar,17,210995,geometry_only,rf,geometry_only | rf,5,0.16981095745704436,0.16966141325698497,0.16996050165710375,0.00017060765151714728,0.06756057908703117,0.06753904598845852,0.06758211218560382,2.4566057231966926e-05,0.5195317538182278,0.5186856314371796,0.520377876199276,0.0009652995720957642,0.8289155663167527,0.8287749951455246,0.8290561374879808,0.00016037076252180743,0.5599544937428896,0.5580507965862164,0.5618581908995629,0.0021718348218849365,11.20100098234497,11.162920541951584,11.239081422738357,0.04344410884323456,0.252,0.23631999999999997,0.26768000000000003,0.017888543819998333,265.85496,249.3128736,282.3970464,18.872055959221836,0.246,0.24119900010414497,0.250800999895855,0.005477225575051666,129.76254,127.23006056493543,132.29501943506457,2.8891817185840023,0.2984,0.2915652464565282,0.3052347535434718,0.007797435475847178,62.9612064,61.51910074134163,64.40331205865837,1.645227695661849,0.34480000000000005,0.3413826232282642,0.3482173767717359,0.003898717737923559,36.37571040000001,36.01518398533542,36.7362368146646,0.4113069239154616
primary,uptake(mmol/g) CO2 at 0.015 bar,17,210995,geometry_only,hgb,geometry_only | hgb,5,0.17839306477654665,0.17816490238598012,0.17862122716711318,0.0002602992934773666,0.07305311947453227,0.07299138385181372,0.07311485509725082,7.043114746527785e-05,0.46973911570453397,0.46838315602388814,0.4710950753851798,0.00154694796973109,0.7956408479871548,0.7949733873119822,0.7963083086623275,0.0007614731846907968,0.5224876753886992,0.5216272794717682,0.5233480713056302,0.0009815835499086042,10.451536742160979,10.434325887317524,10.468747597004434,0.01963502111267659,0.20800000000000002,0.19839800020828996,0.21760199979171008,0.010954451150103317,219.43584,209.30592225974175,229.56575774025828,11.556726874335993,0.22400000000000003,0.21616000000000002,0.23184000000000005,0.008944271909999166,118.15776000000001,114.0222384,122.29328160000001,4.718013989805466,0.2544,0.25040236870134325,0.2583976312986568,0.004560701700396556,53.6773824,52.83389818650862,54.52086661349138,0.9622898159768697,0.2956,0.28865374230250557,0.3025462576974944,0.007924645102463587,31.185208800000005,30.452392505429742,31.918025094570268,0.8360342090197048
primary,uptake(mmol/g) CO2 at 0.015 bar,17,210995,enriched_interpretable,mlp,enriched_interpretable | mlp,5,0.18175619269544024,0.17479518461194532,0.18871720077893517,0.007941473095214363,0.07456492089467881,0.0711884113334887,0.07794143045586892,0.003852094339540342,0.4487175995469702,0.4054912133121771,0.49194398578176335,0.04931486634829523,0.7861558638098595,0.7678466823768689,0.80446504524285,0.02088804811048161,0.5180887372013652,0.48752836304302466,0.5486491113597056,0.03486483369177412,10.363542964973382,9.752231180188284,10.97485474975848,0.6974156664419392,0.152,0.07301418861592926,0.23098581138407073,0.09011104260855048,160.35696,77.02850870603302,243.68541129396695,95.06534773116859,0.236,0.13632865206088562,0.33567134793911435,0.11371015785759862,124.48764000000001,71.91200067559657,177.06327932440345,59.980971168304706,0.2408,0.16238432156768645,0.3192156784323135,0.08946060585531489,50.807836800000004,34.26244231349558,67.35323128650442,18.875829993048022,0.2936,0.26016720268957444,0.3270327973104256,0.03814184054289987,30.974212800000004,27.447119549344727,34.50130605065528,4.02388789359485
primary,uptake(mmol/g) CO2 at 0.015 bar,17,210995,geometry_only,mlp,geometry_only | mlp,5,0.18495573991580738,0.183354849426254,0.18655663040536077,0.0018263775301909724,0.07538997302116703,0.0742881507248409,0.07649179531749314,0.0012570150784235227,0.4299638175047965,0.42012810897401554,0.4397995260355775,0.011221078000867794,0.7984212727377603,0.7932154614529165,0.8036270840226041,0.005939055056605213,0.5009480470231324,0.4940033538389006,0.5078927402073643,0.00792286022592955,10.020670660759654,9.881753095050497,10.159588226468811,0.15848424499717742,0.10400000000000001,0.065994189917856,0.14200581008214402,0.043358966777357594,109.71792,69.62255047953971,149.8132895204603,45.74284277077672,0.17200000000000001,0.13896949288914867,0.20503050711085136,0.037682887362833546,90.72828,73.30501780409702,108.15154219590298,19.87734625502107,0.21200000000000002,0.203411710298319,0.22058828970168104,0.009797958971132713,44.731152,42.919057226104115,46.54324677389589,2.067330151073119,0.2604,0.2485488862970605,0.27225111370293953,0.013520355024924468,27.471679200000004,26.221410406567294,28.721947993432714,1.4263704144194813
primary,uptake(mmol/g) CO2 at 0.015 bar,17,210995,geometry_plus_topology,ridge,geometry_plus_topology | ridge,5,0.19449173797319125,0.19449173797319125,0.19449173797319125,0.0,0.0858786914058562,0.0858786914058562,0.0858786914058562,0.0,0.3697175231778782,0.3697175231778782,0.3697175231778782,0.0,0.6978170559472057,0.6978170559472057,0.6978170559472057,0.0,0.4554417899127797,0.45544178991277967,0.4554417899127798,6.206335383118183e-17,9.110390207094886,9.110390207094886,9.110390207094886,0.0,0.14,0.14,0.14,0.0,147.6972,147.6972,147.6972,0.0,0.16,0.16,0.16,0.0,84.3984,84.3984,84.3984,0.0,0.176,0.176,0.176,0.0,37.135296000000004,37.135296000000004,37.135296000000004,0.0,0.192,0.192,0.192,0.0,20.255616000000003,20.255616000000003,20.255616000000003,0.0
primary,uptake(mmol/g) CO2 at 0.015 bar,17,210995,enriched_interpretable,ridge,enriched_interpretable | ridge,5,0.20005205503192164,0.20005205503192164,0.20005205503192164,0.0,0.08801850711424954,0.08801850711424954,0.08801850711424954,0.0,0.3331641306151283,0.3331641306151283,0.3331641306151283,0.0,0.6891304965905016,0.6891304965905016,0.6891304965905016,0.0,0.4004550625711035,0.4004550625711035,0.4004550625711035,0.0,8.010467992249959,8.010467992249959,8.010467992249959,0.0,0.04,0.04,0.04,0.0,42.1992,42.1992,42.1992,0.0,0.06,0.06,0.06,0.0,31.649400000000004,31.6494,31.649400000000007,3.972054645195637e-15,0.10400000000000001,0.104,0.10400000000000002,1.5515838457795457e-17,21.943584,21.943584,21.943584,0.0,0.144,0.144,0.144,0.0,15.191712,15.191712,15.191712,0.0
primary,uptake(mmol/g) CO2 at 0.015 bar,17,210995,geometry_only,ridge,geometry_only | ridge,5,0.20992497840961027,0.20992497840961025,0.2099249784096103,3.1031676915590914e-17,0.09999712481906967,0.09999712481906967,0.09999712481906967,0.0,0.2657209235436415,0.2657209235436415,0.2657209235436415,0.0,0.686601315558363,0.686601315558363,0.686601315558363,0.0,0.3651877133105802,0.3651877133105802,0.3651877133105802,0.0,7.305000640659763,7.305000640659763,7.305000640659763,0.0,0.02,0.02,0.02,0.0,21.0996,21.0996,21.0996,0.0,0.04,0.04,0.04,0.0,21.0996,21.0996,21.0996,0.0,0.084,0.084,0.084,0.0,17.723664000000003,17.723664000000003,17.723664000000003,0.0,0.11200000000000002,0.112,0.11200000000000003,1.5515838457795457e-17,11.815776000000001,11.815776000000001,11.815776000000001,0.0
primary,uptake(mmol/g) CO2 at 0.015 bar,17,210995,topology_only,ridge,topology_only | ridge,5,0.22127862036854395,0.22127862036854395,0.22127862036854395,0.0,0.09978131313802084,0.09978131313802084,0.09978131313802084,0.0,0.18414716184258106,0.18414716184258106,0.18414716184258106,0.0,0.620672174591629,0.620672174591629,0.620672174591629,0.0,0.19150549867273417,0.19150549867273417,0.19150549867273417,0.0,3.8307635758392324,3.830763575839232,3.830763575839233,4.965068306494546e-16,0.08,0.08,0.08,0.0,84.3984,84.3984,84.3984,0.0,0.11000000000000001,0.11,0.11000000000000003,1.5515838457795457e-17,58.023900000000005,58.0239,58.02390000000001,7.944109290391274e-15,0.10400000000000001,0.104,0.10400000000000002,1.5515838457795457e-17,21.943584,21.943584,21.943584,0.0,0.12,0.12,0.12,0.0,12.65976,12.65976,12.65976,0.0
primary,uptake(mmol/g) CO2 at 0.015 bar,17,210995,topology_only,hgb,topology_only | hgb,5,0.2213010688621865,0.2212789246804287,0.2213232130439443,2.5263212100286053e-05,0.09980595965548877,0.09971951581337278,0.09989240349760477,9.861954449369121e-05,0.1839816100375111,0.18381830843547775,0.18414491163954444,0.0001863027974393772,0.619903253802544,0.6193080540887475,0.6204984535163405,0.000679034193998728,0.19393249905195298,0.190182120198616,0.19768287790528996,0.0042786234986934716,3.879311866701353,3.8042914897067863,3.9543322436959194,0.08558707278444509,0.076,0.06816,0.08384,0.00894427190999916,80.17848,71.9074368,88.44952319999999,9.43602797961091,0.10200000000000001,0.09808000000000001,0.10592,0.004472135954999577,53.80398,51.73621920000001,55.8717408,2.359006994902726,0.1008,0.094528,0.107072,0.007155417527999326,21.268396799999998,19.945029888,22.591763711999995,1.5097644767377452,0.11879999999999999,0.11783980002082899,0.11976019997917099,0.001095445115010333,12.533162399999998,12.431863222597416,12.63446157740258,0.11556726874335989
primary,uptake(mmol/g) CO2 at 0.015 bar,17,210995,topology_only,mlp,topology_only | mlp,5,0.22140546569185654,0.2213472406981107,0.22146369068560237,6.642604285978903e-05,0.09915877553705824,0.09842152727961664,0.09989602379449983,0.0008410904183329891,0.18321147916650762,0.18278190194221772,0.18364105639079753,0.0004900836097438382,0.6207751147071591,0.6195623062044457,0.6219879232098724,0.001383633803957529,0.19416003033750476,0.19104184248401443,0.19727821819099509,0.0035573877586829224,3.8838632689696766,3.8214888696205067,3.9462376683188465,0.0711598964288075,0.076,0.06816,0.08384,0.00894427190999916,80.17848,71.9074368,88.44952319999999,9.43602797961091,0.10400000000000001,0.09919900010414498,0.10880099989585504,0.005477225575051659,54.85896,52.32648056493544,57.39143943506457,2.8891817185839983,0.0992,0.09399953232872273,0.10440046767127727,0.00593295878967653,20.930803200000003,19.833525323231186,22.02808107676882,1.2518305727865888,0.11839999999999999,0.11647960004165799,0.120320399958342,0.002190890230020659,12.490963200000001,12.288364845194836,12.693561554805166,0.23113453748671978
primary,uptake(mmol/g) CO2 at 0.015 bar,17,210995,topology_only,rf,topology_only | rf,5,0.2214152362329156,0.2214098623657772,0.22142061010005398,6.130781746681562e-06,0.09991967156162111,0.0999021591542899,0.09993718396895232,1.9979047572578377e-05,0.183139446747824,0.18309979563222872,0.1831790978634193,4.523601523203586e-05,0.6126338638813505,0.6111563477747517,0.6141113799879494,0.0016856257409213608,0.19476678043230944,0.19357755024649223,0.19595601061812665,0.0013567344573377587,3.8960003416852067,3.8722116791627674,3.919789004207646,0.02713931963978348,0.08,0.08,0.08,0.0,84.3984,84.3984,84.3984,0.0,0.10600000000000001,0.10119900010414498,0.11080099989585504,0.005477225575051658,55.913940000000004,53.38146056493544,58.44641943506457,2.8891817185839983,0.1,0.1,0.1,0.0,21.099600000000002,21.099600000000002,21.099600000000002,0.0,0.12,0.12,0.12,0.0,12.65976,12.65976,12.65976,0.0
primary,uptake(mmol/g) CO2 at 0.15 bar,17,500,geometry_plus_topology,rf,geometry_plus_topology | rf,10,0.6346864734686536,0.6279242711350002,0.641448675802307,0.010910184374107556,0.37109478984567973,0.3656807769424496,0.37650880274890985,0.00873500615089181,0.5984495804355572,0.5898281150934296,0.6070710457776848,0.013909932270064231,0.8315368155292434,0.8261859850336742,0.8368876460248126,0.008633067214023443,0.4346605991657186,0.4200640736345989,0.44925712469683826,0.023550136022008734,8.694695466587977,8.402715138472303,8.98667579470365,0.4710830963310344,0.004,-0.0012266666666666658,0.009226666666666666,0.008432740427115677,4.21992,-1.2941087999999983,9.733948799999999,8.896372495798497,0.013000000000000001,0.004210298955911844,0.02178970104408816,0.014181364924121765,6.85737,2.2208905962539385,11.493849403746061,7.4805281838249895,0.0424,0.03411940270538679,0.05068059729461321,0.013359973386533707,8.946230400000001,7.199057493225793,10.69340330677421,2.818900944665066,0.1048,0.08842542805987827,0.12117457194012174,0.02641884849034029,11.056190400000002,9.328705809461038,12.783674990538966,2.7871356780339207
primary,uptake(mmol/g) CO2 at 0.15 bar,17,500,geometry_plus_topology,hgb,geometry_plus_topology | hgb,10,0.6545587477263858,0.6462704181742113,0.6628470772785603,0.013372448664772937,0.38309681833260445,0.3765739025291466,0.3896197341360623,0.010524117818588799,0.5728636962862971,0.5619863329725253,0.5837410596000688,0.01754961377993651,0.8184418136178963,0.8122055975937014,0.8246780296420911,0.010061554396579351,0.4130451270383011,0.3928537343108593,0.4332365197657429,0.03257693374983446,8.26231225109721,7.858415483945208,8.666209018249212,0.6516498590709205,0.012,-0.0036799999999999992,0.02768,0.025298221281347035,12.659759999999999,-3.8823263999999966,29.201846399999994,26.689117487395492,0.017,0.002087389378262588,0.03191261062173741,0.02406010991015812,8.96733,1.1010770231397329,16.833582976860267,12.691467376509305,0.05600000000000001,0.042572450211102064,0.06942754978889795,0.021664102412362562,11.815776000000001,8.982616704741691,14.648935295258312,4.571038952598851,0.1166,0.10261134148279002,0.13058865851720997,0.022569399145253688,12.301066800000001,10.825291303751383,13.776842296248619,2.381026471025974
primary,uptake(mmol/g) CO2 at 0.15 bar,17,500,geometry_plus_topology,ridge,geometry_plus_topology | ridge,10,0.6726075723514371,0.6526973779048254,0.6925177667980488,0.032123246483739175,0.3991173616449705,0.39262121879420564,0.4056135044957354,0.010480922150120616,0.5482270225994463,0.5200689762848033,0.5763850689140894,0.0454303881708073,0.8181179072551427,0.8109493539973496,0.8252864605129357,0.0115657937871665,0.3885855138414865,0.37600395770577993,0.40116706997719304,0.020299170356173096,7.773036507252398,7.52136244407364,8.024710570431155,0.4060526875683635,0.0,0.0,0.0,0.0,0.0,0.0,0.0,0.0,0.004,-0.00033372305939772216,0.008333723059397722,0.00699205898780101,2.10996,-0.17603557660170432,4.395955576601704,3.688241195475155,0.0236,0.017150835506310396,0.030049164493689603,0.010405126941400892,4.9795056,3.6187576884894694,6.340253511510531,2.1954401641278225,0.044599999999999994,0.03875494830362182,0.05044505169637817,0.009430447143870398,4.7052108,4.088569536135496,5.321852063864504,0.9948933127840394
primary,uptake(mmol/g) CO2 at 0.15 bar,17,500,enriched_interpretable,rf,enriched_interpretable | rf,10,0.6769220214231215,0.6688334560012034,0.6850105868450397,0.013050147824766427,0.4041004526956554,0.39818510474531404,0.4100158006459968,0.009543863609942483,0.5431973137933173,0.5321905805400998,0.5542040470465347,0.017758340141878607,0.8130353420835323,0.8071306678484983,0.8189400163185664,0.009526642563275413,0.3756920743268866,0.3572193381926709,0.39416481046110236,0.029804041224191682,7.515123712047381,7.145605942482062,7.8846414816127,0.596182544761049,0.008,-0.0006674461187954443,0.016667446118795445,0.013984117975602022,8.43984,-0.7041423064068173,17.583822306406816,14.75296478190062,0.016,0.004989830963049559,0.027010169036950443,0.01776388345929897,8.43984,2.6320859346990124,14.247594065300987,9.370270885945613,0.048,0.034674562337810855,0.06132543766218915,0.021499353995462798,10.127808,7.316193955028739,12.939422044971261,4.536277695626669,0.101,0.0839706689633575,0.11802933103664251,0.02747524137999317,10.655298000000002,8.858737634296292,12.451858365703712,2.8985830151065195
primary,uptake(mmol/g) CO2 at 0.15 bar,17,500,geometry_only,rf,geometry_only | rf,10,0.6812186087046493,0.6690703681575575,0.6933668492517412,0.019600055965520523,0.4062114144758528,0.39952190510009566,0.4129009238516099,0.010792901049205985,0.5371901726892214,0.5205088680534431,0.5538714773249998,0.026913733159278082,0.8137194775719385,0.8080979902829247,0.8193409648609523,0.009069746770902538,0.3726583238528631,0.3481840527256111,0.39713259498011516,0.03948695960949648,7.454438348469729,6.9648693959891,7.944007300950358,0.789873959970167,0.01,-0.002046871424196038,0.02204687142419604,0.019436506316151,10.5498,-2.159408415098337,23.259008415098336,20.505125433412985,0.02,0.010309500643528336,0.029690499356471667,0.01563471919941143,10.549800000000001,5.438158494454763,15.66144150554524,8.247158030497536,0.0508,0.039051620556197736,0.06254837944380226,0.018954917274651685,10.7185968,8.239735730875498,13.197457869124502,3.9994117252824073,0.1052,0.08572935127486046,0.12467064872513954,0.03141408035331362,11.0983896,9.04427510079523,13.152504099204771,3.31412264911388
primary,uptake(mmol/g) CO2 at 0.15 bar,17,500,enriched_interpretable,hgb,enriched_interpretable | hgb,10,0.6960657186324226,0.6893577819907044,0.7027736552741408,0.010822631728535993,0.41491904578211986,0.40930855061919086,0.42052954094504885,0.009052011998067934,0.5170512036123908,0.5077219487653091,0.5263804584594725,0.015051884790277505,0.799406350438395,0.7941137160636651,0.804698984813125,0.008539173187065159,0.3683731513083049,0.3473324712812856,0.3894138313353242,0.03394717979805827,7.3687202724162955,6.947834860681278,7.789605684151313,0.6790594566430702,0.016,0.000761779048137616,0.031238220951862385,0.024585451886114367,16.87968,0.8036616602042201,32.95569833979578,25.937160030812937,0.024,0.0039266057789033755,0.04407339422109663,0.03238655413730965,12.65976,2.071245282313738,23.248274717686265,17.08358344188947,0.0616,0.050561953151837855,0.07263804684816215,0.017808861714201603,12.997353600000002,10.668369867225183,15.326337332774822,3.757598586249681,0.11340000000000003,0.10249813928216332,0.12430186071783673,0.017589138062388897,11.963473200000001,10.813348697989664,13.113597702010338,1.8556188873059047
primary,uptake(mmol/g) CO2 at 0.15 bar,17,500,geometry_only,hgb,geometry_only | hgb,10,0.7094711467911015,0.6982824804146636,0.7206598131675394,0.018051872310860598,0.42258482313479967,0.4148877662198743,0.43028188004972506,0.012418485270976123,0.49808685923225104,0.4822325031390738,0.5139412153254282,0.025579528617249395,0.7933928605560838,0.7886168231695316,0.798168897942636,0.007705692005930146,0.35881683731513087,0.3334945446676321,0.3841391299626296,0.040855163440526206,7.177561377146697,6.671029099989734,7.68409365430366,0.8172427062284097,0.01,-0.005734350249621932,0.02573435024962193,0.025385910352879695,10.5498,-6.049624826346141,27.149224826346142,26.781627704081014,0.017,-0.002170630314798378,0.03617063031479838,0.03093002855909879,8.96733,-1.144985784752997,19.079645784752998,16.31528076463902,0.0536,0.04026431594055509,0.06693568405944492,0.021515885604207263,11.3093856,8.49560960619336,14.12316159380664,4.539765798945316,0.1078,0.09206076743364602,0.12353923256635399,0.02539378751672236,11.3726844,9.712226842714788,13.033141957285213,2.6789937954391756
primary,uptake(mmol/g) CO2 at 0.15 bar,17,500,geometry_plus_topology,mlp,geometry_plus_topology | mlp,10,0.7127839060219361,0.604377404630982,0.8211904074128902,0.1749038048804217,0.38849093540969537,0.37008913635967255,0.4068927344597182,0.029689590838160595,0.4662460612629298,0.2683401451968205,0.6641519773290391,0.31930278428113046,0.8176102887979244,0.8083752033854089,0.8268453742104399,0.014899951168236976,0.41422070534698524,0.3824897013333829,0.4459517093605876,0.05119502302394275,8.285827829483548,7.6510994522694755,8.92055620669762,1.0240751875198923,0.0,0.0,0.0,0.0,0.0,0.0,0.0,0.0,0.007000000000000001,-0.0007579034968647697,0.01475790349686477,0.012516655570345724,3.6924300000000003,-0.3997865155611984,7.7846465155611995,6.602410646801666,0.0164,0.009540311118166108,0.023259688881833895,0.011067469850371804,3.4603344,2.0129674846885752,4.907701315311424,2.3351918685490496,0.0502,0.03704932339721218,0.06335067660278783,0.021217393284232108,5.2959996,3.9086295197590903,6.68336968024091,2.238392556699919
primary,uptake(mmol/g) CO2 at 0.15 bar,17,500,geometry_only,mlp,geometry_only | mlp,10,0.7251130017274684,0.6928987825526963,0.7573272209022405,0.051974645732729446,0.43585276705844683,0.4166278952317844,0.45507763888510927,0.031017542192375052,0.4735937540518564,0.4254747743518038,0.521712733751909,0.07763549721202657,0.7778569502913482,0.7485660344373838,0.8071478661453125,0.047258167781052775,0.24736442927569208,0.20740416624057123,0.2873246923108129,0.06447216688286476,4.9481328327127345,4.148791188860027,5.747474476565442,1.289663379182493,0.002,-0.0019199999999999998,0.00592,0.006324555320336759,2.10996,-2.0255615999999987,6.245481599999999,6.672279371848873,0.021,0.007156114867727503,0.034843885132272504,0.022335820757001273,11.07729,3.77477903157758,18.37980096842242,11.7819220911106,0.0236,0.007260918344859972,0.03993908165514003,0.026361588217202192,4.9795056,1.5320247270920753,8.426986472907926,5.562189667476794,0.0386,0.012206303648198292,0.06499369635180172,0.042583773644168474,4.0722228000000005,1.2877406222776235,6.856704977722377,4.492502951912486
primary,uptake(mmol/g) CO2 at 0.15 bar,17,500,enriched_interpretable,ridge,enriched_interpretable | ridge,10,0.7309415089412045,0.7074230917876758,0.7544599260947331,0.03794477814649198,0.44378204573590574,0.43731746337545413,0.45024662809635735,0.010430002235089171,0.46626777493018495,0.4298014881796421,0.5027340616807279,0.058834961194150985,0.7987395890341846,0.7915386092933229,0.8059405687750464,0.011618110900944972,0.2796359499431172,0.26723961562102294,0.29203228426521144,0.020000332191192446,5.59367338777,5.345704393019848,5.841642382520152,0.40007490434327275,0.0,0.0,0.0,0.0,0.0,0.0,0.0,0.0,0.005,0.0006173067641004129,0.009382693235899587,0.007071067811865475,2.63745,0.32562314499532663,4.949276855004673,3.7299175600809193,0.023200000000000002,0.0158268793279613,0.030573120672038705,0.01189584427903758,4.8951072,3.3394082306825217,6.450806169317478,2.509975559499814,0.0514,0.04267267952538314,0.060127320474616865,0.01408071967857704,5.4225972,4.5018823445688705,6.34331205543113,1.4854877646505207
primary,uptake(mmol/g) CO2 at 0.15 bar,17,500,geometry_only,ridge,geometry_only | ridge,10,0.7489498124748195,0.7463871686961707,0.7515124562534683,0.004134587332750251,0.4971312962366466,0.493091460622285,0.5011711318510081,0.006517898935738907,0.4409850003322956,0.43715434868151837,0.4448156519830728,0.006180400070989795,0.792163027348681,0.7875430979187492,0.7967829567786129,0.007453826340728508,0.18270762229806597,0.17296049818352757,0.19245474641260438,0.01572607797872106,3.654776021464044,3.4598002725380725,3.8497517703900153,0.31457523219550904,0.0,0.0,0.0,0.0,0.0,0.0,0.0,0.0,0.005,-0.004799999999999998,0.014799999999999997,0.015811388300841896,2.6374500000000003,-2.5319520000000004,7.806852000000001,8.340349214811093,0.006,-0.005759999999999998,0.017759999999999998,0.018973665961010275,1.265976,-1.2153369599999995,3.7472889599999997,4.003367623109324,0.011399999999999999,-0.0019004289989291503,0.024700428998929148,0.021459004843861904,1.2026772000000001,-0.2004914585290276,2.605845858529028,2.263882093017744
primary,uptake(mmol/g) CO2 at 0.15 bar,17,500,enriched_interpretable,mlp,enriched_interpretable | mlp,10,0.7864271588691577,0.6603520013805371,0.9125023163577783,0.2034105377696303,0.4465720886811543,0.42896967835553773,0.4641744990067708,0.028399851498884913,0.346545680009026,0.08696809239095199,0.6061232676271,0.41880428898216104,0.7819315547676062,0.7684361514802936,0.7954269580549188,0.021773577719607973,0.2998862343572241,0.2776549423241717,0.3221175263902765,0.035868121506531084,5.99874818965082,5.554046474272936,6.443449905028705,0.7174848469275723,0.002,-0.0019199999999999998,0.00592,0.006324555320336759,2.10996,-2.0255615999999987,6.245481599999999,6.672279371848873,0.011,0.0035795597614876433,0.018420440238512355,0.011972189997378646,5.80239,1.8881819785871166,9.716598021412883,6.315210501717263,0.03,0.022051856960410326,0.03794814303958967,0.012823589374447563,6.329880000000001,4.652853611218738,8.006906388781264,2.705726063650938,0.052599999999999994,0.043452400047614186,0.0617475999523858,0.014758801517136213,5.5491948,4.5841413002232025,6.514248299776798,1.5570240424548363
primary,uptake(mmol/g) CO2 at 0.15 bar,17,500,topology_only,ridge,topology_only | ridge,10,0.8008216018311771,0.7950640372051557,0.8065791664571985,0.009289294894817902,0.5274708995230655,0.5182022286433821,0.5367395704027489,0.014954138195038871,0.36080956922507423,0.3515174587308024,0.37010167971934604,0.014991955832577508,0.6364171200070643,0.6301714263083223,0.6426628137058062,0.010076845742747984,0.19863481228668944,0.18822680679766254,0.20904281777571634,0.016792348594316133,3.9733741802467124,3.7651785482631404,4.1815698122302845,0.3359042836562692,0.004,-0.0012266666666666658,0.009226666666666666,0.008432740427115677,4.21992,-1.2941087999999983,9.733948799999999,8.896372495798497,0.008,0.003110901014615383,0.012889098985384618,0.007888106377466156,4.21992,1.640969176199469,6.798870823800531,4.160897233049622,0.0188,0.008213580523456793,0.029386419476543208,0.017080202965226537,3.9667248000000006,1.73303263612729,6.200416963872711,3.6038545048509385,0.0368,0.027230060397264777,0.04636993960273522,0.015440207252495028,3.8823264,2.8727169117906395,4.89193588820936,1.6289109847237204
primary,uptake(mmol/g) CO2 at 0.15 bar,17,500,topology_only,rf,topology_only | rf,10,0.8029435044165576,0.796307163891478,0.8095798449416372,0.010707118054963775,0.5268819494527,0.5168691755559083,0.5368947233494916,0.01615467918884767,0.35739279290304937,0.34662336242653,0.3681622233795687,0.017375474188078353,0.6339234814404497,0.6288168527379454,0.6390301101429541,0.008239070339134801,0.1983693591202124,0.18705015001125605,0.20968856822916873,0.018262490865319923,3.968064210933668,3.7416413966415414,4.194487025225794,0.36531214662675787,0.0,0.0,0.0,0.0,0.0,0.0,0.0,0.0,0.005,-0.0016946745004269362,0.011694674500426936,0.010801234497346433,2.63745,-0.8939238522302051,6.168823852230204,5.69754318500527,0.015200000000000002,0.003583152770413328,0.026816847229586674,0.018742702283525953,3.2071392000000003,0.7560309019461302,5.65824749805387,3.9546352110148426,0.036,0.027332553881204553,0.044667446118795445,0.013984117975602022,3.797928,2.8835297693593183,4.712326230640682,1.475296478190062
primary,uptake(mmol/g) CO2 at 0.15 bar,17,500,topology_only,hgb,topology_only | hgb,10,0.8041385021483329,0.8015541445982447,0.8067228596984212,0.004169620482924299,0.5320139703588104,0.5244817167634108,0.5395462239542099,0.012152590446660776,0.35556615859247587,0.35140160587887687,0.35973071130607487,0.0067191183728610455,0.619836446926705,0.6130370225026238,0.6266358713507862,0.010970238754221992,0.19908987485779295,0.19908987485779295,0.19908987485779295,0.0,3.98247698478336,3.98247698478336,3.98247698478336,0.0,0.0,0.0,0.0,0.0,0.0,0.0,0.0,0.0,0.0,0.0,0.0,0.0,0.0,0.0,0.0,0.0,0.008000000000000002,0.008,0.008000000000000004,1.828559098217032e-18,1.6879680000000001,1.6879680000000001,1.6879680000000001,0.0,0.03200000000000001,0.032,0.032000000000000015,7.314236392868128e-18,3.3759360000000003,3.3759360000000003,3.3759360000000003,0.0
primary,uptake(mmol/g) CO2 at 0.15 bar,17,500,topology_only,mlp,topology_only | mlp,10,0.8062660504334455,0.800915921963574,0.8116161789033169,0.008631934560870094,0.5351230195792623,0.5247872928386895,0.5454587463198352,0.01667573355781543,0.35210047480910756,0.34350033403925223,0.3607006155789629,0.013875527056539152,0.6362966019710101,0.6310614661081496,0.6415317378338706,0.00844640468728072,0.205422828972317,0.2029675404006939,0.20787811754394012,0.003961379693525756,4.109157681251707,4.060043529994768,4.158271832508646,0.07924111393772859,0.0,0.0,0.0,0.0,0.0,0.0,0.0,0.0,0.0,0.0,0.0,0.0,0.0,0.0,0.0,0.0,0.01,0.00608,0.01392,0.006324555320336759,2.10996,1.2828556800000002,2.93706432,1.3344558743697748,0.031999999999999994,0.027145948771043572,0.036854051228956415,0.007831560082980487,3.3759360000000003,2.863843303447556,3.8880286965524444,0.8262139256342753
primary,uptake(mmol/g) CO2 at 0.15 bar,17,1000,geometry_plus_topology,rf,geometry_plus_topology | rf,10,0.6085050438051116,0.6046484216214738,0.6123616659887494,0.006222301109707912,0.3539725109772297,0.35105796452632376,0.35688705742813565,0.004702349556746416,0.6309583791783562,0.626261029848693,0.6356557285080193,0.007578736146530879,0.8436815320056086,0.8402725452507288,0.8470905187604884,0.005500082989166438,0.46962457337883967,0.46140578362276746,0.4778433631349119,0.01326025267308561,9.394094281820404,9.229690436221977,9.558498127418831,0.26525031029677404,0.006,1.2101091924368763e-05,0.011987898908075632,0.00966091783079296,6.32988,0.012766409958371305,12.646993590041628,10.192075093129956,0.014000000000000002,0.00563325099642108,0.022366749003578924,0.013498971154211057,7.384860000000001,2.9714835681021556,11.798236431897845,7.120572294134791,0.058800000000000005,0.0477712379258192,0.0698287620741808,0.01779388159515012,12.406564800000002,10.07954011739615,14.733589482603854,3.7544378410502954,0.1378,0.11756184654887925,0.15803815345112077,0.03265237782731569,14.537624399999999,12.402539687213661,16.672709112786336,3.444760556026152
primary,uptake(mmol/g) CO2 at 0.15 bar,17,1000,geometry_plus_topology,hgb,geometry_plus_topology | hgb,10,0.6239676630967085,0.618766045419742,0.629169280773675,0.008392326212555179,0.3621686992728002,0.35893095404134734,0.3654064445042531,0.005223800721806156,0.6119381186545185,0.6054448524202215,0.6184313848888155,0.01047628099706284,0.8358673099172593,0.8316529325437344,0.8400816872907843,0.006799505826437223,0.45369738339021615,0.44158607879901407,0.4658086879814182,0.019540463236863807,9.075496123037738,8.833228695703145,9.31776355037233,0.3908759557380849,0.008,-0.003975797816151259,0.01997579781615126,0.019321835661585917,8.43984,-4.194387180083254,21.074067180083254,20.38415018625991,0.018000000000000002,0.008398000208289945,0.02760199979171006,0.015491933384829668,9.49482,4.429861129870863,14.559778870129138,8.171839941163801,0.06720000000000001,0.05467779671499017,0.07972220328500984,0.020203410053200865,14.1789312,11.536796395676063,16.821066004323935,4.2628387075851695,0.1386,0.11954729443534769,0.15765270556465233,0.030739767945339686,14.622022800000002,12.612000468340312,16.63204513165969,3.2429840386974464
primary,uptake(mmol/g) CO2 at 0.15 bar,17,1000,geometry_plus_topology,mlp,geometry_plus_topology | mlp,10,0.6300691811915649,0.6174522660234831,0.6426860963596466,0.020356218865440978,0.3626716599087522,0.3580825140980856,0.3672608057194188,0.007404159834860329,0.6040043775245512,0.5879783683337654,0.620030386715337,0.025856474921262765,0.8356014831882602,0.8279928223384156,0.8432101440381048,0.012275866443500682,0.45278725824800914,0.44149544091950776,0.4640790755765105,0.018218296775827557,9.05729051396444,8.831415628768719,9.283165399160163,0.36442811400384084,0.006,1.2101091924368763e-05,0.011987898908075632,0.00966091783079296,6.32988,0.012766409958371305,12.646993590041628,10.192075093129956,0.014000000000000002,0.006160000000000004,0.02184,0.012649110640673516,7.384860000000001,3.249338400000001,11.5203816,6.672279371848874,0.0364,0.02553343443809816,0.04726656556190184,0.017532192611814924,7.680254400000001,5.38745253270096,9.973056267299041,3.6992225123225015,0.09119999999999999,0.06594243414560919,0.1164575658543908,0.040750732781414147,9.6214176,6.956794917493477,12.286040282506521,4.29912080697363
primary,uptake(mmol/g) CO2 at 0.15 bar,17,1000,enriched_interpretable,rf,enriched_interpretable | rf,10,0.6488992234128895,0.6457180657270617,0.6520803810987174,0.00513250198130927,0.3878420772434098,0.3852858208922203,0.3903983335945993,0.004124281812770469,0.5803520773525924,0.5762344630279671,0.5844696916772177,0.0066433876489550995,0.8253971510941659,0.8220039259186981,0.8287903762696337,0.00547465314709331,0.4261281759575275,0.4182030335505089,0.4340533183645461,0.012786479993555082,8.52401788152583,8.365487985117857,8.682547777933804,0.25577323973456084,0.008,0.0015986668055266292,0.01440133319447337,0.010327955589886445,8.43984,1.6865615064944839,15.193118493505516,10.8957865882184,0.020999999999999998,0.0077871510347776295,0.034212848965222364,0.021317702607092644,11.07729,4.1076442993348525,18.046935700665145,11.2448749482153,0.06400000000000002,0.046237021270819106,0.08176297872918092,0.028658913680272905,13.503744000000001,9.755826540057747,17.251661459942255,6.046916150882862,0.13199999999999998,0.11277822716003771,0.15122177283996224,0.031012542265634685,13.925736,11.897877408929661,15.95359459107034,3.2717611839399283
primary,uptake(mmol/g) CO2 at 0.15 bar,17,1000,geometry_only,rf,geometry_only | rf,10,0.6568782945935843,0.6535524674780252,0.6602041217091433,0.0053659126475075715,0.3919947640320086,0.3887713193590208,0.3952182087049964,0.005200728101111249,0.5699667650356599,0.5656019818944792,0.5743315481768406,0.007042171540222198,0.8247604344327446,0.821764802955083,0.8277560659104062,0.004833172704033929,0.41459992415623814,0.4078211291800658,0.4213787191324105,0.0109369550591895,8.293413499930757,8.157814464588279,8.429012535273236,0.21877642867545927,0.016,-0.004073394221096628,0.03607339422109663,0.032386554137309655,16.87968,-4.297349435372524,38.056709435372525,34.16716688377894,0.024,0.008484193006270456,0.039515806993729544,0.02503331114069145,12.65976,4.475326968877603,20.844193031122398,13.204821293603333,0.0672,0.049872989050489855,0.08452701094951014,0.027955520226086137,14.1789312,10.523001197697157,17.834861202302843,5.898502945623271,0.1292,0.11208117054884367,0.14631882945115635,0.027619638745726646,13.6303416,11.824339330561907,15.436343869438092,2.91381664839667
primary,uptake(mmol/g) CO2 at 0.15 bar,17,1000,geometry_plus_topology,ridge,geometry_plus_topology | ridge,10,0.6588402093719667,0.6527070646676858,0.6649733540762477,0.009895258410677442,0.39102550726553015,0.38880841261981935,0.39324260191124094,0.0035770759533725167,0.5673323042553813,0.5592207437158475,0.575443864794915,0.013087248307791404,0.8265326667893763,0.8221286516197611,0.8309366819589915,0.007105468768324908,0.3896473265073948,0.38121469090250304,0.3980799621122866,0.013605273055964175,7.794276384504576,7.625594892080444,7.962957876928708,0.27215189549831414,0.002,-0.0019199999999999998,0.00592,0.006324555320336759,2.10996,-2.0255615999999987,6.245481599999999,6.672279371848873,0.005,0.0006173067641004129,0.009382693235899587,0.007071067811865475,2.63745,0.32562314499532663,4.949276855004673,3.7299175600809193,0.0256,0.018666043104963646,0.03253395689503635,0.011187294380481617,5.401497600000001,3.93846043097491,6.8645347690250915,2.3604743651040994,0.044,0.037492852476784556,0.05050714752321544,0.010498677165349081,4.641912,3.955420950595817,5.328403049404183,1.1075894435899973
primary,uptake(mmol/g) CO2 at 0.15 bar,17,1000,enriched_interpretable,hgb,enriched_interpretable | hgb,10,0.6638234545506725,0.6580206407029947,0.6696262683983503,0.009362300304401602,0.39348041983124543,0.39051166669541254,0.3964491729670783,0.0047898069999996,0.5607729856071273,0.5530562276220747,0.5684897435921799,0.01245027111482535,0.8173601069887715,0.8121355172946971,0.8225846966828458,0.0084293894250599,0.4166856276071293,0.4041447534401381,0.4292265017741205,0.020233533784315808,8.33513468739039,8.084274402432248,8.585994972348532,0.40473973211561426,0.014000000000000002,-0.0015158069937295428,0.02951580699372955,0.02503331114069145,14.769719999999998,-1.599146062244797,31.13858606224479,26.409642587206665,0.020000000000000004,0.009878603521911288,0.03012139647808872,0.016329931618554522,10.5498,5.210864571772982,15.888735428227017,8.613875629471325,0.0664,0.04965834130081491,0.08314165869918509,0.027011108825814614,14.010134400000002,10.477711381106742,17.54255741889326,5.699235917811581,0.133,0.1156429608259678,0.15035703917403223,0.028003967972810965,14.031234000000001,12.200101081217952,15.862366918782051,2.954362613195611
primary,uptake(mmol/g) CO2 at 0.15 bar,17,1000,geometry_only,hgb,geometry_only | hgb,10,0.6794906799984506,0.6736839737704573,0.6852973862264439,0.009368580297930564,0.4013465253392736,0.3980021563955703,0.40469089428297694,0.0053958281622622575,0.5397991442606319,0.5319167745364455,0.5476815139848183,0.012717470248970675,0.8138638927238571,0.8114364539398012,0.8162913315079129,0.003916446652166418,0.39871065604854006,0.3854159510959154,0.4120053610011647,0.021449769627660632,7.975573908192809,7.709634434720682,8.241513381664936,0.4290685999580854,0.016,-0.004073394221096628,0.03607339422109663,0.032386554137309655,16.87968,-4.297349435372524,38.056709435372525,34.16716688377894,0.020999999999999998,0.004614483360126979,0.037385516639873016,0.026436506745197805,11.077290000000001,2.4340938276333866,19.720486172366616,13.944992943024387,0.057199999999999994,0.0442356539523027,0.07016434604769728,0.02091676626802315,12.068971200000002,9.333546041320064,14.80439635867994,4.413354015487813,0.1182,0.10820677598458725,0.12819322401541275,0.01612313727397852,12.4698636,11.415598452821985,13.524128747178015,1.700958736130186
primary,uptake(mmol/g) CO2 at 0.15 bar,17,1000,enriched_interpretable,mlp,enriched_interpretable | mlp,10,0.6931897623964247,0.671773328746884,0.7146061960459654,0.03455342331143927,0.4197842970243541,0.40187311593867975,0.43769547811002846,0.028898024395131897,0.5200671208458376,0.48997904976366863,0.5501551919280065,0.048544303581990425,0.8007747627054919,0.7877582557478571,0.8137912696631266,0.02100092304365045,0.34349639742131205,0.30282196748263723,0.38417082735998687,0.06562440874242621,6.871100291079557,6.057472871726064,7.68472771043305,1.3127121489397957,0.004,-0.0012266666666666658,0.009226666666666666,0.008432740427115677,4.21992,-1.2941087999999983,9.733948799999999,8.896372495798497,0.009,1.815163788655358e-05,0.017981848362113445,0.014491376746189439,4.74741,0.009574807468778701,9.485245192531222,7.644056319847467,0.033999999999999996,0.025798129210695617,0.042201870789304374,0.013232955494186138,7.173864,5.443302070939933,8.904425929060066,2.7921006774512986,0.07320000000000002,0.04875310822756127,0.09764689177243877,0.03944278556762102,7.7224536,5.143355411791257,10.301551788208743,4.161134991812883
primary,uptake(mmol/g) CO2 at 0.15 bar,17,1000,geometry_only,mlp,geometry_only | mlp,10,0.7053844669261279,0.6811441986019494,0.7296247352503064,0.039109417856141145,0.4244166371454732,0.41007033144328986,0.4387629428476565,0.023146429606102307,0.5027694773815323,0.4679605459402191,0.5375784088228456,0.056160972587345724,0.8005662360310721,0.7868114871960199,0.8143209848661244,0.022192007633833038,0.2677284793325749,0.2244049784517029,0.3110519802134469,0.06989843826319724,5.355483335727718,4.488865456332528,6.222101215122908,1.398207326486686,0.0,0.0,0.0,0.0,0.0,0.0,0.0,0.0,0.012,0.00114601148578705,0.02285398851421295,0.017511900715418263,6.32988,0.6045095986378106,12.05525040136219,9.23735250837598,0.0188,0.0040607073288965335,0.03353929267110347,0.023780477520670418,3.9667248,0.8567930035678524,7.076656596432148,5.017585634951376,0.039400000000000004,0.016805243322103838,0.06199475667789617,0.036454537897679266,4.156621200000001,1.772919559995311,6.540322840004691,3.8458808391293675
primary,uptake(mmol/g) CO2 at 0.15 bar,17,1000,enriched_interpretable,ridge,enriched_interpretable | ridge,10,0.7159171964698694,0.7093710624730541,0.7224633304666847,0.010561578213570247,0.4371341850102036,0.43445282433322857,0.4398155456871787,0.00432612600390413,0.48912251459487743,0.47967460653155974,0.4985704226581951,0.015243320716303138,0.8044739814472426,0.8007453879205357,0.8082025749739494,0.006015738782323245,0.2812286689419795,0.26989712940337784,0.2925602084805812,0.01828238486644633,5.625533203648265,5.398863738679854,5.852202668616677,0.36571009454690084,0.0,0.0,0.0,0.0,0.0,0.0,0.0,0.0,0.003,6.050545962184382e-06,0.005993949454037816,0.00483045891539648,1.58247,0.0031916024895928263,3.161748397510407,2.548018773282489,0.0256,0.018666043104963646,0.03253395689503635,0.011187294380481615,5.401497600000001,3.93846043097491,6.8645347690250915,2.3604743651040994,0.0538,0.04833538314853335,0.05926461685146665,0.008816650913659525,5.675792400000001,5.099286251403972,6.25229854859603,0.9301390380892528
primary,uptake(mmol/g) CO2 at 0.15 bar,17,1000,geometry_only,ridge,geometry_only | ridge,10,0.7466321533390933,0.7456773492596133,0.7475869574185733,0.0015404875563149836,0.49271956638311243,0.4895650547564069,0.495874078009818,0.005089511043812431,0.44445255088151947,0.4430311631184385,0.44587393864460045,0.0022932769232794636,0.7918899701618098,0.7880514310182513,0.7957285093053684,0.006193125806814915,0.17713310580204777,0.17425561089139102,0.18001060071270453,0.004642570343478594,3.5432666658901084,3.4857069468752306,3.600826384904986,0.09286725181954962,0.002,-0.0019199999999999998,0.00592,0.006324555320336759,2.10996,-2.0255615999999987,6.245481599999999,6.672279371848873,0.003,-0.002879999999999999,0.008879999999999999,0.009486832980505138,1.58247,-1.5191712,4.6841112,5.004209528886656,0.0072,-0.004533837564923078,0.018933837564923076,0.01893145530591877,1.5191712000000002,-0.9566215908485103,3.9949639908485106,3.9944613437276373,0.0108,-0.000458584556782533,0.022058584556782536,0.018164678790321492,1.1393784,-0.04837975357144386,2.327136553571444,1.9163372830213372
primary,uptake(mmol/g) CO2 at 0.15 bar,17,1000,topology_only,ridge,topology_only | ridge,10,0.7978014983712163,0.796027855951523,0.7995751407909095,0.002861607041287208,0.5221240999868313,0.5170407669265304,0.5272074330471321,0.008201484987645195,0.365691048172385,0.3628691809829343,0.3685129153618357,0.0045528201903888435,0.6396802497957204,0.6369828031259891,0.6423776964654516,0.004352079256727957,0.20159271899886236,0.19984713571940516,0.20333830227831956,0.0028163362288729297,4.032542409734923,3.9976247865236645,4.0674600329461805,0.056336336646499105,0.002,-0.0019199999999999998,0.00592,0.006324555320336759,2.10996,-2.0255615999999987,6.245481599999999,6.672279371848873,0.008,0.003110901014615383,0.012889098985384618,0.007888106377466156,4.21992,1.640969176199469,6.798870823800531,4.160897233049622,0.0192,0.00843763462595492,0.029962365374045077,0.017364075302506356,4.051123200000001,1.7803071555379857,6.321939244462016,3.663750432527631,0.038,0.029312877474227856,0.046687122525772146,0.014015864027752426,4.008924,3.0924499477760907,4.92539805222391,1.4786456231998255
primary,uptake(mmol/g) CO2 at 0.15 bar,17,1000,topology_only,rf,topology_only | rf,10,0.7981559058492975,0.7962102136951189,0.8001015980034761,0.0031391932820019172,0.5223677617116564,0.5166201019555786,0.5281154214677343,0.009273314308619206,0.36512587718703904,0.3620266622966737,0.3682250920774044,0.005000294904012058,0.6365545918392577,0.6335685749922071,0.6395406086863082,0.00481766039199717,0.20295790671217295,0.19998111722311557,0.20593469620123034,0.00480277290830112,4.059850823344865,4.000304873872628,4.119396772817102,0.09607184988243296,0.0,0.0,0.0,0.0,0.0,0.0,0.0,0.0,0.006,-0.0018399999999999996,0.01384,0.012649110640673518,3.16494,-0.9705815999999996,7.3004616,6.672279371848874,0.0164,0.003951642393025855,0.02884835760697415,0.020084266921592576,3.4603344,0.8337807383588824,6.086888061641117,4.237699983388348,0.03720000000000001,0.030455776990638592,0.04394422300936143,0.010881176406988356,3.9245256,3.213023560958389,4.636027639041611,1.1479423485844575
primary,uptake(mmol/g) CO2 at 0.15 bar,17,1000,topology_only,mlp,topology_only | mlp,10,0.8024649531827841,0.7973667138839738,0.8075631924815944,0.00822553481674508,0.5302175699511603,0.5221461413754446,0.5382889985268761,0.013022499117668698,0.3582005644080716,0.34997922414291704,0.3664219046732261,0.0132643676822148,0.6378766892616605,0.633752254458547,0.642001124064774,0.006654391856483145,0.2050436101630641,0.20276735136729548,0.20731986895883273,0.003672531805418832,4.1015720108045,4.056039066087777,4.147104955521224,0.07346317034662043,0.0,0.0,0.0,0.0,0.0,0.0,0.0,0.0,0.006999999999999999,-0.0012898706597603525,0.015289870659760351,0.013374935098492587,3.6924300000000003,-0.6803938743169877,8.065253874316989,7.055144515103853,0.013600000000000001,0.0031336081564742584,0.024066391843525742,0.016886549545586733,2.8695456,0.6611787865834424,5.077912413416557,3.562994407920619,0.0368,0.03159953232872273,0.04200046767127727,0.008390470785361212,3.882326400000001,3.333687461615592,4.43096533838441,0.8851778869140372
primary,uptake(mmol/g) CO2 at 0.15 bar,17,1000,topology_only,hgb,topology_only | hgb,10,0.8024657797701034,0.8015508704008973,0.8033806891393094,0.0014761211527136828,0.5289000577688123,0.5239541873908691,0.5338459281467556,0.007979701737887014,0.3582579724213618,0.3567933811620588,0.35972256368066485,0.002362981745189702,0.6191925338530782,0.6118542137435675,0.6265308539625888,0.011839696808913204,0.19977246871444826,0.19872249638738929,0.20082244104150723,0.0016940326702314199,3.9961311915883315,3.975128161523852,4.017134221652811,0.033886435086096636,0.0,0.0,0.0,0.0,0.0,0.0,0.0,0.0,0.0,0.0,0.0,0.0,0.0,0.0,0.0,0.0,0.0092,0.007526650199284215,0.010873349800715785,0.002699794230842212,1.9411632000000005,1.5880930854481727,2.2942333145518283,0.5696457835307833,0.032200000000000006,0.03128533333333334,0.033114666666666674,0.001475729574745243,3.3970356,3.300540096,3.493531104,0.15568651867647373
primary,uptake(mmol/g) CO2 at 0.15 bar,17,2000,geometry_plus_topology,rf,geometry_plus_topology | rf,10,0.5914317035058202,0.5883034476667464,0.594559959344894,0.005047149773058345,0.3423969124490784,0.3408527119033766,0.34394111299478014,0.002491423922700286,0.6513868359093892,0.6476977593410588,0.6550759124777196,0.005951981846266156,0.8542522400573478,0.8526810103451599,0.8558234697695357,0.002535032968288023,0.49340159271899886,0.4858733475738019,0.5009298378641959,0.012146123185167057,9.869715818860247,9.71912522228687,10.020306415433623,0.24296391804868292,0.04,0.0025827609546378028,0.0774172390453622,0.06036923425424944,42.199200000000005,2.7247611519237935,81.67363884807622,63.68833475354808,0.051000000000000004,0.02700389290831625,0.07499610709168375,0.03871548642195896,26.90199,14.244283470207737,39.55969652979226,20.422031932719133,0.09159999999999999,0.07665822238747268,0.1065417776125273,0.02410716813637711,19.327233600000003,16.174578290867192,22.479888909132814,5.086516048103024,0.16939999999999997,0.15508558743394923,0.1837144125660507,0.02309497299798763,17.871361200000003,16.361219303106783,19.381503096893223,2.436473461341699
primary,uptake(mmol/g) CO2 at 0.15 bar,17,2000,geometry_plus_topology,hgb,geometry_plus_topology | hgb,10,0.5992695510553652,0.5951490201356603,0.60339008197507,0.0066480933037835685,0.3457657026429365,0.3437036367353206,0.34782776855055236,0.0033269515068614602,0.6420695546285852,0.637142508172209,0.6469966010849614,0.007949331091637911,0.8515858667372284,0.8501100521230613,0.8530616813513954,0.002381089584148162,0.4820250284414107,0.4738067988523978,0.4902432580304236,0.013259348895648148,9.642145705444054,9.477753065098646,9.806538345789463,0.26523223166345994,0.066,0.011166686524826303,0.1208333134751737,0.08846845012017937,69.62868,11.78063094996125,127.47672905003876,93.33244550778684,0.05800000000000001,0.026831138045229262,0.08916886195477075,0.05028805910838963,30.594420000000003,14.15315700747798,47.03568299252203,26.526448299084446,0.09559999999999999,0.0718359036827028,0.11936409631729718,0.03834115862157069,20.1712176,15.157088333435562,25.185346866564437,8.089831104516929,0.17719999999999997,0.16319731225799844,0.1912026877420015,0.0225920339943087,18.694245600000002,17.216990048594322,20.171501151405682,2.38341440233158
primary,uptake(mmol/g) CO2 at 0.15 bar,17,2000,geometry_plus_topology,mlp,geometry_plus_topology | mlp,10,0.6144886352109374,0.6045331229655965,0.6244441474562784,0.016062292841313466,0.3576630999775935,0.34941929948368766,0.3659069004714993,0.013300605171818079,0.6234689390014345,0.6110796957251712,0.6358581822776979,0.01998889144842807,0.8422804693251729,0.8321124301981745,0.8524485084521712,0.01640518519338011,0.46605991657186197,0.4502329624992743,0.4818868706444496,0.025535318006252476,9.322788979616664,9.006195881256813,9.639382077976515,0.5107935113810437,0.014000000000000002,-0.00037333333333333316,0.028373333333333337,0.023190036174568118,14.769719999999998,-0.3938592000000014,29.933299199999997,24.46502436344587,0.02,0.008683934723883336,0.03131606527611666,0.018257418583505537,10.549800000000001,4.580688727501222,16.51891127249878,9.630605728613334,0.0436,0.024309067921833214,0.06289093207816679,0.031124124262557347,9.199425600000001,5.129116095235122,13.26973510476488,6.567065722902551,0.11180000000000001,0.0787775059559565,0.14482249404404351,0.053278722040062315,11.7946764,8.310869323341498,15.278483476658502,5.620798617782495
primary,uptake(mmol/g) CO2 at 0.15 bar,17,2000,enriched_interpretable,rf,enriched_interpretable | rf,10,0.6300681346566456,0.6264593595896522,0.633676909723639,0.005822422844349947,0.3754514111621536,0.3740220424547991,0.3768807798695081,0.0023061534343933256,0.6043469434519965,0.5998178988057303,0.6088759880982626,0.007307192197343141,0.8355670341917039,0.8338892134273393,0.8372448549560684,0.002707007714753388,0.45153583617747445,0.44420538950793304,0.45886628284701586,0.011826993745993117,9.03225780148866,8.885623849508516,9.178891753468804,0.23658024008623102,0.068,0.014698249351243427,0.12130175064875659,0.0859974159818512,71.73864,15.506359100574798,127.97092089942521,90.72555391253337,0.075,0.02759392444000454,0.12240607555999546,0.07648529270389176,39.56175,14.555519202857994,64.56798079714201,40.34522704837587,0.1008,0.07498746227121401,0.12661253772878597,0.04164612827142518,21.2683968,15.822054589377073,26.714739010622928,8.787166480757628,0.1686,0.15212304213623024,0.18507695786376976,0.02658403865313002,17.786962800000005,16.04867669928802,19.52524890071199,2.804562909827912
primary,uptake(mmol/g) CO2 at 0.15 bar,17,2000,enriched_interpretable,hgb,enriched_interpretable | hgb,10,0.6379279420078248,0.6325620399656231,0.6432938440500264,0.008657383752401196,0.3765755586919986,0.3743976422040688,0.3787534751799284,0.0035138656405575707,0.5943781435098121,0.5875517916626233,0.6012044953570009,0.011013683646333854,0.8328653510793952,0.8313864053030131,0.8343442968557773,0.002386141423088494,0.44315510049298446,0.4338616303331279,0.452448570652841,0.014994149526508072,8.8646144846054,8.67871336308008,9.050515606130721,0.29993416510192417,0.054000000000000006,0.025944676876650398,0.08205532312334962,0.04526465385804788,56.968920000000004,27.37111521132863,86.56672478867138,47.75330452716336,0.051000000000000004,0.027543604520538785,0.07445639547946123,0.037844711945293256,26.90199,14.528975948539003,39.275004051460996,19.96270710402274,0.09559999999999999,0.07461345260516739,0.1165865473948326,0.03385984183201229,20.1712176,15.743140045879898,24.5992951541201,7.144291187187264,0.16919999999999996,0.1534093239325649,0.18499067606743502,0.02547678681990071,17.850261600000003,16.184376856237737,19.51614634376227,2.687750055925886
primary,uptake(mmol/g) CO2 at 0.15 bar,17,2000,geometry_only,rf,geometry_only | rf,10,0.6402206036423767,0.6374078299537407,0.6430333773310126,0.004538148672797471,0.38121377284955776,0.37919730437039284,0.3832302413287227,0.003253384298008636,0.59150659586541,0.5879189931636156,0.5950941985672044,0.005788263202777609,0.833731428196443,0.8319988879675143,0.8354639684253716,0.002795292480246918,0.4320819112627986,0.4259585706048108,0.4382052519207864,0.009879440494058972,8.643112907546973,8.52062519561364,8.765600619480306,0.19762252810812178,0.064,0.02532619835944063,0.10267380164055936,0.06239658110292048,67.51872,26.718632745242665,108.31880725475733,65.82714513195906,0.07100000000000001,0.027032074316737563,0.11496792568326245,0.07093815773067569,37.45179,14.259148881335896,60.64443111866411,37.41916882135412,0.11359999999999999,0.08076754602869626,0.14643245397130372,0.05297211006222467,23.9691456,17.0416291418708,30.896662058129202,11.176903334689158,0.1638,0.1424933184814403,0.1851066815185597,0.034376348458399895,17.2805724,15.032760113154989,19.528384686845012,3.626636009664273
primary,uptake(mmol/g) CO2 at 0.15 bar,17,2000,geometry_plus_topology,ridge,geometry_plus_topology | ridge,10,0.6505732697156981,0.6475320787965391,0.6536144606348571,0.004906678624471183,0.38961853823260945,0.3870585121241184,0.3921785643411005,0.0041303639654740034,0.5781862035903844,0.5742369495427514,0.5821354576380174,0.0063717540046732786,0.8314150375978764,0.828764273250663,0.8340658019450897,0.004276761672226315,0.39082290481607884,0.38283131459017644,0.39881449504198124,0.012893687367648544,7.817791962890915,7.6579328833209015,7.977651042460929,0.25791775311190446,0.012,0.0015466666666666667,0.022453333333333332,0.016865480854231358,12.65976,1.6317024000000018,23.6878176,17.792744991596997,0.013000000000000001,0.005242096503135229,0.020757903496864773,0.012516655570345725,6.85737,2.7651534844388017,10.949586515561199,6.602410646801666,0.0348,0.02389579033380023,0.045704209666199765,0.017592927872048785,7.3426608,5.041916177270513,9.643405422729487,3.7120374092908066,0.0502,0.039953700201753053,0.06044629979824695,0.016531451505808217,5.2959996,4.2150354638845435,6.3769637361154565,1.7440350709597554
primary,uptake(mmol/g) CO2 at 0.15 bar,17,2000,geometry_only,hgb,geometry_only | hgb,10,0.657700812889775,0.6544155343048763,0.6609860914746737,0.005300491365538114,0.38798150612072513,0.38602532027097847,0.3899376919704718,0.0031561238835670514,0.5688898384805257,0.5645905095314886,0.5731891674295627,0.006936567290436361,0.8266275152023267,0.8252056208765494,0.828049409528104,0.0022940942150641687,0.41729237770193406,0.4103162011475245,0.42426855425634363,0.011255411873163174,8.34727176010592,8.207724419541433,8.486819100670408,0.22514665183825736,0.05600000000000001,0.0071789043775359745,0.10482109562246404,0.07876829593462362,59.078880000000005,7.573600540212887,110.58415945978712,83.09897684510923,0.053000000000000005,0.012826640115065763,0.09317335988493425,0.06481597882552659,27.956970000000002,6.765924394296039,49.14801560570396,34.18978067067702,0.0876,0.06761355196917448,0.10758644803082551,0.032246274547957046,18.4832496,14.266189011287942,22.70031018871206,6.803834944520744,0.146,0.12644360405846153,0.16555639594153845,0.03155242550986462,15.402708,13.339547340959577,17.465868659040424,3.328717786439697
primary,uptake(mmol/g) CO2 at 0.15 bar,17,2000,geometry_only,mlp,geometry_only | mlp,10,0.6671620946047754,0.6636135605335616,0.6707106286759892,0.005725229601911077,0.39830625559318983,0.39725780569306995,0.3993547054933097,0.0016915763759973784,0.5563937804130558,0.5516715674011187,0.5611159934249929,0.0076188513847986,0.8251969038785933,0.8229323470979671,0.8274614606592195,0.0036536516926311755,0.341676147136898,0.32984179627657073,0.3535104979972252,0.0190936241572486,6.8346890729329655,6.597961665450447,7.0714164804154835,0.3819376490977271,0.002,-0.0019199999999999998,0.00592,0.006324555320336759,2.10996,-2.0255615999999987,6.245481599999999,6.672279371848873,0.034,0.01716477766374584,0.05083522233625416,0.02716206504995115,17.93466,9.054248569849292,26.81507143015071,14.327717693198732,0.0392,0.029092107726028032,0.04930789227397196,0.016308143841515365,8.2710432,6.1383183617610095,10.40376803823899,3.4409531179843764,0.0698,0.058077080682128135,0.08152291931787187,0.018913839730031905,7.363760399999999,6.127015857803153,8.600504942196846,1.995372263838906
primary,uptake(mmol/g) CO2 at 0.15 bar,17,2000,enriched_interpretable,mlp,enriched_interpretable | mlp,10,0.6688412017624271,0.6486974286318337,0.6889849748930206,0.0325001039603958,0.4020759233460427,0.38588538563628594,0.41826646105579945,0.026121926380447705,0.5532402233264151,0.5253564501025598,0.5811239965502704,0.04498787405459124,0.8188146032771411,0.8038633983788559,0.8337658081754262,0.024122378184921967,0.38725824800910125,0.34651942899960747,0.427997067018595,0.06572829451804343,7.746486660687175,6.931571240159383,8.561402081214968,1.314790219011101,0.012,0.0033325538812045558,0.020667446118795445,0.01398411797560202,12.659759999999999,3.515777693593181,21.803742306406818,14.75296478190062,0.016000000000000004,0.004989830963049563,0.027010169036950443,0.01776388345929897,8.43984,2.6320859346990124,14.247594065300987,9.370270885945613,0.0508,0.03964807651867475,0.06195192348132524,0.01799259106780714,10.718596800000002,8.365585553134302,13.071608046865702,3.7963647449430353,0.11340000000000001,0.08814344814596509,0.13865655185403494,0.040749096786172924,11.963473200000001,9.298957492503025,14.627988907496977,4.298948212747671
primary,uptake(mmol/g) CO2 at 0.15 bar,17,2000,enriched_interpretable,ridge,enriched_interpretable | ridge,10,0.7094434695063442,0.7071940675587496,0.7116928714539388,0.003629200779396812,0.4385079169877651,0.43521018160998953,0.44180565236554065,0.005320589241982968,0.4984064587827202,0.49522129281752647,0.501591624747914,0.005138968967173883,0.8068118163094479,0.8037182410900364,0.8099053915288593,0.004991195819589517,0.28153204398938186,0.2677686525295948,0.2952954354491689,0.02220595170481471,5.631601740006031,5.356286936778004,5.9069165432340585,0.4441948223273686,0.0,0.0,0.0,0.0,0.0,0.0,0.0,0.0,0.002,-0.0006133333333333329,0.004613333333333333,0.004216370213557839,1.05498,-0.32352719999999957,2.4334871999999996,2.224093123949624,0.023200000000000002,0.016928000000000002,0.029472,0.010119288512538814,4.8951072,3.571740288,6.218474112,2.13512939899164,0.0506,0.04484324721160734,0.05635675278839266,0.00928798507032966,5.338198800000001,4.730872894330152,5.9455247056698495,0.9798638489496385
primary,uptake(mmol/g) CO2 at 0.15 bar,17,2000,geometry_only,ridge,geometry_only | ridge,10,0.7449971376555804,0.7445068936305722,0.7454873816805886,0.0007909631266910641,0.49279471225547755,0.49031007547648353,0.49527934903447157,0.004008730295839567,0.44688458081167576,0.4461563809576487,0.4476127806657028,0.0011748827196569906,0.7936077594579174,0.7913632996549042,0.7958522192609306,0.003621227088885035,0.17656427758816837,0.17482221434310483,0.1783063408332319,0.0028106569808494064,3.5318881602193004,3.497040949709685,3.566735370728916,0.05622273230292951,0.0,0.0,0.0,0.0,0.0,0.0,0.0,0.0,0.0,0.0,0.0,0.0,0.0,0.0,0.0,0.0,0.0,0.0,0.0,0.0,0.0,0.0,0.0,0.0,0.0064,0.004992676930402183,0.007807323069597818,0.002270584848790187,0.6751872000000001,0.5267174308035696,0.8236569691964306,0.23954216037766715
primary,uptake(mmol/g) CO2 at 0.15 bar,17,2000,topology_only,ridge,topology_only | ridge,10,0.7931942403286646,0.7915033597520578,0.7948851209052714,0.0027280785068451033,0.5212987270222533,0.5175752241686253,0.5250222298758813,0.006007525454898394,0.3729966747107338,0.3703175622013256,0.37567578722014194,0.004322498794683173,0.6443429225334695,0.6416712802331117,0.6470145648338272,0.004310446307337949,0.19977246871444823,0.1972781152947177,0.20226682213417876,0.004024407191723706,3.9961311915883306,3.946235610042117,4.046026773134544,0.08050187901260285,0.014000000000000002,0.002240000000000004,0.025759999999999998,0.018973665961010275,14.769719999999998,2.3631551999999996,27.176284799999998,20.01683811554662,0.015000000000000003,0.0066077813819387845,0.02339221861806122,0.013540064007726602,7.912350000000001,3.48553860115889,12.339161398841112,7.142248363435704,0.026799999999999997,0.01201444452627272,0.041585555473727276,0.023855118248851056,5.654692800000001,2.5349997372654407,8.774385862734562,5.033334530034577,0.0438,0.03163395793384079,0.05596604206615921,0.019628777060451037,4.6208124,3.3373192941043355,5.904305505895665,2.0707967223234633
primary,uptake(mmol/g) CO2 at 0.15 bar,17,2000,topology_only,rf,topology_only | rf,10,0.7934474766104691,0.7923419348024343,0.7945530184185039,0.0017836888581277976,0.5214794492105675,0.5176986642603548,0.5252602341607803,0.006099944788754379,0.3726000807917913,0.3708504970279577,0.3743496645556249,0.0028227906382471053,0.6421327009229201,0.6394506703287572,0.6448147315170829,0.004327206852963919,0.20254076602199467,0.1998575528330064,0.20522397921098293,0.004329114859697305,4.051506585852938,3.997833164348979,4.105180007356898,0.08659707232998597,0.008,-0.0024533333333333317,0.018453333333333332,0.016865480854231354,8.43984,-2.5882175999999966,19.467897599999997,17.792744991596994,0.008,-0.00016013071790724025,0.016160130717907242,0.013165611772087667,4.21992,-0.0844673523888897,8.52430735238889,6.944728553658523,0.02,0.009161753319327379,0.030838246680672622,0.017486502731472002,4.21992,1.9330933033647995,6.506746696635201,3.6895821303296668,0.0374,0.030534091433433996,0.04426590856656601,0.011077504733066519,3.9456252,3.2212855780444194,4.66996482195558,1.1686545943290516
primary,uptake(mmol/g) CO2 at 0.15 bar,17,2000,topology_only,mlp,topology_only | mlp,10,0.7952024267050783,0.7908933167176128,0.7995115366925439,0.006952348086005587,0.5251599508383201,0.5201819585517543,0.5301379431248859,0.008031527449131475,0.369781154476723,0.36289490628803256,0.37666740266541343,0.011110320821158556,0.6435058735282219,0.6393791134671128,0.6476326335893309,0.006658143443938896,0.20276829730754647,0.19959537198198649,0.20594122263310646,0.0051192198338779575,4.056057988121262,3.9925886525133882,4.119527323729136,0.10240186841760646,0.004,-0.0038399999999999997,0.01184,0.012649110640673518,4.21992,-4.0511231999999975,12.490963199999998,13.344558743697746,0.004,-0.0019878989080756295,0.00998789890807563,0.009660917830792959,2.10996,-1.0485967950208135,5.268516795020814,5.096037546564977,0.0128,0.006005333333333335,0.019594666666666666,0.010962562555250382,2.7007488,1.2671013119999996,4.1343962880000005,2.31305684890761,0.035800000000000005,0.03169074626942772,0.03990925373057229,0.006629898608240969,3.7768284000000003,3.3433103499320858,4.210346450067915,0.6994410433722059
primary,uptake(mmol/g) CO2 at 0.15 bar,17,2000,topology_only,hgb,topology_only | hgb,10,0.7988454364896915,0.7972331242320071,0.800457748747376,0.002601315833515963,0.5275712662251932,0.5239629616960296,0.5311795707543568,0.005821663675335993,0.36403124653711455,0.3614640171221506,0.3665984759520785,0.004141985830340612,0.6272563650555479,0.6207230725458214,0.6337896575652745,0.010540859668802959,0.20322335987864998,0.20104240079846813,0.20540431895883182,0.0035187745801022506,4.06516079265791,4.021534167507924,4.108787417807895,0.07038750107160179,0.0,0.0,0.0,0.0,0.0,0.0,0.0,0.0,0.0,0.0,0.0,0.0,0.0,0.0,0.0,0.0,0.010400000000000001,0.007264000000000001,0.013536000000000001,0.005059644256269407,2.1943584,1.532674944,2.856041856,1.06756469949582,0.038,0.0341681011379619,0.0418318988620381,0.006182412330330469,4.008924,3.604666333852705,4.413181666147296,0.6522321360252038
primary,uptake(mmol/g) CO2 at 0.15 bar,17,5000,geometry_plus_topology,hgb,geometry_plus_topology | hgb,10,0.5658450796395558,0.5624961329035695,0.5691940263755421,0.005403214004236274,0.32380054484106013,0.3222907266638366,0.32531036301828364,0.0024359511697704694,0.6808926241834768,0.6770940887262521,0.6846911596407016,0.00612858358047915,0.8677669932351952,0.8663428533444575,0.869191133125933,0.002297717225221744,0.5308684110731893,0.5248806484871881,0.5368561736591905,0.009660697887807912,10.619180059044238,10.499404371274434,10.738955746814042,0.19324692942130448,0.052000000000000005,0.027070388869637158,0.07692961113036285,0.040221608343995616,54.85896,28.558718849689804,81.1592011503102,42.4329923707485,0.078,0.0522285049802004,0.1037714950197996,0.04157990967870047,41.144220000000004,27.550014092005913,54.7384259079941,21.932986556417713,0.1436,0.12738679912334808,0.15981320087665193,0.026158491291866707,30.2990256,26.878105067829953,33.71994613217005,5.519337028618708,0.2278,0.21091970742749602,0.24468029257250398,0.027234781683232435,24.032444400000003,22.251607294185977,25.81328150581403,2.873214998017655
primary,uptake(mmol/g) CO2 at 0.15 bar,17,5000,geometry_plus_topology,rf,geometry_plus_topology | rf,10,0.5697812589286043,0.5665258325144115,0.5730366853427972,0.0052523276652673935,0.32571189239065357,0.32411974832541873,0.3273040364558884,0.002568776331256031,0.676439386901283,0.6727314001314781,0.6801473736710879,0.005982491697119342,0.8681063229679282,0.8666214259139353,0.8695912200219211,0.002395743255863029,0.5202502844141068,0.5158384829565271,0.5246620858716865,0.007118031219593122,10.406781286522458,10.318530200028006,10.49503237301691,0.142384918013772,0.06200000000000001,0.030288085659943044,0.09371191434005699,0.05116422361159972,65.40876,31.953324609526703,98.8641953904733,53.97723262576546,0.085,0.05152662749786532,0.11847337250213469,0.054006172486732174,44.836650000000006,27.17978073884898,62.493519261151036,28.487715925026354,0.1488,0.12638619092315334,0.17121380907684663,0.036162595777036434,31.396204800000003,26.666980740021668,36.12542885997834,7.63016305857158,0.22760000000000002,0.21468050885074977,0.24051949114925028,0.020844397062253658,24.011344800000003,22.648364322736402,25.374325277263605,2.199042201273636
primary,uptake(mmol/g) CO2 at 0.15 bar,17,5000,geometry_plus_topology,mlp,geometry_plus_topology | mlp,10,0.5861402232907199,0.5814840990750558,0.590796347506384,0.007512223260287587,0.33723991005227477,0.3349801058703354,0.33949971423421416,0.00364598381678674,0.6575687694710034,0.6521226183214296,0.6630149206205772,0.008786858221529407,0.8643797370857037,0.8615705501009908,0.8671889240704166,0.004532361859690552,0.48907849829351535,0.48195961031287576,0.49619738627415494,0.011485663482866214,9.783239175762095,9.640837119603294,9.925641231920896,0.22975246987398942,0.041999999999999996,0.03285333333333333,0.05114666666666666,0.014757295747452437,44.30916,34.659609599999996,53.9587104,15.568651867647374,0.039,0.027893333333333332,0.05010666666666667,0.01791957340762082,20.572110000000002,14.713454400000002,26.4307656,9.452395776785906,0.09079999999999999,0.06704740197601768,0.11455259802398231,0.03832260719499943,19.1584368,14.146733627331827,24.170139972668174,8.0859168277161,0.1724,0.15108250321136804,0.19371749678863195,0.03439379789051121,18.1878552,15.938901923792908,20.436808476207094,3.628476889853152
primary,uptake(mmol/g) CO2 at 0.15 bar,17,5000,enriched_interpretable,hgb,enriched_interpretable | hgb,10,0.6022755261171808,0.5998151117084596,0.6047359405259021,0.003969649754824297,0.3538681055020425,0.3521633959230553,0.3555728150810297,0.0027503903156665013,0.6384956498767824,0.635541262544428,0.6414500372091368,0.004766629112545396,0.8495522938870199,0.8481978654538072,0.8509067223202327,0.002185244273798849,0.4941221084565794,0.4872391194808053,0.5010050974323534,0.011105062384324307,9.884128592709938,9.746445321764504,10.021811863655373,0.22213914892329287,0.06399999999999999,0.031047120510239667,0.09695287948976031,0.05316640543300503,67.51872,32.754091195892656,102.28334880410735,56.08949440371164,0.089,0.05871322547528193,0.11928677452471806,0.04886489310105751,46.94661,30.97063930595647,62.92258069404353,25.775742461876824,0.1392,0.11724799999999999,0.161152,0.03541750979388585,29.3706432,24.738859008,34.002427392,7.472952896470739,0.21880000000000002,0.20028217742581791,0.23731782257418213,0.029876784000662158,23.082962400000003,21.12936915406894,25.036555645931067,3.151940958501856
primary,uptake(mmol/g) CO2 at 0.15 bar,17,5000,enriched_interpretable,rf,enriched_interpretable | rf,10,0.6026158794654949,0.5991456057486955,0.6060861531822943,0.005598963800665402,0.35548042765960075,0.3533698082088466,0.3575910471103549,0.0034052881317533576,0.6380729861830288,0.6339070331603042,0.6422389392057534,0.006721377641363689,0.8509310413633464,0.8495871639284635,0.8522749187982294,0.002168221219558598,0.49799014031095945,0.49099322899801084,0.5049870516239081,0.011288865477100429,9.961502431271445,9.821540324769083,10.101464537773806,0.22581583809312505,0.06999999999999999,0.045729743855217886,0.0942702561447821,0.03915780041490244,73.8486,48.243965172377784,99.45323482762223,41.310696281713774,0.11400000000000002,0.0710386757911517,0.15696132420884834,0.0693140998963735,60.133860000000006,37.4721910930746,82.79552890692541,36.56249455433806,0.1624,0.13858566392555385,0.18621433607444612,0.03842221579589947,34.2657504,29.241020745636163,39.29048005436384,8.106933844071605,0.23200000000000004,0.20722841197393005,0.25677158802607003,0.039966652766191636,24.475536000000005,21.862183006425674,27.088888993574336,4.216401933527686
primary,uptake(mmol/g) CO2 at 0.15 bar,17,5000,geometry_only,rf,geometry_only | rf,10,0.6171009189838852,0.6140628576034701,0.6201389803643003,0.004901629404850513,0.36425628694678835,0.36227710790157386,0.36623546599200285,0.0031932212653852806,0.6204725763630393,0.6167374038605277,0.624207748865551,0.00602635334773876,0.8463859043319097,0.845213119839782,0.8475586888240375,0.0018921786732895931,0.46799393249905197,0.46023995225640923,0.4757479127416947,0.01251032576464089,9.361475898897417,9.206369829948171,9.516581967846664,0.2502492126503762,0.055999999999999994,0.02631823904595057,0.08568176095404942,0.047888759989514584,59.078880000000005,27.765215828696938,90.39254417130307,50.5216840137381,0.07300000000000001,0.03842267666679666,0.10757732333320336,0.05578729445153459,38.50677,20.26757771496857,56.74596228503144,29.42723995023998,0.1408,0.11679713439329935,0.16480286560670065,0.038726390657190524,29.7082368,24.64372816844859,34.772745431551414,8.171113523104573,0.21059999999999998,0.19166415021418073,0.22953584978581923,0.03055123201734716,22.2178788,20.220184519295643,24.21557308070436,3.2230938753660907
primary,uptake(mmol/g) CO2 at 0.15 bar,17,5000,geometry_only,hgb,geometry_only | hgb,10,0.6254811881012836,0.6227134358193652,0.628248940383202,0.004465510821423711,0.3681003759412318,0.366395285079293,0.3698054668031706,0.0027510054802379327,0.6100988255761288,0.606649021919589,0.6135486292326686,0.005565937262777059,0.8429575221662853,0.841718930527278,0.8441961138052926,0.001998352382706147,0.4567311338642397,0.4520719979702356,0.46139026975824377,0.0075170823231110575,9.136181486615387,9.042982867247613,9.22938010598316,0.15036730203328977,0.038,0.021013333333333332,0.05498666666666667,0.027406406388125956,40.089240000000004,22.168646400000007,58.0098336,28.913210611345114,0.049,0.024130388020718943,0.07386961197928106,0.04012480529547776,25.847010000000004,12.728538377049038,38.965481622950975,21.165433545311565,0.11879999999999999,0.0945917297510862,0.14300827024891377,0.03905779193849943,25.0663248,19.958476610560187,30.174172989439814,8.241037867855626,0.1948,0.1799108787812488,0.2096891212187512,0.02402221194367135,20.551010400000003,18.980237889664192,22.121782910335813,2.5342953156334405
primary,uptake(mmol/g) CO2 at 0.15 bar,17,5000,enriched_interpretable,mlp,enriched_interpretable | mlp,10,0.6413343706253201,0.6330975667445305,0.6495711745061096,0.013289316787453582,0.38272210267519124,0.3757936374780228,0.3896505678723597,0.011178434036867326,0.5899442157348398,0.5793133504277631,0.6005750810419165,0.017151912177973298,0.8381237364807088,0.8299549554505896,0.846292517510828,0.013179568246098486,0.43667045885475925,0.42204223853424017,0.45129867917527833,0.023601272616121716,8.73489951995817,8.442285187881165,9.027513852035174,0.4721060027409194,0.01,0.0034666666666666674,0.016533333333333334,0.010540925533894598,10.5498,3.6572640000000005,17.442335999999997,11.120465619748122,0.019,0.007515448056918662,0.030484551943081337,0.01852925614624973,10.022310000000001,3.964323695544027,16.080296304455974,9.773997324585268,0.07760000000000002,0.06522041077687418,0.08997958922312585,0.019973315531812273,16.373289600000003,13.761245792277345,18.985333407722663,4.214289683950263,0.13779999999999998,0.12293096006984833,0.15266903993015163,0.02398981265268887,14.537624400000002,12.968970425448862,16.10627837455114,2.530877255233371
primary,uptake(mmol/g) CO2 at 0.15 bar,17,5000,geometry_plus_topology,ridge,geometry_plus_topology | ridge,10,0.6451403783224313,0.6436926561248285,0.6465881005200341,0.0023357650834741547,0.38718387839062035,0.3849600937794345,0.3894076630018062,0.0035878695902955026,0.585218202568209,0.583356535899097,0.587079869237321,0.0030036259787821476,0.8339127807435984,0.8313951948546041,0.8364303666325927,0.004061890619551933,0.39457717102768297,0.3911796562396305,0.3979746858157354,0.005481574037933637,7.892890100318259,7.824928208943599,7.960851991692919,0.10965018920248831,0.018,0.010963384652010914,0.025036615347989084,0.011352924243950936,18.98964,11.566151540178478,26.413128459821525,11.977108018883357,0.014000000000000002,0.008773333333333334,0.01922666666666667,0.008432740427115679,7.384860000000001,4.627845600000001,10.1418744,4.448186247899249,0.0376,0.02838267293505204,0.04681732706494796,0.014871299726505263,7.9334496,5.98863045860424,9.878268741395761,3.1377847570937054,0.0508,0.04403050817597395,0.05756949182402605,0.01092194528867861,5.3592984,4.6451305515489,6.0734662484511,1.152243384065016
primary,uptake(mmol/g) CO2 at 0.15 bar,17,5000,geometry_only,mlp,geometry_only | mlp,10,0.655800246716015,0.6469116714789209,0.6646888219531091,0.014340889236218632,0.39191600863699727,0.3864122218562135,0.39741979541778105,0.008879847950613536,0.5712184012902274,0.5594667660565201,0.5829700365239346,0.018960170188775476,0.8317811770819714,0.8254885575214889,0.838073796642454,0.010152556255128755,0.37042093287827077,0.3391643781223218,0.40167748763421973,0.05042954328498322,7.409682892831212,6.7844451200509495,8.034920665611475,1.0087629801818658,0.0,0.0,0.0,0.0,0.0,0.0,0.0,0.0,0.022,0.014963384652010914,0.029036615347989084,0.011352924243950934,11.60478,7.893035770089238,15.316524229910762,5.988554009441678,0.0364,0.028875596561114557,0.04392440343888544,0.012139924949429374,7.6802544,6.092635372008926,9.267873427991073,2.5614756046298,0.07959999999999999,0.06772729561838021,0.09147270438161977,0.019155503995805834,8.397640800000001,7.145094233147878,9.650187366852125,2.0208673605495244
primary,uptake(mmol/g) CO2 at 0.15 bar,17,5000,enriched_interpretable,ridge,enriched_interpretable | ridge,10,0.7058337153040564,0.7046877454324809,0.7069796851756318,0.001848915777606576,0.43731843079468824,0.4353343089743987,0.4393025526149778,0.0032011959731399944,0.5035064657172568,0.5018924789820078,0.5051204524525057,0.002604017447288578,0.8069601789567151,0.8056805657968745,0.8082397921165557,0.002064536790317093,0.2897231702692453,0.28599034539505674,0.2934559951434339,0.006022565667840514,5.795452221665689,5.720782984165282,5.870121459166096,0.12047186818844108,0.0,0.0,0.0,0.0,0.0,0.0,0.0,0.0,0.0,0.0,0.0,0.0,0.0,0.0,0.0,0.0,0.017600000000000005,0.014055102195486531,0.02114489780451348,0.005719362823873924,3.7135296,2.965570342838875,4.461488857161125,1.2067626783861027,0.0536,0.04973261983594406,0.05746738016405594,0.006239658110292049,5.654692800000001,5.246691927452428,6.062693672547574,0.6582714513195906
primary,uptake(mmol/g) CO2 at 0.15 bar,17,5000,geometry_only,ridge,geometry_only | ridge,10,0.7447472858108825,0.744307132931561,0.7451874386902039,0.0007101457231310502,0.49457532995941217,0.49268374226339706,0.4964669176554273,0.003051900772121401,0.4472556268685938,0.44660206901391325,0.4479091847232744,0.0010544547976958606,0.7924880650042768,0.7907942371630804,0.7941818928454732,0.002732833644074894,0.17686765263557075,0.1749639554788975,0.178771349792244,0.003071438260343815,3.537956696577065,3.4998762561836796,3.57603713697045,0.06143924793131431,0.0,0.0,0.0,0.0,0.0,0.0,0.0,0.0,0.0,0.0,0.0,0.0,0.0,0.0,0.0,0.0,0.0,0.0,0.0,0.0,0.0,0.0,0.0,0.0,0.005,0.0033215562763877567,0.006678443723612244,0.0027080128015453202,0.52749,0.35041754404635556,0.7045624559536445,0.2856899345374282
primary,uptake(mmol/g) CO2 at 0.15 bar,17,5000,topology_only,ridge,topology_only | ridge,10,0.7900757312553852,0.7891301064825668,0.7910213560282037,0.001525677598972273,0.5207222348892186,0.5179379934336376,0.5235064763447997,0.004492114569132073,0.37792174931936884,0.37643147811522726,0.3794120205235104,0.0024044139471679294,0.6464944029129029,0.6431003810219483,0.6498884248038576,0.005475938573412391,0.2031475161167994,0.2016281013126702,0.2046669309209286,0.002451434434503532,4.063643658568468,4.033250176769829,4.094037140367107,0.04903705536049562,0.016,0.004608744094213708,0.027391255905786293,0.01837873166945363,16.87968,4.86213284451358,28.89722715548642,19.389194336640188,0.025,0.01251808419263204,0.03748191580736796,0.020138409955990953,13.18725,6.6031642307714735,19.77133576922853,10.62280986768567,0.033600000000000005,0.019040191454250205,0.048159808545749805,0.023490896581914923,7.0894656,4.017404236080974,10.161526963919025,4.956485215197722,0.0476,0.03593036197838358,0.05926963802161642,0.01882787531531078,5.0217048,3.790581327995511,6.252828272004489,1.9863031900146566
primary,uptake(mmol/g) CO2 at 0.15 bar,17,5000,topology_only,rf,topology_only | rf,10,0.7902920039579752,0.7894095958859366,0.7911744120300137,0.0014236833333467226,0.5204369483879833,0.5177457510686794,0.5231281457072872,0.004341996511193748,0.3775814023933564,0.37619142320311577,0.37897138158359706,0.002242602112957581,0.6461187037029472,0.6431571804904811,0.6490802269154133,0.0047781421912508355,0.20329920364050058,0.2005215694461241,0.20607683783487707,0.0044814543678553835,4.06667792674735,4.011115762879635,4.122240090615065,0.08964438242320952,0.02,0.00568618383053166,0.03431381616946834,0.023094010767585032,21.0996,5.99881021753429,36.200389782465706,24.363719479586855,0.025,0.011217918234977064,0.03878208176502294,0.02223610677354389,13.18725,5.917339689768052,20.45716031023195,11.729323961976666,0.03,0.016208630073685774,0.04379136992631422,0.02225109235770485,6.32988,3.419956111027404,9.239803888972595,4.694891483106292,0.0424,0.03126953138652484,0.05353046861347516,0.017957975634488674,4.4731152000000005,3.2988730222155986,5.647357377784402,1.894530513487286
primary,uptake(mmol/g) CO2 at 0.15 bar,17,5000,topology_only,mlp,topology_only | mlp,10,0.7910243590622092,0.789819402774902,0.7922293153495165,0.0019440848718525721,0.5231794155932495,0.5194789351403178,0.5268798960461812,0.005970380953160996,0.3764257220977003,0.37452307264278084,0.3783283715526198,0.0030697478910323294,0.6437002316425277,0.6397312699430175,0.6476691933420378,0.0064035504675636285,0.20147895335608648,0.19919461887697187,0.2037632878352011,0.0036855611692125055,4.03026670860076,3.9845722226550584,4.075961194546463,0.0737238020913123,0.014000000000000002,0.002240000000000004,0.025759999999999998,0.018973665961010275,14.769720000000001,2.363155200000003,27.176284799999998,20.01683811554662,0.015,0.0032218658334842998,0.0267781341665157,0.0190029237516523,7.912350000000001,1.699502008504635,14.125197991495366,10.023852249759072,0.0264,0.010029599394028262,0.04277040060597174,0.026412118430750683,5.570294400000001,2.116205353742387,9.024383446257614,5.572851340414672,0.04359999999999999,0.03082670675023686,0.056373293249763125,0.020608520352298734,4.599712800000001,3.2521559087364897,5.947269691263512,2.174157680126812
primary,uptake(mmol/g) CO2 at 0.15 bar,17,5000,topology_only,hgb,topology_only | hgb,10,0.79435661612103,0.7933813237640496,0.7953319084780105,0.0015735434860267438,0.5247468534384117,0.5220350045125918,0.5274587023642315,0.004375315957077489,0.3711621350656876,0.36961610582526183,0.3727081643061134,0.002494374351513063,0.6349246971613983,0.6304734918751281,0.6393759024476685,0.007181605631426274,0.20386803185438002,0.2011739741272281,0.20656208958153194,0.004346611513151301,4.07805643241816,4.0241660831388515,4.131946781697469,0.08694706511460673,0.002,-0.0019199999999999998,0.00592,0.006324555320336759,2.10996,-2.0255615999999987,6.245481599999999,6.672279371848873,0.002,-0.0019199999999999998,0.00592,0.006324555320336759,1.05498,-1.0127807999999994,3.1227407999999994,3.3361396859244365,0.0172,0.009269060753395387,0.025130939246604613,0.012795832654944085,3.6291312000000007,1.955734742723414,5.302527657276587,2.6998695068625818,0.03979999999999999,0.03556793278776329,0.04403206721223669,0.006828046735503663,4.198820400000001,3.7523457732434538,4.645295026756548,0.7203452745021655
primary,uptake(mmol/g) CO2 at 0.15 bar,17,10000,geometry_plus_topology,hgb,geometry_plus_topology | hgb,10,0.5421975316706397,0.5388713739389756,0.5455236894023038,0.005366446065835612,0.3105939579435299,0.30954660310128157,0.3116413127857782,0.0016898096019954153,0.7070054938177851,0.7033935006074287,0.7106174870281415,0.005827615019280582,0.8762122695104928,0.8753226360101095,0.8771019030108761,0.0014353408897957126,0.5572620401971937,0.5537806455608676,0.5607434348335198,0.00561690636973682,11.147142722169805,11.077502947550325,11.216782496789286,0.11235729772364336,0.098,0.04690615866640851,0.1490938413335915,0.08243515970479803,103.38804,49.48505926988765,157.29102073011236,86.96744478536783,0.11499999999999999,0.07491173072664106,0.15508826927335892,0.06467869303977418,60.661350000000006,39.515188840995904,81.80751115900411,34.11736379155049,0.17759999999999998,0.15241961454712108,0.20278038545287888,0.04062620938370806,37.4728896,32.15992899098436,42.78585020901564,8.571967675124867,0.27660000000000007,0.26269704210528494,0.2905029578947152,0.0224311291636323,29.180746799999998,27.71401254802334,30.647481051976655,2.36643926450488
primary,uptake(mmol/g) CO2 at 0.15 bar,17,10000,geometry_plus_topology,rf,geometry_plus_topology | rf,10,0.547647002278153,0.5446096913917334,0.5506843131645726,0.004900418552607547,0.31112660453646307,0.31000308274376936,0.3122501263291568,0.0018126978906875413,0.701091103553292,0.6977654580222303,0.7044167490843536,0.00536561967781375,0.878707922167048,0.8778311837067705,0.8795846606273254,0.0014145359422172838,0.5437618505877891,0.5400762728051917,0.5474474283703866,0.005946336880980082,10.877092854249257,10.803368719833545,10.95081698866497,0.11894703228472427,0.096,0.06356938620514391,0.1284306137948561,0.052323778320929555,101.27808,67.06443105870271,135.4917289412973,55.20053965301427,0.10600000000000001,0.0791894415491873,0.13281055845081272,0.043256341860022224,55.913940000000004,41.77163852278081,70.0562414772192,22.817287767743125,0.176,0.15407290301425602,0.19792709698574396,0.035377331097124265,37.135296000000004,32.50876624439597,41.761825755604036,7.464475352168832,0.26739999999999997,0.2556392740964778,0.27916072590352214,0.01897483713881214,28.210165200000006,26.96943213863022,29.45089826136979,2.001807368470404
primary,uptake(mmol/g) CO2 at 0.15 bar,17,10000,geometry_plus_topology,mlp,geometry_plus_topology | mlp,10,0.5734864357839805,0.5683766604163368,0.5785962111516242,0.00824414719060117,0.3292134651311694,0.3264967559604094,0.3319301743019294,0.004383157510137197,0.6721817075405301,0.6662863428158822,0.678077072265178,0.00951162253433621,0.8714928378169823,0.8691564026306354,0.8738292730033291,0.0037696208133755496,0.5056124383769435,0.4968284034653928,0.5143964732884941,0.014172223146395768,10.113974407260292,9.938263729387943,10.289685085132641,0.28349283229018996,0.048,0.034674562337810855,0.06132543766218915,0.021499353995462798,50.63904,36.5809697751437,64.6971102248563,22.681388478133346,0.041999999999999996,0.0343808895240688,0.04961911047593119,0.012292725943057184,22.154580000000003,18.135575415051058,26.173584584948948,6.484290007703234,0.10200000000000001,0.0845375353655015,0.11946246463449851,0.028174062145487254,21.521592000000002,17.837081811979353,25.20610218802065,5.94461441644923,0.195,0.17347170007228213,0.21652829992771788,0.03473390914429939,20.572110000000002,18.30091741422562,22.843302585774385,3.6643579469052976
primary,uptake(mmol/g) CO2 at 0.15 bar,17,10000,enriched_interpretable,hgb,enriched_interpretable | hgb,10,0.5794827424049169,0.5769912524850034,0.5819742323248305,0.0040197872011619035,0.34004782403480593,0.33890027958166624,0.3411953684879456,0.0018514562184763989,0.6653383576145097,0.6624529888414832,0.6682237263875361,0.004655274087902664,0.8578973780022776,0.8569250706934536,0.8588696853111016,0.001568727388526896,0.5235494880546075,0.5175272262501158,0.5295717498590993,0.009716359167362073,10.472776619413157,10.352310829528767,10.593242409297547,0.19436034498262525,0.098,0.05145257901881137,0.14454742098118864,0.07509993342207436,103.38804,54.28144181326562,152.4946381867344,79.22892776162,0.11200000000000002,0.0742646973423206,0.14973530265767943,0.060882400303097994,59.078880000000005,39.173885201100695,78.98387479889931,32.11485733588116,0.178,0.15875159804612918,0.1972484019538708,0.031055505863605636,37.55728800000001,33.49595218134108,41.61862381865893,6.552587515197336,0.2626,0.2459683352072687,0.2792316647927313,0.026833643890542415,27.7037748,25.949167427696434,29.45838217230357,2.8308957631644436
primary,uptake(mmol/g) CO2 at 0.15 bar,17,10000,enriched_interpretable,rf,enriched_interpretable | rf,10,0.5807466508474143,0.5774210212781994,0.5840722804166292,0.005365593924859077,0.3405211551091288,0.33899862566870365,0.3420436845495539,0.0024564596104107266,0.6638656406363764,0.6600065369254148,0.6677247443473381,0.006226304823187215,0.8611560411163712,0.8604693593252898,0.8618427229074527,0.0011078971875414145,0.5208570345089116,0.5128692472688853,0.528844821748938,0.012887551603731383,10.41891835923799,10.259135352364972,10.578701366111009,0.2577950168923876,0.12600000000000003,0.06872982703788028,0.18327017296211978,0.09240009620004613,132.92748,72.5085929284229,193.3463670715771,97.48025348912468,0.12999999999999998,0.08755846897724404,0.17244153102275592,0.06847546194724713,68.5737,46.18621680080646,90.96118319919354,36.12012142255339,0.2088,0.18070697054427914,0.23689302945572088,0.04532548951748894,44.055964800000005,38.12844795696073,49.98348164303928,9.563496986232098,0.27559999999999996,0.2559495405086236,0.2952504594913763,0.03170418829674646,29.075248800000004,27.002164624578782,31.148332975421226,3.3447284569301585
primary,uptake(mmol/g) CO2 at 0.15 bar,17,10000,geometry_only,rf,geometry_only | rf,10,0.5983382741574808,0.5951725645289909,0.6015039837859706,0.005107577977935456,0.3514567012824945,0.34995723257413025,0.35295616999085877,0.002419253264582563,0.6431972721465462,0.6394068836193911,0.6469876606737013,0.006115439266724994,0.8551592701140731,0.8543440116814319,0.8559745285467143,0.0013153436371454246,0.4935912021236253,0.4883680670597636,0.49881433718748697,0.008427042514536714,9.87350865408385,9.76902812640708,9.977989181760618,0.16856961152798525,0.126,0.07504,0.17696,0.08221921916437787,132.92748,79.1656992,186.6892608,86.73963183403535,0.143,0.10467544216389008,0.1813245578361099,0.06183310871477621,75.43107,55.21524898703039,95.64689101296962,32.616346515957304,0.18359999999999999,0.15070001191489577,0.2164999880851042,0.053081070072107626,38.738865600000004,31.79709971399535,45.68063148600466,11.19989346093442,0.257,0.24373556333650012,0.27026443666349986,0.021400934559032695,27.112986,25.713614460874087,28.51235753912591,2.2577557941088315
primary,uptake(mmol/g) CO2 at 0.15 bar,17,10000,geometry_only,hgb,geometry_only | hgb,10,0.6047673231246989,0.6022952164599887,0.6072394297894091,0.00398851412212571,0.3559046070211017,0.35489365587239974,0.3569155581698037,0.0016310756291132182,0.6354981375818446,0.6325096718276566,0.6384866033360326,0.004821611475840303,0.8508706170148687,0.8501323281023242,0.8516089059274131,0.0011911604769843536,0.4841486537732271,0.4804587482399585,0.48783855930649567,0.005953319304075004,9.68462545994841,9.610814755748795,9.758436164148026,0.11908670457741831,0.072,0.01774579012750359,0.12625420987249641,0.08753412033157253,75.95856,18.72145366871373,133.19566633128628,92.34674626740241,0.082,0.04164112984733097,0.12235887015266904,0.06511528238439881,43.254180000000005,21.965279583168613,64.5430804168314,34.34766030494654,0.1628,0.1410276237809875,0.1845723762190125,0.035127703533757444,34.3501488,29.75626450729323,38.94403309270677,7.411804934808686,0.24420000000000003,0.23275715062679853,0.25564284937320153,0.01846197292936063,25.762611600000003,24.55541387682599,26.969809323174015,1.947701220101688
primary,uptake(mmol/g) CO2 at 0.15 bar,17,10000,enriched_interpretable,mlp,enriched_interpretable | mlp,10,0.6220452535987656,0.6181163784970652,0.625974128700466,0.00633887447127499,0.37065998281926704,0.36752258860111753,0.37379737703741656,0.0050618936975488195,0.6143523717169812,0.6094731149628202,0.6192316284711422,0.007872226853014893,0.8489717990404031,0.8468387232461752,0.851104874834631,0.0034415193528228773,0.46336746302616605,0.4565792571998479,0.4701556688524842,0.01095213859040344,9.2689307194415,9.133143434977162,9.404718003905836,0.21908015112066406,0.01,-0.000534683457776769,0.02053468345777677,0.016996731711975948,10.5498,-0.5640803542853359,21.663680354285333,17.931212021500386,0.009,0.002178999747511774,0.015821000252488227,0.011005049346146118,4.74741,1.1494005768149869,8.345419423185014,5.805053479598615,0.08279999999999998,0.07037360686996333,0.09522639313003664,0.02004882928142079,17.4704688,14.848549555134785,20.092388044865213,4.23022278306266,0.16419999999999996,0.15493371549948712,0.1734662845005128,0.014950287994253188,17.322771600000003,16.3451971177649,18.300346082235105,1.5772254828177232
primary,uptake(mmol/g) CO2 at 0.15 bar,17,10000,geometry_only,mlp,geometry_only | mlp,10,0.6304897090989433,0.625414133639062,0.6355652845588247,0.00818896882106209,0.3737159273792504,0.3705812230542316,0.37685063170426925,0.005057553805224611,0.6037876090475627,0.5973977413364407,0.6101774767586846,0.010309457099138863,0.8441752617593377,0.8411233160344218,0.8472272074842535,0.004924030503034555,0.45104285172544556,0.4358231927910884,0.46626251065980273,0.024555503797703947,9.02239642990729,8.717951306991703,9.326841552822879,0.4911938831342757,0.006,1.2101091924368763e-05,0.011987898908075632,0.00966091783079296,6.32988,0.012766409958371305,12.646993590041628,10.192075093129956,0.015000000000000003,0.002518084192632039,0.027481915807367967,0.020138409955990956,7.912350000000001,1.3282642307714738,14.496435769228528,10.62280986768567,0.078,0.06578423896035217,0.09021576103964783,0.019708993998792647,16.457688000000005,13.880211283678472,19.03516471632154,4.158518897769253,0.15819999999999998,0.13820799999999997,0.178192,0.03225523213371747,16.689783600000002,14.580667584000002,18.798899616,3.4028624796429257
primary,uptake(mmol/g) CO2 at 0.15 bar,17,10000,geometry_plus_topology,ridge,geometry_plus_topology | ridge,10,0.6427078026555474,0.6419489366068399,0.6434666687042548,0.001224359771881544,0.3872533776281469,0.38586079694618625,0.3886459583101075,0.0022467993778296754,0.5883437819227064,0.5873721313520144,0.5893154324933985,0.0015676678026476443,0.8335541317330986,0.8320816814991417,0.8350265819670554,0.002375661469669022,0.4003412969283276,0.39703572290526773,0.40364687095138746,0.005333236166915866,8.008192291115796,7.942069528831994,8.074315053399596,0.10668292550953523,0.028000000000000004,0.01933255388120456,0.03666744611879545,0.01398411797560202,29.539440000000003,20.395457693593187,38.68342230640682,14.752964781900618,0.018,0.012304372047106854,0.023695627952893143,0.009189365834726813,9.49482,6.490433211128395,12.499206788871607,4.847298584160048,0.036000000000000004,0.028987690822560665,0.043012309177439347,0.01131370849898476,7.595856,6.116286812797009,9.075425187202992,2.387147238451789,0.0504,0.04508265329322979,0.05571734670677021,0.008579044235810889,5.3170992,4.756129757129157,5.8780686428708435,0.905072008789577
primary,uptake(mmol/g) CO2 at 0.15 bar,17,10000,enriched_interpretable,ridge,enriched_interpretable | ridge,10,0.7041489336251845,0.7037598909795029,0.7045379762708661,0.0006276841159651507,0.43735787169307605,0.43612975992842645,0.43858598345772565,0.0019814440803782286,0.5058765341196224,0.5053303978195888,0.506422670419656,0.0008811401127568788,0.8066284869621374,0.805595767685957,0.8076612062383178,0.001666196477699336,0.2924535456958665,0.29006221616649763,0.2948448752252354,0.003858187728991966,5.850069048885576,5.802234296763968,5.897903801007184,0.07717692245604736,0.0,0.0,0.0,0.0,0.0,0.0,0.0,0.0,0.0,0.0,0.0,0.0,0.0,0.0,0.0,0.0,0.018399999999999996,0.014855102195486523,0.021944897804513468,0.005719362823873924,3.8823264,3.134367142838875,4.630285657161125,1.2067626783861027,0.0514,0.0491330180611414,0.053666981938858604,0.0036575644598253873,5.4225972,5.1834351394142955,5.661759260585705,0.38586573538265867
primary,uptake(mmol/g) CO2 at 0.15 bar,17,10000,geometry_only,ridge,geometry_only | ridge,10,0.7442063672627276,0.7440020421425008,0.7444106923829544,0.0003296595730125686,0.49396534423270666,0.4927007021760326,0.4952299862893807,0.0020403823081273954,0.44805861870294555,0.44775552960234327,0.44836170780354784,0.0004890060672832523,0.7934351960771711,0.7921975185080762,0.7946728736462659,0.001996877615938818,0.17724687144482365,0.17624844126679218,0.17824530162285512,0.0016108742077688286,3.5455423670242716,3.5255703558521128,3.5655143781964305,0.03222298201956686,0.0,0.0,0.0,0.0,0.0,0.0,0.0,0.0,0.0,0.0,0.0,0.0,0.0,0.0,0.0,0.0,0.0,0.0,0.0,0.0,0.0,0.0,0.0,0.0,0.005,0.0039465316542223235,0.006053468345777677,0.001699673171197595,0.52749,0.41635119645714663,0.6386288035428535,0.1793121202150039
primary,uptake(mmol/g) CO2 at 0.15 bar,17,10000,topology_only,ridge,topology_only | ridge,10,0.788665406944709,0.7879725960506272,0.7893582178387908,0.0011177859250388756,0.519503735248507,0.5178329106969437,0.5211745598000703,0.0026957199762599597,0.38014160774587086,0.3790520183848451,0.3812311971068966,0.001757951068943346,0.6469891521455351,0.6442256212085804,0.6497526830824898,0.004458700074038849,0.20216154721274177,0.20054276745802643,0.2037803269674571,0.0026117505383005833,4.043920915405732,4.011539795465846,4.076302035345617,0.05224392459037436,0.022,0.011146011485787049,0.03285398851421295,0.017511900715418263,23.20956,11.758819197275624,34.66030080272438,18.474705016751955,0.027000000000000003,0.015665090305706987,0.03833490969429302,0.018287822299126937,14.242230000000001,8.263178485357379,20.221281514642623,9.646643384566469,0.0344,0.022584958438028623,0.04621504156197138,0.019062470400705616,7.258262400000001,4.765335890590288,9.751188909409715,4.022105004667283,0.04359999999999999,0.03343148003777234,0.053768519962227646,0.01640596097629016,4.599712800000001,3.526954281024908,5.672471318975093,1.7307960710766592
primary,uptake(mmol/g) CO2 at 0.15 bar,17,10000,topology_only,rf,topology_only | rf,10,0.7888600062848379,0.7882270447726916,0.7894929677969842,0.001021224515105365,0.5197003487391159,0.5180078905977284,0.5213928068805033,0.0027306237608569098,0.37983586174676487,0.3788405120873289,0.38083121140620085,0.0016059040775972546,0.647287844643731,0.6445031266064098,0.6500725626810522,0.004492883489432951,0.20291998483124765,0.20040687614959982,0.2054330935128955,0.004054667062015401,4.059092256300144,4.008821505504452,4.109363007095837,0.08110717969444456,0.028000000000000004,0.01754666666666667,0.03845333333333334,0.016865480854231358,29.539440000000003,18.511382400000006,40.567497599999996,17.792744991596994,0.027000000000000003,0.014247442086650488,0.039752557913349515,0.02057506581601462,14.242230000000001,7.515383226287266,20.969076773712736,10.853141467289552,0.0312,0.01851523426397721,0.04388476573602279,0.020465689444639886,6.583075200000001,3.9066403687621363,9.259510031237864,4.318178610061238,0.045,0.033801477875282926,0.05619852212471707,0.01806777364382354,4.74741,3.565988312886599,5.9288316871134015,1.9061139838760954
primary,uptake(mmol/g) CO2 at 0.15 bar,17,10000,topology_only,mlp,topology_only | mlp,10,0.7892260960413889,0.7884151872381405,0.7900370048446373,0.0013083259147685124,0.5220045690159106,0.5176868666189549,0.5263222714128664,0.006966211139361519,0.3792595245489331,0.3779836009957704,0.3805354481020958,0.002058583953188309,0.6468550026292057,0.6439821074958828,0.6497278977625286,0.004635149030670054,0.2062950322335988,0.2039289921054558,0.2086610723617418,0.003817385632800282,4.126604723280282,4.079275845495141,4.173933601065423,0.07636074127591293,0.02,0.008312818037601099,0.031687181962398905,0.01885618083164127,21.0996,8.769856773308408,33.429343226691586,19.8928936537649,0.018,0.0067596283177309684,0.029240371682269027,0.018135294011647256,9.49482,3.5656363413199097,15.424003658680093,9.566186238203812,0.027200000000000002,0.014623375757647316,0.03977662424235269,0.020291213205063253,5.739091200000001,3.085473791360553,8.392708608639449,4.281364821415527,0.043199999999999995,0.033007999999999996,0.053391999999999995,0.01644384383287557,4.5575136,3.482277984,5.632749216000001,1.7347926366807072
primary,uptake(mmol/g) CO2 at 0.15 bar,17,10000,topology_only,hgb,topology_only | hgb,10,0.792295968571256,0.7917968146932244,0.7927951224492875,0.0008053383456559555,0.5224920114356209,0.5208557883052134,0.5241282345660283,0.0026398938022133564,0.3744220787070504,0.3736334115475961,0.3752107458665047,0.0012724410916585742,0.6395127797246667,0.6361325805897853,0.6428929788595481,0.005453636842426527,0.2036025786879029,0.20043275022181375,0.20677240715399206,0.005114223339224233,4.072746463105116,4.009339075256145,4.136153850954086,0.10230192147164924,0.002,-0.0019199999999999998,0.00592,0.006324555320336759,2.10996,-2.0255615999999987,6.245481599999999,6.672279371848873,0.002,-0.0019199999999999998,0.00592,0.006324555320336759,1.05498,-1.0127807999999994,3.1227407999999994,3.3361396859244365,0.0124,0.0027306666666666677,0.02206933333333333,0.015600569790164004,2.6163504,0.5761597439999999,4.656541056,3.291657823445445,0.03380000000000001,0.02720295069326025,0.04039704930673977,0.010643725329455326,3.5658324000000006,2.8698568922375696,4.261807907762432,1.122891734806878
primary,uptake(mmol/g) CO2 at 0.15 bar,17,20000,geometry_plus_topology,rf,geometry_plus_topology | rf,10,0.5223907905199602,0.5208307153058471,0.5239508657340732,0.0025170362233531162,0.2966479530793443,0.2959892682401992,0.2973066379184893,0.0010627267101632732,0.728039259695821,0.7264147592454492,0.7296637601461927,0.0026209803485429768,0.8881715518800364,0.8876219008639872,0.8887212028960856,0.0008868107800721022,0.5708759954493743,0.5671841773369094,0.5745678135618392,0.0059564050726798635,11.419468291224515,11.3456193289134,11.49331725353563,0.11914843048114912,0.23399999999999999,0.18405524118254915,0.28394475881745085,0.08058122196475637,246.86532000000003,194.17459834276576,299.5560416572343,85.01157754837867,0.22800000000000006,0.19284119582364745,0.2631588041763527,0.05672545969648706,120.26772000000001,101.72180238501576,138.81363761498426,29.92211273529996,0.25880000000000003,0.24406070732889656,0.2735392926711035,0.02378047752067042,54.605764799999996,51.495833003567846,57.715696596432146,5.017585634951376,0.32280000000000003,0.3103050960788008,0.33529490392119926,0.020159365069366646,34.0547544,32.73656702612132,35.37294177387868,2.1267726960880426
primary,uptake(mmol/g) CO2 at 0.15 bar,17,20000,geometry_plus_topology,hgb,geometry_plus_topology | hgb,10,0.5258479183651288,0.523674836134682,0.5280210005955756,0.003506066015842102,0.3033743399154008,0.3021585318781703,0.3045901479526313,0.001961593160809734,0.7244224655896749,0.7221485482525516,0.7266963829267983,0.0036687540797217927,0.8804597193836395,0.8794305887590712,0.8814888500082079,0.0016604065221773533,0.5773227152066742,0.574145633229706,0.5804997971836424,0.005125926204229679,11.548424688827023,11.48487220600446,11.611977171649585,0.10253601871327707,0.188,0.12665620958709659,0.24934379041290342,0.09897249898611005,198.33624,133.61976799019516,263.05271200980485,104.41400698036638,0.19899999999999998,0.15571697484386438,0.2422830251561356,0.06983313444681305,104.97051000000002,82.13914706039006,127.80187293960998,36.836280089349415,0.23400000000000004,0.21433043456391468,0.25366956543608543,0.03173501396109841,49.373064,45.22286437124773,53.52326362875227,6.6959610057359225,0.30720000000000003,0.29063880541077364,0.3237611945892264,0.026719946773067414,32.40898560000001,30.6618126932258,34.15615850677422,2.8189009446650664
primary,uptake(mmol/g) CO2 at 0.15 bar,17,20000,geometry_plus_topology,mlp,geometry_plus_topology | mlp,10,0.5513859570356703,0.5487931409340705,0.5539787731372701,0.00418326756888461,0.31681936013693396,0.31552756122549624,0.31811115904837167,0.0020841973668720855,0.697001822482101,0.6941538700440046,0.6998497749201973,0.004594906312354049,0.8779406748575296,0.8763426533213012,0.8795386963937579,0.002578259083919773,0.5337504740235116,0.5293445200710648,0.5381564279759584,0.007108596814057641,10.676831154443008,10.588697038008569,10.764965270877447,0.14219619770372632,0.072,0.05076917963588469,0.0932308203641153,0.03425395354310701,75.95856,53.56046913226564,98.35665086773437,36.13723590890703,0.06999999999999999,0.053996667013816564,0.08600333298618343,0.025819888974716113,36.9243,28.482701883118104,45.3658981168819,13.619733235273001,0.15519999999999998,0.14639186477043964,0.16400813522956031,0.014211106767439176,32.7465792,30.888097899103684,34.605060500896315,2.9984866835025956,0.24219999999999997,0.23162568344210052,0.25277431655789945,0.017060676031935746,25.5516156,24.436046351774724,26.66718484822528,1.7998672000171576
primary,uptake(mmol/g) CO2 at 0.15 bar,17,20000,enriched_interpretable,rf,enriched_interpretable | rf,10,0.5589185438794861,0.5574841119302769,0.5603529758286954,0.0023143225040898273,0.3260993324530913,0.3251857361213845,0.3270129287847981,0.0014740026888612687,0.6886779683234205,0.6870815371804095,0.6902743994664315,0.0025756931324187092,0.8709051034314467,0.8703726671919099,0.8714375396709835,0.0008590363396690003,0.5447098976109215,0.541705603587228,0.547714191634615,0.0048471489161752085,10.896057030367274,10.835960896330183,10.956153164404364,0.0969595214938665,0.25,0.20983195299743837,0.2901680470025616,0.0648074069840786,263.745,221.36851377323754,306.1214862267625,68.37051822006325,0.238,0.2107786489028271,0.2652213510971729,0.043919117578668294,125.54261999999999,111.18362950975225,139.90161049024772,23.166895331571737,0.2524,0.23995164239302585,0.26484835760697417,0.020084266921592583,53.25539040000001,50.62883673835889,55.88194406164113,4.23769998338835,0.3182,0.3109377070042888,0.32546229299571117,0.011717034133640182,33.5694636,32.80330621353846,34.335620986461535,1.2361236670307714
primary,uptake(mmol/g) CO2 at 0.15 bar,17,20000,enriched_interpretable,hgb,enriched_interpretable | hgb,10,0.5660449597152812,0.5640391469994495,0.568050772431113,0.003236192215181893,0.33389916675894427,0.3321936556998967,0.33560467781799186,0.0027516834291817886,0.6806839505502713,0.6784182851592626,0.68294961594128,0.0036554403323487868,0.8611186168066668,0.8593042568984796,0.862932976714854,0.0029273009210029452,0.5454304133485021,0.5414755368980773,0.5493852897989269,0.0063808252285225565,10.910469804216964,10.831358777336625,10.989580831097303,0.1276382821309579,0.176,0.11704051259080048,0.2349594874091995,0.09512564790259717,185.67648000000003,123.47539997304273,247.87756002695733,100.35565602428196,0.181,0.14674514081509343,0.21525485918490656,0.05526702854726717,95.47569000000001,77.40659432855365,113.54478567144638,29.15280488839796,0.2232,0.20316747462527782,0.2432325253747222,0.032320616055734795,47.09430720000001,42.86752447603513,51.32108992396489,6.819520705295819,0.2852,0.27512594743357416,0.29527405256642586,0.016253546621515486,30.088029600000006,29.025237202347213,31.1508219976528,1.7147166614766407
primary,uptake(mmol/g) CO2 at 0.15 bar,17,20000,geometry_only,rf,geometry_only | rf,10,0.5810189455764826,0.5793809925289751,0.5826568986239901,0.0026426848625191552,0.33995845560996224,0.33912229457871584,0.34079461664120864,0.0013490680354152438,0.6635699421147601,0.6616776051957555,0.6654622790337646,0.003053109573714321,0.8632966860023599,0.862858218349066,0.8637351536556538,0.0007074267677132537,0.5075843761850587,0.5046169839006379,0.5105517684694795,0.004787611392846836,10.153419893585765,10.094061920278632,10.212777866892898,0.09576856782756092,0.25,0.20352599770959157,0.29647400229040843,0.07498147919467994,263.745,214.7158570636649,312.77414293633507,79.10396092080344,0.23499999999999996,0.20139935185810312,0.26860064814189677,0.05421151989096864,123.96015,106.23614411163084,141.68415588836916,28.596034627287047,0.23879999999999998,0.22107358450723263,0.25652641549276733,0.028599922299816758,50.38584480000001,46.645642036688066,54.12604756331195,6.034469205572138,0.2894,0.2812179291944724,0.29758207080552757,0.01320101006236517,30.5311212,29.667929094158453,31.39431330584155,1.3926801595594012
primary,uptake(mmol/g) CO2 at 0.15 bar,17,20000,geometry_only,hgb,geometry_only | hgb,10,0.5955495260549297,0.5940386373585463,0.5970604147513131,0.002437678352843873,0.35344590826125194,0.35184281914589866,0.3550489973766052,0.002586435151398342,0.6465333598406119,0.6447396615818078,0.6483270580994159,0.002893965271887167,0.8511059688975177,0.8491869122736833,0.8530250255213521,0.0030962193317089896,0.5007205157375806,0.4972006321077033,0.5042403993674579,0.005679004780180265,10.016119258491331,9.945709572639077,10.086528944343586,0.11359947787247934,0.13200000000000003,0.06766739758619018,0.1963326024138099,0.103794669098819,139.25736,71.38775110547888,207.12696889452113,109.50130000587208,0.13400000000000004,0.0924529311102055,0.17554706888979457,0.06703233050799691,70.68366,48.767996631322276,92.59932336867773,35.35888401966329,0.19039999999999999,0.1709767615012898,0.20982323849871018,0.031337588363568196,40.1736384,36.07541276972614,44.27186403027386,6.612105794359436,0.26580000000000004,0.25788522327120555,0.2737147767287945,0.012769755936064978,28.041368400000003,27.206375284665643,28.876361515334363,1.3471837117429835
primary,uptake(mmol/g) CO2 at 0.15 bar,17,20000,enriched_interpretable,mlp,enriched_interpretable | mlp,10,0.6092070967846446,0.6061150856213515,0.6122991079479376,0.0049886723605474526,0.3608342161857193,0.3582499822143639,0.36341845015707475,0.004169421100135485,0.6301188207834092,0.6263694505585791,0.6338681910082393,0.006049260051877971,0.8558595454153419,0.8540151137713731,0.8577039770593108,0.002975818869097105,0.4813045127038301,0.475813705659382,0.4867953197482782,0.008858906353547642,9.62773293159436,9.517898050749617,9.737567812439105,0.17720836224622072,0.01,-0.002046871424196038,0.02204687142419604,0.019436506316151,10.5498,-2.159408415098337,23.259008415098336,20.505125433412985,0.009999999999999998,0.0017359143814266332,0.018264085618573365,0.013333333333333334,5.274900000000001,0.915677477058737,9.634122522941265,7.033199999999999,0.092,0.08167816037068326,0.10232183962931674,0.016653327995729064,19.411632000000004,17.233765125572692,21.589498874427317,3.5137855937868494,0.1848,0.17111800820218212,0.19848199179781786,0.022074620922880848,19.496030400000002,18.052607629313812,20.939453170686193,2.3288283581220837
primary,uptake(mmol/g) CO2 at 0.15 bar,17,20000,geometry_only,mlp,geometry_only | mlp,10,0.6111182116827407,0.6082862976044521,0.6139501257610294,0.0045690299108615134,0.3614155277749078,0.3589055086496965,0.36392554690011913,0.004049682350128133,0.6277982446893005,0.6243427372605371,0.6312537521180638,0.0055751397686347555,0.8547437017767209,0.8531347800214883,0.8563526235319534,0.0025958455732299603,0.47940841865756545,0.47335403355827016,0.48546280375686074,0.009768187115080552,9.589804579358331,9.468696213942051,9.710912944774611,0.19539708082418847,0.004,-0.0012266666666666658,0.009226666666666666,0.008432740427115677,4.21992,-1.2941087999999983,9.733948799999999,8.896372495798497,0.007000000000000001,0.00281662549821054,0.011183374501789462,0.006749485577105529,3.6924299999999994,1.485741784051077,5.899118215948922,3.560286147067395,0.1036,0.09598537267272171,0.11121462732727828,0.012285492799775406,21.8591856,20.25252969245359,23.46584150754641,2.5921898387814117,0.1966,0.18918416301269894,0.20401583698730105,0.011964763079792074,20.740906800000005,19.95855082951372,21.52326277048629,1.262258575391905
primary,uptake(mmol/g) CO2 at 0.15 bar,17,20000,geometry_plus_topology,ridge,geometry_plus_topology | ridge,10,0.6409050809386574,0.6406088036206606,0.6412013582566541,0.00047801588975296346,0.38650630617657744,0.38570541010626097,0.3873072022468939,0.0012921713016726434,0.5906509723216559,0.5902725629532664,0.5910293816900454,0.0006105283122738394,0.8353896327410686,0.8343493318327442,0.836429933649393,0.001678428735840371,0.40128934395146,0.39932971856558014,0.40324896933733984,0.00316167325513608,8.02715646723381,7.987957271374965,8.066355663092656,0.06324425579642508,0.026000000000000002,0.020012101091924372,0.031987898908075636,0.00966091783079296,27.42948,21.112366409958373,33.74659359004163,10.192075093129956,0.022,0.016304372047106854,0.027695627952893143,0.009189365834726813,11.604780000000002,8.600393211128395,14.609166788871608,4.847298584160048,0.04,0.03578612661688929,0.04421387338311071,0.006798692684790379,8.43984,7.550729571657173,9.328950428342827,1.4344969617200316,0.05339999999999999,0.050091784233827,0.05670821576617298,0.005337498373666158,5.6335932,5.284583053100282,5.982603346899718,0.5630954034250323
primary,uptake(mmol/g) CO2 at 0.15 bar,17,20000,enriched_interpretable,ridge,enriched_interpretable | ridge,10,0.7035439419711235,0.7033998259337677,0.7036880580084792,0.00023251781908277362,0.4375178504693906,0.43628555307594297,0.4387501478628383,0.0019881972030527206,0.5067255569991331,0.5065234527829585,0.5069276612153077,0.0003260763509360462,0.8073857616506901,0.8064325929024864,0.8083389303988938,0.001537849101436302,0.2921122487675389,0.28962961207183513,0.29459488546324264,0.004005503347519517,5.843241945483089,5.79358073840623,5.892903152559948,0.08012373761027956,0.0,0.0,0.0,0.0,0.0,0.0,0.0,0.0,0.0,0.0,0.0,0.0,0.0,0.0,0.0,0.0,0.0172,0.014325333333333334,0.020074666666666668,0.004638007234913624,3.6291312000000007,3.0225880320000007,4.235674368000001,0.9786009745378348,0.0504,0.048666510776240915,0.052133489223759086,0.0027968235951204034,5.3170991999999995,5.134219553871863,5.499978846128136,0.29505929563801236
primary,uptake(mmol/g) CO2 at 0.15 bar,17,20000,geometry_only,ridge,geometry_only | ridge,10,0.743929083837876,0.7438468704061735,0.7440112972695786,0.00013264372369318873,0.49342310850648385,0.4926230160354242,0.4942232009775435,0.0012908747690311118,0.4484699187470452,0.4483480055611284,0.44859183193296204,0.00019669558382891781,0.7948645541475325,0.7939789971928702,0.7957501111021948,0.001428763762517982,0.17682973075464542,0.17581392997092654,0.1778455315383643,0.0016389000640488394,3.5371981295323445,3.516878646961094,3.5575176121035947,0.03278359479655381,0.0,0.0,0.0,0.0,0.0,0.0,0.0,0.0,0.0,0.0,0.0,0.0,0.0,0.0,0.0,0.0,0.0,0.0,0.0,0.0,0.0,0.0,0.0,0.0,0.0052,0.004002420218384874,0.0063975797816151255,0.0019321835661585919,0.5485896,0.42224732819916744,0.6749318718008326,0.2038415018625991
primary,uptake(mmol/g) CO2 at 0.15 bar,17,20000,topology_only,ridge,topology_only | ridge,10,0.7873298304954439,0.7870607252511542,0.7875989357397336,0.0004341762766589281,0.5177205597735123,0.51683295711383,0.5186081624331945,0.0014320643172546126,0.382240193579786,0.38181791091304645,0.38266247624652555,0.0006813137976055076,0.6492838028933108,0.6467295977518849,0.6518380080347367,0.004120972376642101,0.20455062571103527,0.2019587586107426,0.20714249281132793,0.00418173644356169,4.091710639223131,4.039864451254478,4.143556827191785,0.08364900100926642,0.032,0.023332553881204556,0.04066744611879544,0.013984117975602022,33.75936,24.61537769359318,42.90334230640682,14.752964781900618,0.039999999999999994,0.030760471392495773,0.04923952860750422,0.014907119849998597,21.099600000000002,16.2258410548276,25.973358945172404,7.863356649675761,0.0372,0.029621333333333333,0.04477866666666666,0.012227473619317732,7.849051200000001,6.249982848000001,9.448119552000001,2.5799480237815646,0.049,0.0426724405266415,0.055327559473358504,0.010208928554075705,5.169402,4.501857130679625,5.836946869320375,1.0770215445978788
primary,uptake(mmol/g) CO2 at 0.15 bar,17,20000,topology_only,rf,topology_only | rf,10,0.7875632068543519,0.787346335476859,0.7877800782318448,0.0003499017919264543,0.5181157546681885,0.5172475332584768,0.5189839760779001,0.0014007944734750722,0.38187397214234753,0.38153354561453146,0.3822143986701636,0.0005492465325721321,0.64924003726374,0.6467583857882622,0.6517216887392179,0.004003913786340498,0.20462646947288587,0.20268762810308852,0.20656531084268323,0.003128140178734914,4.093227773312573,4.054444328710585,4.1320112179145605,0.06257347982104203,0.03,0.019465316542223228,0.04053468345777677,0.01699673171197595,31.649400000000004,20.53551964571467,42.76328035428534,17.931212021500386,0.038,0.027146011485787047,0.04885398851421295,0.017511900715418263,20.044620000000002,14.319249598637812,25.769990401362193,9.23735250837598,0.037599999999999995,0.031177364473122332,0.04402263552687766,0.01036232492145357,7.933449600000001,6.5782991943709215,9.28860000562908,2.1864091091270184,0.0508,0.04634198728878738,0.05525801271121262,0.0071925887782726275,5.359298400000001,4.888986974992491,5.829609825007511,0.7588037309302057
primary,uptake(mmol/g) CO2 at 0.15 bar,17,20000,topology_only,mlp,topology_only | mlp,10,0.7880826540441576,0.7876143060784134,0.7885510020099017,0.0007556358720703455,0.5179175351148431,0.514361792425224,0.5214732778044622,0.005736860037086427,0.3810579155287265,0.3803223518056798,0.38179347925177315,0.0011867636372555246,0.648193964757627,0.6455190196815147,0.6508689098337394,0.004315775028758908,0.2049677664012135,0.20274002539528144,0.20719550740714557,0.0035942528651530603,4.100054876715058,4.055492453384792,4.144617300045324,0.07189732437768635,0.026000000000000002,0.011626666666666667,0.04037333333333334,0.023190036174568118,27.42948,12.265900800000002,42.5930592,24.46502436344587,0.023,0.00991701019559282,0.036082989804407176,0.02110818693198342,12.13227,5.231123708073257,19.03341629192674,11.134357524751934,0.024800000000000003,0.013848917171753697,0.03575108282824631,0.017668553358375944,5.2327008,2.922066127571342,7.543335472428658,3.727994084403891,0.037,0.030104315036842886,0.043895684963157114,0.011125546178852426,3.9034260000000005,3.1759450277568515,4.6309069722431495,1.1737228707765732
primary,uptake(mmol/g) CO2 at 0.15 bar,17,20000,topology_only,hgb,topology_only | hgb,10,0.7901665182327998,0.7892726620737068,0.7910603743918928,0.0014421537567875264,0.5202534759621348,0.5188942312950969,0.5216127206291726,0.002193014819018697,0.3777789988757395,0.3763722449574589,0.3791857527940201,0.002269666576088295,0.6458327143956333,0.6426473729251259,0.6490180558661407,0.0051392521286701635,0.20515737580583998,0.20335028280842027,0.2069644688032597,0.0029155764365240287,4.103847711938661,4.0676996844373745,4.139995739439947,0.058321479503301465,0.012,2.4202183848737527e-05,0.023975797816151265,0.01932183566158592,12.65976,0.02553281991674261,25.293987180083256,20.384150186259912,0.009,1.815163788655358e-05,0.017981848362113445,0.014491376746189437,4.74741,0.00957480746877959,9.48524519253122,7.644056319847466,0.016,0.006797503720306226,0.025202496279693773,0.01484737163421339,3.3759360000000003,1.4342460949697327,5.317625905030268,3.1327360253324885,0.0388,0.03303880012497397,0.044561199875026034,0.009295160030897802,4.0933224,3.485527335584503,4.701117464415496,0.9806207929396564
primary,uptake(mmol/g) CO2 at 0.15 bar,17,40000,geometry_plus_topology,rf,geometry_plus_topology | rf,10,0.4963574195870922,0.49476491495774744,0.4979499242164369,0.002569358067903898,0.28200946345185696,0.28120364756369765,0.28281527934001627,0.001300108970068877,0.7544693994486071,0.7528906513225633,0.756048147574651,0.0025471632296025994,0.8964322366634677,0.8958147481542184,0.8970497251727171,0.0009962602643928148,0.5981797497155859,0.5942277456718071,0.6021317537593646,0.0063761908676207525,11.965636563423375,11.886582994479392,12.044690132367359,0.1275455790959906,0.31399999999999995,0.27795399482759714,0.35004600517240275,0.05815687596683837,331.26372000000003,293.23590546321856,369.2915345367815,61.35434100749514,0.30200000000000005,0.2842755109774327,0.3197244890225674,0.028596814119369617,159.30198000000001,149.95248928548597,168.65147071451406,15.084533479826284,0.32439999999999997,0.3186210460000677,0.33017895399993225,0.009323804659758456,68.44710239999999,67.22776622183028,69.6664385781697,1.9672854879903976,0.3732,0.36214031899194193,0.384259681008058,0.01784376641855637,39.3718536,38.20507937301189,40.53862782698811,1.8824816696248596
primary,uptake(mmol/g) CO2 at 0.15 bar,17,40000,geometry_plus_topology,hgb,geometry_plus_topology | hgb,10,0.5083003716658028,0.5074238578724852,0.5091768854591203,0.0014141734629783027,0.2952374437925749,0.29477642056774905,0.2956984670174007,0.0007438180840231879,0.7425161486498579,0.7416275841715823,0.7434047131281336,0.0014336161220767812,0.8850209068655552,0.8845045372086554,0.8855372765224551,0.0008331144032668652,0.5971179370496775,0.595323798290944,0.5989120758084111,0.002894675977543643,11.944396686171197,11.90850778765605,11.980285584686344,0.05790339899106946,0.312,0.2788405173609586,0.3451594826390414,0.053499740393970346,329.15376000000003,294.1711690054641,364.136350994536,56.44115612083084,0.29000000000000004,0.27661065099914617,0.3033893490008539,0.021602468994692866,152.9721,145.9093522955396,160.03484770446042,11.395086370010533,0.3,0.28922495063171916,0.3107750493682808,0.017384539747207068,63.29880000000001,61.025307683490226,65.57229231650979,3.668068348501703,0.3452,0.337554045833834,0.352845954166166,0.01233603573996839,36.4179096,35.61127672737782,37.22454247262218,1.3014270984951855
primary,uptake(mmol/g) CO2 at 0.15 bar,17,40000,geometry_plus_topology,mlp,geometry_plus_topology | mlp,10,0.5332351889815274,0.5308310611658851,0.5356393167971698,0.003878836573262879,0.30739465197005755,0.3054879286589383,0.3093013752811768,0.0030763206790177093,0.7166231287879834,0.7140766709526287,0.7191695866233381,0.004108472819032129,0.8838020227601266,0.8815702130767348,0.8860338324435185,0.0036008172977232927,0.554835039817975,0.5508317244294865,0.5588383552064635,0.006458976948788552,11.098594431307683,11.018514460345461,11.178674402269905,0.1292015832656986,0.082,0.07114601148578704,0.09285398851421296,0.017511900715418267,86.50836000000001,75.05761919727563,97.9591008027244,18.47470501675196,0.089,0.07679472609438398,0.10120527390561601,0.019692073983655908,46.94661000000001,40.50845006752662,53.3847699324734,10.387372105638654,0.17039999999999997,0.1624561544157337,0.17834384558426625,0.012816655830077777,35.9537184,34.277598757102155,37.629838042897845,2.7042631135230915,0.27680000000000005,0.2686566252150053,0.2849433747849948,0.013138577633146669,29.2018464,28.34273664693262,30.06095615306738,1.3860936631417073
primary,uptake(mmol/g) CO2 at 0.15 bar,17,40000,enriched_interpretable,rf,enriched_interpretable | rf,10,0.5379857571644877,0.5368434947057719,0.5391280196232036,0.0018429342118603334,0.31240750154658964,0.31169560391336554,0.31311939917981374,0.0011485806029955896,0.7115621434355802,0.7103400639391598,0.7127842229320006,0.001971711576775543,0.8793585852455097,0.8790046005579553,0.8797125699330641,0.0005711213619872496,0.5656048540007586,0.5616574346049162,0.5695522733966009,0.006368793964687451,11.314027472008345,11.235065611670354,11.392989332346335,0.12739761579192158,0.31799999999999995,0.28970229377179524,0.34629770622820466,0.04565571644870381,335.48364000000004,305.6301258833686,365.3371541166315,48.16586773905355,0.293,0.27671901722868053,0.30928098277131943,0.026267851073127395,154.55457,145.96651439795673,163.1426256020433,13.856028762563968,0.304,0.2911440998413612,0.3168559001586388,0.020741798914805393,64.14278400000002,61.43024049012787,66.85532750987217,4.376436603828279,0.34919999999999995,0.33997526648382487,0.35842473351617504,0.014883249346534207,36.839901600000005,35.86671066351056,37.81309253648945,1.5701530395606662
primary,uptake(mmol/g) CO2 at 0.15 bar,17,40000,enriched_interpretable,hgb,enriched_interpretable | hgb,10,0.5521056252159815,0.551314129882132,0.552897120549831,0.0012770040879385653,0.32594741750570877,0.32548098746258175,0.3264138475488358,0.0007525414823530673,0.6962246347610536,0.6953522213839409,0.6970970481381662,0.0014075578228956304,0.8654129294871181,0.864770912206312,0.8660549467679243,0.0010358351553751062,0.565794463405385,0.5620567085380189,0.569532218272751,0.00603051975319254,11.317820307231946,11.243052453042074,11.392588161421818,0.1206309770425308,0.258,0.2208345775993031,0.2951654224006969,0.05996295152471696,272.18484,232.9760626757128,311.3936173242872,63.259714599545894,0.261,0.24778715103477764,0.27421284896522236,0.021317702607092637,137.67489,130.70524429933485,144.64453570066516,11.244874948215294,0.2624000000000001,0.2558718954256743,0.26892810457432587,0.010532489417670144,55.36535040000001,53.987946447235565,56.74275435276446,2.22231313717073,0.31779999999999997,0.311770897837249,0.32382910216275096,0.00972739544905122,33.5272644,32.8912061800341,34.1633226199659,1.0262207650840056
primary,uptake(mmol/g) CO2 at 0.15 bar,17,40000,geometry_only,rf,geometry_only | rf,10,0.5641061930676492,0.5633460351208954,0.564866351014403,0.0012264441291933823,0.3290537511606261,0.3287491331382921,0.32935836918296,0.0004914728402608384,0.6828755701095186,0.682021522272614,0.6837296179464232,0.0013779267323257467,0.870562679691336,0.8701834744576211,0.870941884925051,0.0006118123669365455,0.5271520667425105,0.5243634048956086,0.5299407285894123,0.004499246459296673,10.544840488661617,10.489057734106355,10.600623243216878,0.09000028497589692,0.3,0.2654288495354227,0.3345711504645773,0.0557773351022717,316.494,280.02212768288024,352.9658723171198,58.843972986194615,0.273,0.2599170101955928,0.2860829898044072,0.02110818693198341,144.00476999999998,137.10362370807323,150.90591629192673,11.134357524751925,0.27640000000000003,0.2649221400368652,0.28787785996313486,0.018518459259164434,58.31929440000001,55.89751185921842,60.7410769407816,3.9073208298466597,0.3196,0.3122129983228797,0.3269870016771203,0.011918239989379503,33.71716080000001,32.937846897067175,34.496474702932844,1.2573504823995594
primary,uptake(mmol/g) CO2 at 0.15 bar,17,40000,geometry_only,hgb,geometry_only | hgb,10,0.5817512625785236,0.5809455961369319,0.5825569290201154,0.0012998678519350847,0.3444988184958581,0.344095543490791,0.3449020935009252,0.0006506467037898121,0.6627260980834216,0.6617915828978838,0.6636606132689595,0.0015077533134257232,0.858114853160567,0.8577261654730175,0.8585035408481165,0.0006271114240409576,0.5155858930602958,0.5121632674887033,0.5190085186318882,0.005522087951106069,10.313477540021822,10.245013347274028,10.381941732769615,0.11046060573867834,0.24800000000000005,0.2004545672248346,0.2955454327751655,0.07671013260609347,261.63504,211.47555933085596,311.79452066914405,80.92765569677648,0.24699999999999997,0.23267128136301857,0.26132871863698137,0.023118054512532942,130.29002999999997,122.73177420617866,137.84828579382128,12.194542574816005,0.23360000000000003,0.22116536564447692,0.24603463435552314,0.020062125732057633,49.2886656,46.66500748952205,51.912323710477956,4.233028280961231,0.2868,0.2816989768346602,0.2919010231653398,0.00823002632640583,30.2568264,29.718678658102984,30.79497414189702,0.8682513173831624
primary,uptake(mmol/g) CO2 at 0.15 bar,17,40000,enriched_interpretable,mlp,enriched_interpretable | mlp,10,0.5897025735112249,0.5859916732090732,0.5934134738133766,0.00598719241051343,0.3499205579606006,0.3466406821491398,0.35320043377206145,0.005291774493219005,0.6534128540541347,0.6490525231107505,0.657773184997519,0.007034988333267924,0.8611222256628782,0.8596442314549417,0.8626002198708147,0.0023846061559263595,0.5063329541145241,0.500312119458778,0.5123537887702702,0.009714056595629343,10.128387181109984,10.007949939071322,10.248824423148646,0.19431428568936362,0.014000000000000002,-0.0025797413195207015,0.030579741319520706,0.026749870196985173,14.769719999999998,-2.721575497267958,32.261015497267955,28.22057806041542,0.02,0.00795312857580396,0.032046871424196044,0.019436506316151004,10.549800000000001,4.195195792450834,16.90440420754917,10.25256271670649,0.11600000000000002,0.10282921482134715,0.12917078517865288,0.021249836600678973,24.475535999999998,21.696553010444955,27.25451898955504,4.48363052339686,0.22879999999999998,0.21221819921319357,0.24538180078680638,0.02675319295585731,24.137942400000004,22.388595580593503,25.887289219406505,2.8224083504570348
primary,uptake(mmol/g) CO2 at 0.15 bar,17,40000,geometry_only,mlp,geometry_only | mlp,10,0.6032643928415455,0.6003049075318717,0.6062238781512194,0.004774854224682669,0.3562333454020324,0.35347843191392786,0.3589882588901369,0.004444796622004886,0.6373013099207335,0.6337187229905606,0.6408838968509064,0.005780170721886186,0.8581982321032801,0.8570356576361211,0.859360806570439,0.001875705747846466,0.4949563898369359,0.49145468971322487,0.49845808996064694,0.0056496673846021484,9.900817067693794,9.830771114024612,9.970863021362975,0.1130126298332874,0.002,-0.0019199999999999998,0.00592,0.006324555320336759,2.10996,-2.0255615999999987,6.245481599999999,6.672279371848873,0.006999999999999999,0.0018973035450743185,0.01210269645492568,0.008232726023485647,3.6924300000000003,1.0008086469912536,6.384051353008747,4.342680650128443,0.11600000000000002,0.10679750372030625,0.1252024962796938,0.01484737163421339,24.475536,22.533846094969732,26.41722590503027,3.1327360253324894,0.20940000000000003,0.20273600000000003,0.21606400000000003,0.010751744044572487,22.091281200000005,21.388242528000003,22.794319872000006,1.134287493214309
primary,uptake(mmol/g) CO2 at 0.15 bar,17,40000,geometry_plus_topology,ridge,geometry_plus_topology | ridge,10,0.6398650225424145,0.6397671065919379,0.6399629384928911,0.00015797827692159983,0.38595661487890015,0.385371962437989,0.3865412673198113,0.0009432823228858438,0.5919786563862535,0.5918537967668558,0.5921035160056511,0.00020144938014199086,0.8360318451252434,0.8355228770276035,0.8365408132228833,0.0008211726759719615,0.4013272658323853,0.39930217073288526,0.40335236093188537,0.003267302547380323,8.027915034278532,7.987406220701161,8.068423847855904,0.06535720215083991,0.022,0.01808,0.02592,0.006324555320336759,23.20956,19.0740384,27.3450816,6.672279371848874,0.017,0.01281662549821054,0.021183374501789462,0.006749485577105528,8.96733,6.760641784051078,11.174018215948923,3.5602861470673957,0.037599999999999995,0.034463999999999995,0.040735999999999994,0.005059644256269408,7.9334496,7.271766144,8.595133056,1.0675646994958201,0.0534,0.05154748027450898,0.05525251972549103,0.002988868236194652,5.633593200000001,5.438156074000149,5.829030325999852,0.3153196211820634
primary,uptake(mmol/g) CO2 at 0.15 bar,17,40000,enriched_interpretable,ridge,enriched_interpretable | ridge,10,0.7031963921155308,0.7031542009627495,0.703238583268312,6.807149994737864e-05,0.4375127359275576,0.43678811558942043,0.4382373562656947,0.0011691075037727906,0.5072128348653905,0.5071537011441174,0.5072719685866636,9.540675803295833e-05,0.8071348068189126,0.8065822069967555,0.8076874066410696,0.0008915684043981015,0.29268107698141826,0.29157974523799896,0.2937824087248376,0.0017768963105352642,5.8546204511539,5.832590057474103,5.876650844833696,0.03554399070323262,0.0,0.0,0.0,0.0,0.0,0.0,0.0,0.0,0.0,0.0,0.0,0.0,0.0,0.0,0.0,0.0,0.017599999999999998,0.015509333333333332,0.019690666666666665,0.003373096170846271,3.7135296,3.2724072960000004,4.1546519040000005,0.7117097996638798,0.0504,0.049260874409421375,0.051539125590578626,0.0018378731669453612,5.3170991999999995,5.196923728445135,5.437274671554864,0.19389194336640164
primary,uptake(mmol/g) CO2 at 0.15 bar,17,40000,geometry_only,ridge,geometry_only | ridge,10,0.7438370836044758,0.7437954414784539,0.7438787257304976,6.718569634742603e-05,0.4933116086756294,0.4929032823252734,0.4937199350259854,0.0006587965794840522,0.4486063353013036,0.44854459436722105,0.4486680762353862,9.961325335059937e-05,0.7950449817778911,0.7945057404468545,0.7955842231089276,0.0008700157217226103,0.17660219946909367,0.17594622989513456,0.17725816904305278,0.0010583458823882955,3.5326467272640203,3.5195250969808316,3.545768357547209,0.02117052974975357,0.0,0.0,0.0,0.0,0.0,0.0,0.0,0.0,0.0,0.0,0.0,0.0,0.0,0.0,0.0,0.0,0.0,0.0,0.0,0.0,0.0,0.0,0.0,0.0,0.0046,0.0037633250996421076,0.005436674900357892,0.001349897115421106,0.48529080000000013,0.39702327136204324,0.5735583286379571,0.1424114458826958
primary,uptake(mmol/g) CO2 at 0.15 bar,17,40000,topology_only,ridge,topology_only | ridge,10,0.7864552395059972,0.7863190873326736,0.7865913916793207,0.00021966886534912928,0.5165240913938961,0.5158068992379017,0.5172412835498905,0.0011571228229332725,0.3836120111558935,0.3833985792070082,0.3838254431047788,0.0003443525938398676,0.6518682462863182,0.6504345764964496,0.6533019160761868,0.0023130928308978285,0.20644671975729997,0.2046053054134708,0.20828813410112915,0.0029709507360227735,4.129638991459163,4.092804419891986,4.166473563026339,0.0594291544840596,0.033999999999999996,0.025633250996421074,0.04236674900357892,0.013498971154211056,35.86932,27.042567136204312,44.69607286379569,14.24114458826958,0.048,0.03983986928209276,0.05616013071790724,0.013165611772087665,25.31952,21.01513264761111,29.62390735238889,6.944728553658523,0.0472,0.042554437051216386,0.05184556294878361,0.007495183638696105,9.959011199999999,8.978816000058451,10.939206399941547,1.5814537670303237,0.0546,0.050071688271429285,0.05912831172857072,0.007306009702825324,5.760190800000001,5.282462969259248,6.237918630740754,0.7707694116286662
primary,uptake(mmol/g) CO2 at 0.15 bar,17,40000,topology_only,rf,topology_only | rf,10,0.7868911204567928,0.7867368137878903,0.7870454271256953,0.0002489594550435741,0.5171696604046868,0.5164716119190174,0.5178677088903563,0.0011262362918096696,0.3829285620667008,0.3826865473465967,0.3831705767868049,0.00039046823613114707,0.6518124666795425,0.6503095932153525,0.6533153401437325,0.0024247465213611953,0.20841865756541522,0.2065021061293189,0.21033520900151154,0.003092177444352555,4.169084477784638,4.130746907931531,4.2074220476377455,0.061854102393687056,0.033999999999999996,0.025633250996421074,0.04236674900357892,0.013498971154211057,35.86932,27.042567136204312,44.69607286379569,14.241144588269583,0.047,0.038210298955911846,0.055789701044088154,0.014181364924121764,24.79203,20.15555059625394,29.428509403746062,7.48052818382499,0.046799999999999994,0.04143788830983745,0.052162111690162535,0.008651268372004445,9.874612799999998,8.743228681822462,11.005996918177534,1.8253830214194504,0.054799999999999995,0.05158868223656116,0.058011317763438826,0.005181162460726787,5.7812904,5.44250279859273,6.120078001407269,0.5466022772817546
primary,uptake(mmol/g) CO2 at 0.15 bar,17,40000,topology_only,mlp,topology_only | mlp,10,0.7870834349424456,0.7867406475939508,0.7874262222909404,0.0005530554971089107,0.5138446751859503,0.5108992932678366,0.5167900571040641,0.004752099714446461,0.382626684643086,0.382088855890496,0.38316451339567603,0.000867736657812054,0.6504757991717477,0.6482586652528703,0.652692933090625,0.003577139316973133,0.20917709518392114,0.2076651727087504,0.21068901765909187,0.002439346258744315,4.18425581867905,4.154012209030669,4.214499428327431,0.04879525058873858,0.03,0.019465316542223228,0.04053468345777677,0.01699673171197595,31.649400000000004,20.53551964571467,42.76328035428534,17.931212021500386,0.037,0.02359472077459365,0.050405279225406344,0.021628170930011112,19.51713,12.445979261390406,26.588280738609598,11.408643883871564,0.036399999999999995,0.025917307894544557,0.04688269210545543,0.01691284850178835,7.680254400000001,5.468448296517325,9.892060503482677,3.5685433824833357,0.0462,0.03826368056198452,0.05413631943801547,0.012804513093263466,4.8740076000000006,4.036741771928244,5.711273428071757,1.3508505223131093
primary,uptake(mmol/g) CO2 at 0.15 bar,17,40000,topology_only,hgb,topology_only | hgb,10,0.7871633909595374,0.7870115473631646,0.7873152345559101,0.000244985516657752,0.5174886376404222,0.5165533264099432,0.5184239488709012,0.001509037657881823,0.3825014668691626,0.3822631975515487,0.3827397361867765,0.00038442537765003216,0.6507551881093794,0.6492648428504415,0.6522455333683173,0.002404533427692418,0.2074706105422829,0.20579225597134612,0.2091489651132197,0.0027078689619973893,4.150120301666621,4.116547482075288,4.183693121257954,0.05416662111353832,0.034,0.02563325099642108,0.042366749003578924,0.013498971154211057,35.86932,27.042567136204312,44.69607286379569,14.24114458826958,0.037,0.02981333333333333,0.044186666666666666,0.011595018087284059,19.51713,15.726235200000001,23.308024800000002,6.116256090861468,0.0404,0.036621947826958684,0.04417805217304131,0.006095535707019979,8.524238400000002,7.727084503696975,9.321392296303028,1.286133652038388,0.0524,0.04744844015598227,0.057351559844017734,0.00798888116210413,5.528095200000001,5.005715539575818,6.050474860424184,0.8428109848396614
primary,uptake(mmol/g) CO2 at 0.15 bar,17,210995,geometry_plus_topology,rf,geometry_plus_topology | rf,10,0.4432913592101097,0.4431347391503162,0.4434479792699032,0.0002526918960302583,0.25282891649234374,0.2527509380717328,0.25290689491295465,0.00012581092728220303,0.8041674966911865,0.8040291334526926,0.8043058599296804,0.00022323621330505504,0.9113194474160918,0.91122682976191,0.9114120650702736,0.0001494299687532265,0.6549488054607508,0.6540122342556942,0.6558853766658075,0.0015110705096467011,13.101211429370172,13.082476808780285,13.11994604996006,0.0302265674301681,0.4779999999999999,0.4709633846520108,0.48503661534798903,0.011352924243950924,504.28044,496.8569515401785,511.7039284598215,11.97710801888334,0.42000000000000004,0.42,0.4200000000000001,5.851389114294502e-17,221.54579999999996,221.54579999999993,221.54579999999999,2.995911226518785e-14,0.4364,0.43343182390459506,0.43936817609540496,0.004788875998951463,92.0786544,91.45238111657395,92.70492768342606,1.010433680274764,0.4574,0.4547189441549187,0.46008105584508124,0.004325634186002227,48.25478520000001,47.97193917045562,48.537631229544395,0.4563457553548632
primary,uptake(mmol/g) CO2 at 0.15 bar,17,210995,geometry_plus_topology,hgb,geometry_plus_topology | hgb,10,0.49018717767923803,0.4898173895003412,0.49055696585813485,0.0005966188250611401,0.28829313955061214,0.2880258452781269,0.2885604338230974,0.0004312544421280971,0.7605413172408092,0.7601803001094806,0.7609023343721378,0.0005824675557850115,0.8890064015215104,0.8888240578540291,0.8891887451889918,0.0002941945439537882,0.614069017823284,0.6125255538096697,0.6156124818368984,0.00249023559669722,12.28347615516132,12.252601607093764,12.314350703228877,0.049813211031543965,0.35,0.33039999999999997,0.3696,0.03162277660168379,369.24300000000005,348.56539200000003,389.9206080000001,33.36139685924438,0.33299999999999996,0.32711999999999997,0.33887999999999996,0.009486832980505136,175.65417000000002,172.55252880000003,178.7558112,5.00420952888666,0.352,0.34604068311148184,0.3579593168885181,0.009614803401237298,74.27059200000001,73.01319997379024,75.52798402620978,2.0286850584474667,0.388,0.38403668376790906,0.39196331623209096,0.006394442031083632,40.93322400000001,40.51510206414688,41.35134593585314,0.6746008453952612
primary,uptake(mmol/g) CO2 at 0.15 bar,17,210995,geometry_plus_topology,mlp,geometry_plus_topology | mlp,10,0.49297875088712306,0.4913981983033941,0.49455930347085203,0.002550074554207963,0.28389664526477915,0.2826164833010454,0.2851768072285129,0.0020654222343431407,0.757800648908524,0.7562486114524692,0.7593526863645789,0.0025040680484830907,0.8970194064376198,0.8963087394173321,0.8977300734579075,0.0011465951235072392,0.5921880925293894,0.5899826440326045,0.5943935410261744,0.003558285975528114,11.845782970357513,11.801666473293839,11.889899467421188,0.07117786383129793,0.12200000000000003,0.09903089611383735,0.1449691038861627,0.03705851229249946,128.70756,104.47561478217611,152.9395052178239,39.095989298341074,0.16999999999999998,0.15084050568980947,0.1891594943101905,0.030912061651652344,89.6733,79.56685834631762,99.77974165368238,16.305803400630094,0.2972,0.27951215377724015,0.3148878462227599,0.028537694370779153,62.70801120000001,58.97594639838257,66.44007600161744,6.021339361456917,0.366,0.3534941691821597,0.3785058308178403,0.020176994600562083,38.61226800000001,37.29292786037949,39.93160813962052,2.128632576370098
primary,uptake(mmol/g) CO2 at 0.15 bar,17,210995,enriched_interpretable,rf,enriched_interpretable | rf,10,0.49391287423077557,0.49373564270852743,0.4940901057530237,0.00028594657320552713,0.2854166625484812,0.2853483639660799,0.2854849611308825,0.00011019340885149372,0.7568876951869591,0.7567132476857403,0.7570621426881778,0.00028145481427353547,0.8954681639495456,0.8954007100201532,0.8955356178789381,0.00010883063980021545,0.6059537353052711,0.6043772186065444,0.6075302520039978,0.0025435630292173802,12.121142807591108,12.089607093013505,12.15267852216871,0.0508799416868362,0.404,0.39877333333333337,0.4092266666666667,0.008432740427115663,426.21192,420.6978912,431.7259488,8.896372495798479,0.372,0.3638398692820928,0.3801601307179072,0.013165611772087662,196.22628000000003,191.92189264761114,200.53066735238892,6.944728553658519,0.3952,0.39292174881884273,0.39747825118115726,0.003675746333890729,83.38561920000001,82.90491731378056,83.86632108621946,0.775567773465607,0.4104,0.4080772185256082,0.4127227814743918,0.003747591819348038,43.296379200000004,43.05133040001462,43.54142799998539,0.3953634417575791
primary,uptake(mmol/g) CO2 at 0.15 bar,17,210995,geometry_only,rf,geometry_only | rf,10,0.5285459569863329,0.5283753714358793,0.5287165425367865,0.0002752239159932497,0.3078713858107051,0.3077972820135748,0.3079454896078354,0.0001195595827545104,0.7215983962104164,0.7214187065507364,0.7217780858700965,0.00028991254927019164,0.8846653271086968,0.8846251920186061,0.8847054621987875,6.475423407287668e-05,0.561433447098976,0.5601259603786201,0.562740933819332,0.002109508187116502,11.230585097089076,11.204430900269942,11.25673929390821,0.04219736342897512,0.384,0.37877333333333335,0.38922666666666667,0.008432740427115688,405.11232000000007,399.59829120000006,410.6263488000001,8.896372495798502,0.38899999999999996,0.38548169232600543,0.3925183076739945,0.005676462121975472,205.19361000000004,203.33773788504465,207.04948211495542,2.9942770047208405,0.34199999999999997,0.33844548237371713,0.3455545176262828,0.005734883511361735,72.160632,71.41064299892483,72.91062100107519,1.210037481363278,0.36619999999999997,0.3633105230000338,0.36908947699996614,0.004661902329879228,38.6333676,38.32853355545757,38.93820164454243,0.4918213719975987
primary,uptake(mmol/g) CO2 at 0.15 bar,17,210995,enriched_interpretable,hgb,enriched_interpretable | hgb,10,0.5382607983719478,0.5379907198114776,0.5385308769324181,0.0004357466317680268,0.31970542574511723,0.3195483187035496,0.31986253278668486,0.00025347759581862735,0.7112700237234089,0.7109802475994458,0.7115597998473719,0.00046752681798904153,0.8692229820512395,0.8690051558662676,0.8694408082362114,0.0003514422849675624,0.582062950322336,0.5808519820582326,0.5832739185864394,0.001953784637115909,11.643245569417104,11.619022071137547,11.667469067696661,0.03908236094927074,0.28600000000000003,0.26747480274508983,0.30452519725491023,0.029888682361946528,301.72428,282.1805674000148,321.26799259998523,31.53196211820636,0.269,0.26001815163788655,0.2779818483621135,0.01449137674618945,141.89481000000004,137.1569748074688,146.63264519253127,7.64405631984747,0.2908,0.2858346666666667,0.2957653333333333,0.008011103405759893,61.3576368,60.309971328,62.405302272,1.6903107742017147,0.343,0.33933900074357354,0.3466609992564265,0.00590668171555643,36.185814,35.799585900445514,36.57204209955449,0.6231431076277726
primary,uptake(mmol/g) CO2 at 0.15 bar,17,210995,enriched_interpretable,mlp,enriched_interpretable | mlp,10,0.5547718387352312,0.5525301585847264,0.5570135188857359,0.003616742378155164,0.3265564479360834,0.32403955024770165,0.32907334562446516,0.004060780271887266,0.6932733273939394,0.6907977982587917,0.6957488565290871,0.003994035959782471,0.8727778510251705,0.8716409038252331,0.8739147982251079,0.0018343585363026402,0.5446340538490709,0.5400632356874024,0.5492048720107394,0.007374589878232665,10.894539896277829,10.803107932982474,10.985971859573183,0.14751696681338466,0.019999999999999997,0.004539311500166334,0.03546068849983366,0.024944382578492946,21.099600000000002,4.788882846445489,37.410317153554516,26.31582473265848,0.048,0.03839800020828994,0.05760199979171006,0.015491933384829668,25.31952,20.254561129870865,30.384478870129136,8.171839941163801,0.16479999999999997,0.15049572955761498,0.17910427044238497,0.023078609624980054,34.7721408,31.75399695373854,37.79028464626146,4.8694943164322915,0.27840000000000004,0.27032822596946626,0.2864717740305338,0.013023056476879754,29.3706432,28.519087183326743,30.222199216673257,1.3739064121978615
primary,uptake(mmol/g) CO2 at 0.15 bar,17,210995,geometry_only,hgb,geometry_only | hgb,10,0.5689421913043347,0.5686387274646995,0.5692456551439699,0.00048961067385068,0.33900093463764724,0.3388274446924939,0.3391744245828006,0.0002799098866440937,0.6774160999096961,0.6770719380848031,0.677760261734589,0.0005552730869090138,0.8616482193565835,0.8614998855093382,0.8617965532038289,0.00023932286295445882,0.5340159271899886,0.5319406817080475,0.5360911726719296,0.0033482155239324125,10.68214112375605,10.640629131368144,10.723653116143957,0.06697573783538553,0.312,0.2892174881884274,0.3347825118115726,0.03675746333890726,329.15376000000003,305.1186656890272,353.1888543109729,38.77838867328039,0.258,0.25408000000000003,0.26192,0.006324555320336764,136.09242,134.0246592,138.1601808,3.3361396859244383,0.2612,0.2554685125452074,0.26693148745479256,0.009247221805013183,55.112155200000004,53.90283427298859,56.321476127011415,1.9511268119705618,0.31599999999999995,0.3127464262383922,0.3192535737616077,0.005249338582674546,33.337368000000005,32.994122475297914,33.680613524702096,0.5537947217949984
primary,uptake(mmol/g) CO2 at 0.15 bar,17,210995,geometry_only,mlp,geometry_only | mlp,10,0.5798232911064112,0.5772327867373169,0.5824137954755054,0.004179537803548626,0.3403526691890319,0.3381496765968404,0.3425556617812234,0.0035543236019406187,0.6649437383339748,0.6619439342690472,0.6679435423989024,0.004839904785409658,0.8659833045738171,0.8645771716302688,0.8673894375173654,0.00226866469112736,0.5158513462267729,0.5122167521826311,0.5194859402709147,0.005864079362025779,10.318787509334864,10.2460832236942,10.39149179497553,0.11730160116325272,0.002,-0.0019199999999999998,0.00592,0.006324555320336759,2.10996,-2.0255615999999987,6.245481599999999,6.672279371848873,0.02,0.014939301760955644,0.025060698239044357,0.00816496580927726,10.549800000000001,7.880332285886492,13.21926771411351,4.3069378147356625,0.12880000000000003,0.12386917252831177,0.13373082747168827,0.00795543140809403,27.17628480000001,26.135899926783672,28.216669673216344,1.6785642053822079,0.24699999999999997,0.23944276593807845,0.2545572340619215,0.01219289410544793,26.058006000000006,25.26073292093541,26.8552790790646,1.2863259423365463
primary,uptake(mmol/g) CO2 at 0.15 bar,17,210995,geometry_plus_topology,ridge,geometry_plus_topology | ridge,10,0.6392392505745829,0.6392392505745828,0.639239250574583,1.1702778228589004e-16,0.38588993671437993,0.38588993671437993,0.38588993671437993,0.0,0.5927763577927401,0.5927763577927401,0.5927763577927401,0.0,0.8361980352417285,0.8361980352417285,0.8361980352417285,0.0,0.4031095942358741,0.4031095942358741,0.4031095942358741,0.0,8.063567685380404,8.063567685380404,8.063567685380404,0.0,0.019999999999999997,0.019999999999999993,0.02,3.657118196434064e-18,21.099600000000002,21.0996,21.099600000000006,3.744889033148481e-15,0.009999999999999998,0.009999999999999997,0.01,1.828559098217032e-18,5.274900000000001,5.2749,5.2749000000000015,9.362222582871203e-16,0.039999999999999994,0.03999999999999999,0.04,7.314236392868128e-18,8.43984,8.43984,8.43984,0.0,0.05600000000000001,0.056,0.056000000000000015,7.314236392868128e-18,5.907888000000001,5.907888000000001,5.907888000000001,0.0
primary,uptake(mmol/g) CO2 at 0.15 bar,17,210995,enriched_interpretable,ridge,enriched_interpretable | ridge,10,0.703022237261661,0.703022237261661,0.703022237261661,0.0,0.4375070313246467,0.4375070313246467,0.4375070313246467,0.0,0.5074568978637275,0.5074568978637275,0.5074568978637275,0.0,0.8069138173709055,0.8069138173709055,0.8069138173709055,0.0,0.2942737959802807,0.29427379598028064,0.29427379598028075,5.851389114294502e-17,5.886480267032168,5.886480267032167,5.8864802670321685,9.362222582871203e-16,0.0,0.0,0.0,0.0,0.0,0.0,0.0,0.0,0.0,0.0,0.0,0.0,0.0,0.0,0.0,0.0,0.016000000000000004,0.016,0.016000000000000007,3.657118196434064e-18,3.3759360000000003,3.3759360000000003,3.3759360000000003,0.0,0.05,0.05,0.05,0.0,5.274900000000001,5.274900000000001,5.274900000000001,0.0
primary,uptake(mmol/g) CO2 at 0.15 bar,17,210995,geometry_only,ridge,geometry_only | ridge,10,0.7437695381752552,0.743769538175255,0.7437695381752553,1.1702778228589004e-16,0.493224753687581,0.49322475368758095,0.49322475368758106,5.851389114294502e-17,0.44870647533742325,0.44870647533742325,0.44870647533742325,0.0,0.7951658469758897,0.7951658469758895,0.7951658469758898,1.1702778228589004e-16,0.1770951839211225,0.1770951839211225,0.1770951839211225,0.0,3.5425080988453894,3.542508098845389,3.54250809884539,4.681111291435602e-16,0.0,0.0,0.0,0.0,0.0,0.0,0.0,0.0,0.0,0.0,0.0,0.0,0.0,0.0,0.0,0.0,0.0,0.0,0.0,0.0,0.0,0.0,0.0,0.0,0.004000000000000001,0.004,0.004000000000000002,9.14279549108516e-19,0.42199200000000003,0.42199200000000003,0.42199200000000003,0.0
primary,uptake(mmol/g) CO2 at 0.15 bar,17,210995,topology_only,ridge,topology_only | ridge,10,0.7859789429761779,0.7859789429761779,0.7859789429761779,0.0,0.5164026155265339,0.5164026155265339,0.5164026155265339,0.0,0.384358427589844,0.38435842758984395,0.38435842758984406,5.851389114294502e-17,0.6531223870476428,0.6531223870476427,0.6531223870476429,1.1702778228589004e-16,0.20515737580583998,0.20515737580583998,0.20515737580583998,0.0,4.103847711938663,4.103847711938663,4.103847711938663,0.0,0.039999999999999994,0.03999999999999999,0.04,7.314236392868128e-18,42.199200000000005,42.1992,42.19920000000001,7.489778066296963e-15,0.039999999999999994,0.03999999999999999,0.04,7.314236392868128e-18,21.099600000000002,21.0996,21.099600000000006,3.744889033148481e-15,0.048,0.048,0.048,0.0,10.127808000000002,10.127808000000002,10.127808000000002,0.0,0.052000000000000005,0.052,0.05200000000000001,7.314236392868128e-18,5.485895999999999,5.4858959999999986,5.485896,9.362222582871203e-16
primary,uptake(mmol/g) CO2 at 0.15 bar,17,210995,topology_only,hgb,topology_only | hgb,10,0.7859943782136263,0.7859856774487413,0.7860030789785113,1.4037874705250847e-05,0.516686763863929,0.5165209418595654,0.5168525858682925,0.00026753837753221117,0.3843342469506432,0.3843206163399217,0.38434787756136474,2.1991722336249856e-05,0.6533828069141211,0.6532878116433345,0.6534778021849077,0.00015326603195414435,0.20481607887751233,0.20283883467286823,0.20679332308215642,0.003190099580124181,4.097020608536176,4.057468976169558,4.136572240902794,0.06381287931436122,0.039999999999999994,0.03999999999999999,0.04,7.314236392868128e-18,42.199200000000005,42.1992,42.19920000000001,7.489778066296963e-15,0.043,0.038816625498210536,0.04718337450178946,0.006749485577105528,22.68207,20.475381784051077,24.888758215948922,3.560286147067396,0.046,0.044246922705640165,0.04775307729435983,0.002828427124746191,9.705816000000002,9.335923703199255,10.07570829680075,0.5967868096129472,0.0526,0.05116266666666667,0.05403733333333333,0.0023190036174568105,5.5491948,5.397559008,5.700830592000001,0.2446502436344587
primary,uptake(mmol/g) CO2 at 0.15 bar,17,210995,topology_only,mlp,topology_only | mlp,10,0.7862229620512976,0.7861149122172635,0.7863310118853317,0.00017432835528107988,0.5171092119458208,0.5159041968746579,0.5183142270169837,0.0019441797141349284,0.3839760704779909,0.3838067562285059,0.38414538472747595,0.00027317279015035044,0.6524194462254103,0.6510704526780222,0.6537684397727983,0.002176475591130822,0.20599165718619644,0.20405408261912814,0.20792923175326475,0.00312609631038294,4.120536186922516,4.081778082698668,4.159294291146364,0.06253259547834263,0.039999999999999994,0.03999999999999999,0.04,7.314236392868128e-18,42.199200000000005,42.1992,42.19920000000001,7.489778066296963e-15,0.044,0.03801210109192437,0.049987898908075624,0.009660917830792959,23.20956,20.051003204979185,26.368116795020814,5.096037546564978,0.048,0.04430418855699831,0.05169581144300169,0.00596284793999944,10.127808000000002,9.348006568772417,10.907609431227586,1.2581370639481217,0.0536,0.05207617790481377,0.05512382209518624,0.0024585451886114367,5.654692799999999,5.4939326166020415,5.815452983397957,0.2593716003081293
primary,uptake(mmol/g) CO2 at 0.15 bar,17,210995,topology_only,rf,topology_only | rf,10,0.7867793887747765,0.7867654222947269,0.7867933552548261,2.253361625101153e-05,0.5171783181311337,0.5171545368017346,0.5172020994605327,3.836896259578535e-05,0.38310384227943806,0.38308194081092956,0.38312574374794656,3.533598193331797e-05,0.6524178067852656,0.6523526452483888,0.6524829683221425,0.00010513207773866928,0.20561243837694348,0.2029079200165814,0.20831695673730558,0.0043634887716776805,4.11295051647531,4.058850918829979,4.1670501141206415,0.087284667886699,0.039999999999999994,0.03999999999999999,0.04,7.314236392868128e-18,42.199200000000005,42.1992,42.19920000000001,7.489778066296963e-15,0.052000000000000005,0.045598666805526634,0.058401333194473375,0.010327955589886443,27.42948,24.052840753247242,30.80611924675276,5.4478932941092015,0.0512,0.047359200083315976,0.05504079991668403,0.006196773353931868,10.802995200000002,9.992601780779339,11.613388619220665,1.3074943905862084,0.05500000000000001,0.0523062376579298,0.057693762342070215,0.004346134936801765,5.802390000000001,5.518203460436278,6.0865765395637235,0.4585085435627126
primary,uptake(mmol/g) methane at 5.8 bar,17,500,geometry_plus_topology,rf,geometry_plus_topology | rf,5,0.8993411955714137,0.8919530141654602,0.9067293769773671,0.008428814211128477,0.6812832867930145,0.6736396589146824,0.6889269146713467,0.008720240576868956,0.604148050210417,0.5976405826747972,0.6106555177460367,0.007424050903580912,0.780537165294087,0.7752924667815976,0.7857818638065764,0.005983419589499189,0.4238907849829351,0.39740245114896106,0.4503791188169091,0.03021924237932324,8.479262425887313,7.949405345338093,9.009119506436534,0.6044879849324691,0.072,0.029780307912065485,0.1142196920879345,0.048166378315169185,75.95856,31.417629241070856,120.49949075892916,50.81456579493719,0.126,0.050954776301219556,0.20104522369878045,0.08561541917201597,66.46374,26.8781349511303,106.0493450488697,45.16127745904671,0.22079999999999997,0.13788852489552483,0.3037114751044751,0.0945896400246877,46.5879168,29.093927198856164,64.08190640114384,19.95803568664901,0.2716,0.21008721810875403,0.333112781891246,0.07017691928262454,28.6532568,22.16378133603733,35.14273226396267,7.403524630478325
primary,uptake(mmol/g) methane at 5.8 bar,17,500,geometry_plus_topology,hgb,geometry_plus_topology | hgb,5,0.9189552814359147,0.9097193972499562,0.9281911656218731,0.010536767791897194,0.6950835085519833,0.6866379235612242,0.7035290935427424,0.00963515415769862,0.5866787560889607,0.5784000840216577,0.5949574281562637,0.009444731380570547,0.7760159027354503,0.7699946908243912,0.7820371146465094,0.006869305683703792,0.38619643534319303,0.36611221578765896,0.4062806548987271,0.022913102143471847,7.725246783434997,7.323493845499894,8.126999721370101,0.458340244583237,0.076,0.04719400062486982,0.10480599937513017,0.03286335345030997,80.17848000000001,49.78872677922517,110.56823322077484,34.670180623008015,0.122,0.055706784660871964,0.18829321533912802,0.07563068160475615,64.35378,29.384771840763356,99.32278815923664,39.89442823969283,0.1856,0.11983739956479823,0.25136260043520176,0.07502532905625939,39.1608576,25.285211958574166,53.036503241425834,15.830044329554507,0.2424,0.16420214059195737,0.32059785940804264,0.08921210680171161,25.572715199999998,17.322997428170318,33.82243297182968,9.411698843366972
primary,uptake(mmol/g) methane at 5.8 bar,17,500,geometry_plus_topology,ridge,geometry_plus_topology | ridge,5,0.9270594008616658,0.9093056713645027,0.944813130358829,0.020254360209081643,0.7020324255159661,0.6909653872084377,0.7130994638234945,0.012625841818993755,0.5792402076181423,0.5629699637592995,0.5955104514769851,0.018561924121872974,0.7788457647490873,0.7719944346599233,0.7856970948382512,0.007816346844724684,0.3599544937428896,0.3159341480701911,0.40397483941558815,0.05022065577407786,7.200318388488315,6.319761234946724,8.080875542029906,1.0045845170371004,0.028000000000000004,-0.0013345939123076966,0.057334593912307705,0.033466401061363026,29.539439999999995,-1.4079698856063807,60.486849885606375,35.30638379171676,0.07,0.03779391361869624,0.10220608638130377,0.03674234614174768,36.9243,19.935911494726078,53.91268850527393,19.38122016631048,0.11600000000000002,0.08740817459482521,0.14459182540517485,0.03261901286060018,24.475536,18.44277520680974,30.508296793190265,6.882481237535195,0.154,0.11695651852214752,0.1910434814778525,0.042261093218230884,16.246692000000003,12.33867879104952,20.154705208950485,4.458460812336923
primary,uptake(mmol/g) methane at 5.8 bar,17,500,geometry_plus_topology,mlp,geometry_plus_topology | mlp,5,0.952379678329614,0.8907654788543355,1.0139938778048925,0.07029262163569101,0.7057508180999988,0.6829458844579703,0.7285557517420274,0.026017031554054843,0.5541773916235033,0.49451457409451194,0.6138402091524947,0.06806638557346464,0.7652580135909608,0.7496746839010223,0.7808413432808993,0.017778257399231213,0.4234357224118316,0.38753914487665947,0.4593322999470037,0.04095264669807995,8.470159621350666,7.752105556730721,9.188213685970611,0.8191927040868486,0.024,0.009332703043846154,0.03866729695615385,0.01673320053068151,25.31952,9.845815057196814,40.793224942803185,17.653191895858377,0.068,0.027641129847330956,0.10835887015266905,0.04604345773288536,35.86932,14.580419583168606,57.1582204168314,24.287463519519697,0.14240000000000003,0.1351294830995314,0.14967051690046865,0.008294576541331084,30.0458304,28.51178041606872,31.57988038393128,1.7501224719146937,0.2008,0.17815881840539236,0.22344118159460766,0.025830214865540706,21.1839984,18.79539902413208,23.57259777586792,2.725036007884814
primary,uptake(mmol/g) methane at 5.8 bar,17,500,enriched_interpretable,rf,enriched_interpretable | rf,5,0.9679273341461385,0.9545390848786843,0.9813155834135927,0.015273997684560935,0.7327805207277799,0.7210720215611535,0.7444890198944063,0.013357653087283847,0.5414092267922187,0.5286512064924883,0.5541672470919491,0.014555000330877218,0.7452201575429427,0.736573039432359,0.7538672756535264,0.009865073420783074,0.3117178612059158,0.2947312809842335,0.32870444142759814,0.019379157184150536,6.235421107603661,5.895631528493491,6.575210686713831,0.3876492841512161,0.048,0.01382623228264112,0.08217376771735888,0.038987177379235856,50.63904,14.58639853354073,86.69168146645927,41.13069239154624,0.07200000000000001,0.022648461016904452,0.12135153898309556,0.056302753041037,37.97928,11.94683670180693,64.01172329819308,29.699139201616603,0.11599999999999999,0.056395371991765614,0.17560462800823437,0.06799999999999999,24.475536,11.899197908774577,37.05187409122543,14.347728000000002,0.15360000000000001,0.0940934187169184,0.21310658128308163,0.06788814329468733,16.204492800000004,9.92666748779746,22.48231811220255,7.162063341302924
primary,uptake(mmol/g) methane at 5.8 bar,17,500,geometry_only,rf,geometry_only | rf,5,0.9863583447601794,0.9809267253245991,0.9917899641957596,0.006196668513197175,0.7431684630245377,0.7384050188815915,0.7479319071674838,0.005434380056454474,0.5238580399709245,0.5186153738664885,0.5291007060753605,0.005981100914720923,0.7348334171617054,0.7306767083289243,0.7389901259944864,0.004742185465700126,0.289419795221843,0.2580582526316052,0.32078133781208085,0.0357788475056258,5.789383685307924,5.162045797521631,6.416721573094217,0.7156990622200439,0.036000000000000004,7.260655154621432e-05,0.0719273934484538,0.040987803063838396,37.97928,0.07659845975022961,75.88196154024978,43.24131247628823,0.07,0.01851501189667032,0.1214849881033297,0.05873670062235365,36.9243,9.766483625374626,64.08211637462537,30.983022211285327,0.11359999999999999,0.059646215925108645,0.16755378407489135,0.0615532289973483,23.9691456,12.585112975334225,35.353178224665776,12.987485105524504,0.1612,0.1000731333700148,0.22232686662998521,0.0697366474674543,17.0062776,10.55751542426982,23.45503977573018,7.357076834521495
primary,uptake(mmol/g) methane at 5.8 bar,17,500,enriched_interpretable,hgb,enriched_interpretable | hgb,5,1.000694688316855,0.979580572464466,1.0218088041692441,0.02408806037283055,0.7544435323257408,0.736988876084101,0.7718981885673806,0.019913162183774213,0.5097046735580287,0.48902790754212544,0.530381439573932,0.02358910937062102,0.7355080616702145,0.7215285211357994,0.7494876022046297,0.015948572923043927,0.276905574516496,0.24224150350677542,0.3115696455262166,0.03954654038500766,5.539056560550113,4.845656832946112,6.232456288154115,0.7910657788277471,0.072,0.024634459783509276,0.1193655402164907,0.054037024344425186,75.95856,25.988862382406623,125.92825761759339,57.00797994288169,0.076,0.047868707814961636,0.10413129218503836,0.03209361307176243,40.089240000000004,25.25026468531412,54.928215314685886,16.929059959223963,0.11359999999999999,0.05638411185693261,0.17081588814306736,0.06527480371475658,23.9691456,11.896822065365354,36.041469134634646,13.77272248459878,0.1328,0.08634179788239757,0.17925820211760243,0.05300188675886925,14.010134400000002,9.10888699299718,18.911381807002826,5.591593049287189
primary,uptake(mmol/g) methane at 5.8 bar,17,500,enriched_interpretable,mlp,enriched_interpretable | mlp,5,1.008959363605235,0.9761655076969793,1.0417532195134906,0.037412903599588106,0.7580331288295702,0.7424108579803483,0.773655399678792,0.01782268346008846,0.5012555218859837,0.46842818697749167,0.5340828567944756,0.03745109815078566,0.7275967721976991,0.7172959456696586,0.7378975987257397,0.011751708337312164,0.26803185437997723,0.23538686300986453,0.30067684575008996,0.0372430713410541,5.361551872085483,4.7085406283304305,6.014563115840536,0.7449885362795838,0.0,0.0,0.0,0.0,0.0,0.0,0.0,0.0,0.004,-0.0008009998958550283,0.00880099989585503,0.005477225575051661,2.10996,-0.4225194350645687,4.642439435064569,2.8891817185840005,0.036,0.02491256567099493,0.047087434329005064,0.012649110640673518,7.595856000000002,5.25645170631725,9.935260293682754,2.6689117487395495,0.07680000000000001,0.06296289972573733,0.09063710027426268,0.015786069808536893,8.102246400000002,6.642459995265839,9.562032804734164,1.665398792661025
primary,uptake(mmol/g) methane at 5.8 bar,17,500,geometry_only,hgb,geometry_only | hgb,5,1.0214622375010776,1.0066730270035045,1.0362514479986507,0.016872285717411638,0.7683015745026435,0.7572878600160138,0.7793152889892732,0.012565007284121544,0.4892684213451834,0.4744597155879998,0.504077127102367,0.016894526904007605,0.7278898074637403,0.7177205040502,0.7380591108772806,0.011601660059437162,0.2546075085324232,0.21975334967504773,0.28946166738979867,0.03976340229778977,5.093019138254377,4.395817004933293,5.790221271575461,0.7954037572264364,0.024,0.001142668572206424,0.04685733142779358,0.026076809620810597,25.31952,1.2054924903063302,49.43354750969367,27.510512613762764,0.05600000000000001,0.022853392330435998,0.08914660766956402,0.03781534080237807,29.539439999999995,12.054935920381673,47.02394407961832,19.947214119846407,0.1,0.04913054197261387,0.15086945802738613,0.058034472514187634,21.099600000000002,10.366347834053638,31.832852165946367,12.245041562603534,0.134,0.08227679205617658,0.18572320794382344,0.05900847396772772,14.136732,8.680037008342516,19.593426991657484,6.225275986647339
primary,uptake(mmol/g) methane at 5.8 bar,17,500,geometry_only,mlp,geometry_only | mlp,5,1.0306740841943014,1.0108772991201205,1.0504708692684823,0.022585182225419286,0.7785712176750955,0.7673302198044918,0.7898122155456992,0.01282430376204104,0.47992879516914205,0.4598701001051786,0.4999874902331055,0.022883982501511104,0.7111660074679659,0.7010211992238897,0.721310815712042,0.01157371472064011,0.16966249525976487,0.14935261399038152,0.18997237652914822,0.02317054853739332,3.3938289580801433,2.9875620156915565,3.80009590046873,0.4634900511183012,0.0,0.0,0.0,0.0,0.0,0.0,0.0,0.0,0.016,0.011199000104144971,0.02080099989585503,0.005477225575051661,8.43984,5.907360564935432,10.972319435064568,2.889181718584,0.027200000000000002,0.018469745479082526,0.03593025452091748,0.009959919678390985,5.739091200000001,3.8970424171044975,7.581139982895504,2.1015032124617843,0.0388,0.02823780022911894,0.04936219977088106,0.012049896265113654,4.0933224,2.9790314485715896,5.20761335142841,1.2712399561769605
primary,uptake(mmol/g) methane at 5.8 bar,17,500,enriched_interpretable,ridge,enriched_interpretable | ridge,5,1.0471349500347544,1.0220381228431326,1.0722317772263763,0.02863174062246524,0.7941192869053526,0.7835333587045525,0.8047052151061527,0.012076966868327035,0.46306924001915084,0.43695947803413554,0.48917900200416614,0.029787348303486776,0.7112414947736564,0.7046440654519273,0.7178389240953855,0.00752668389802887,0.17929465301478956,0.14382631753398223,0.21476298849559688,0.04046408631829228,3.5865049874391857,2.877017225483514,4.295992749394857,0.8094198290495258,0.0,0.0,0.0,0.0,0.0,0.0,0.0,0.0,0.026000000000000002,0.021199000104144973,0.03080099989585503,0.00547722557505166,13.71474,11.182260564935431,16.247219435064572,2.8891817185840014,0.0344,0.0187985969861682,0.0500014030138318,0.01779887636902959,7.258262400000001,3.9664287696935467,10.550096030306456,3.755491718359768,0.05960000000000001,0.03642885380478558,0.08277114619521443,0.026434825514839323,6.2876807999999995,3.8431712186972677,8.73219038130273,2.788821222164519
primary,uptake(mmol/g) methane at 5.8 bar,17,500,geometry_only,ridge,geometry_only | ridge,5,1.0901618256042098,1.0839066716577952,1.0964169795506244,0.0071361986907701154,0.8297418011377573,0.8232265734108964,0.8362570288646182,0.007432904125587903,0.4183655463407406,0.4116683959583598,0.42506269672312136,0.007640450770684767,0.6788248088604022,0.6749499160626664,0.682699701658138,0.004420675357786469,0.1669321198331437,0.1611776633405145,0.17268657632577292,0.006564977495450973,3.3392121308602567,3.2241033612244214,3.454320900496092,0.13132195597555693,0.0,0.0,0.0,0.0,0.0,0.0,0.0,0.0,0.012,0.0023980002082899434,0.021601999791710055,0.010954451150103323,6.32988,1.264921129870861,11.394838870129139,5.778363437168003,0.027199999999999995,0.02262853371444128,0.03177146628555871,0.005215361924162118,5.739091200000001,4.774530099612254,6.7036523003877475,1.1004205045505102,0.056400000000000006,0.053027888495319295,0.05977211150468072,0.0038470768123342676,5.9500872000000005,5.594336180479195,6.305838219520806,0.4058589095476406
primary,uptake(mmol/g) methane at 5.8 bar,17,500,topology_only,rf,topology_only | rf,5,1.1375960659939792,1.1349141212739957,1.1402780107139627,0.0030596993396836652,0.8716246495228296,0.8685215970477871,0.8747277019978721,0.0035401205469102175,0.36666721083853704,0.36368059342387227,0.3696538282532018,0.003407285490803629,0.6235287262951048,0.6204858473630941,0.6265716052271155,0.0034714714996316154,0.1962836556693212,0.19502667396019857,0.19754063737844385,0.001434028851057193,3.9263430234740326,3.901199099251617,3.9514869476964485,0.028685471317563792,0.0,0.0,0.0,0.0,0.0,0.0,0.0,0.0,0.0,0.0,0.0,0.0,0.0,0.0,0.0,0.0,0.027200000000000002,0.021438800124973966,0.032961199875026034,0.006572670690061994,5.7390912,4.523501071169006,6.954681328830993,1.3868072249203205,0.041999999999999996,0.039520774314427985,0.044479225685572006,0.0028284271247461905,4.430916,4.169362648623524,4.6924693513764755,0.29839340480647353
primary,uptake(mmol/g) methane at 5.8 bar,17,500,topology_only,hgb,topology_only | hgb,5,1.1399624758209808,1.1376482483363666,1.142276703305595,0.002640188760712196,0.8754244228475606,0.8736271581745098,0.8772216875206115,0.002050411215561596,0.36403052349103493,0.3614507982937443,0.36661024868832554,0.0029430820940871674,0.622267985799865,0.6189745885705776,0.6255613830291523,0.0037572755518346388,0.19575274933636705,0.19515813424345846,0.19634736442927564,0.000678367228668873,3.9157230848479436,3.903828753586724,3.9276174161091633,0.013569659819891743,0.0,0.0,0.0,0.0,0.0,0.0,0.0,0.0,0.0,0.0,0.0,0.0,0.0,0.0,0.0,0.0,0.0304,0.027264,0.033535999999999996,0.0035777087639996636,6.414278400000001,5.752594944000001,7.075961856,0.7548822383688728,0.041600000000000005,0.040816000000000005,0.042384000000000005,0.0008944271909999167,4.3887168,4.306006368,4.471427232,0.0943602797961094
primary,uptake(mmol/g) methane at 5.8 bar,17,500,topology_only,ridge,topology_only | ridge,5,1.140671907859813,1.1353156507185334,1.1460281650010928,0.006110691363709337,0.8747454672853662,0.8715717615833718,0.8779191729873606,0.003620725352162368,0.3632268255639614,0.35724637887446303,0.3692072722534598,0.006822798639557129,0.6151105598899054,0.6039475721924947,0.626273547587316,0.012735305777247019,0.19764884338263175,0.19503786352539318,0.20025982323987032,0.0029787390044225233,3.9536514370839755,3.901422928745152,4.005879945422799,0.05958494643317559,0.0,0.0,0.0,0.0,0.0,0.0,0.0,0.0,0.0,0.0,0.0,0.0,0.0,0.0,0.0,0.0,0.027200000000000002,0.020928000000000002,0.033472,0.007155417527999327,5.7390912,4.415724288,7.062458112,1.509764476737746,0.0432,0.041632,0.044768,0.0017888543819998299,4.5575136,4.392092736,4.722934464,0.188720559592218
primary,uptake(mmol/g) methane at 5.8 bar,17,500,topology_only,mlp,topology_only | mlp,5,1.1421548733868359,1.1353839968296637,1.148925749944008,0.0077245613515799305,0.8761765959272745,0.8707306593903525,0.8816225324641964,0.006213002192707768,0.3615613325371053,0.35401412241319963,0.369108542661011,0.008610242284452941,0.6157563420569621,0.6068613210286539,0.6246513630852703,0.010147893714585262,0.19666287447857417,0.1948636110628484,0.19846213789429992,0.0020526914831587918,3.9339286939212395,3.897937284775954,3.9699201030665248,0.04106083543615602,0.0,0.0,0.0,0.0,0.0,0.0,0.0,0.0,0.0,0.0,0.0,0.0,0.0,0.0,0.0,0.0,0.028800000000000003,0.024228533714441287,0.03337146628555872,0.0052153619241621174,6.076684800000001,5.112123699612254,7.0412459003877474,1.1004205045505102,0.04360000000000001,0.0397994189917856,0.04740058100821441,0.00433589667773576,4.599712800000001,4.198759104795398,5.000666495204603,0.45742842770776737
primary,uptake(mmol/g) methane at 5.8 bar,17,1000,geometry_plus_topology,rf,geometry_plus_topology | rf,5,0.8555144582656965,0.8481861511520641,0.8628427653793289,0.008360506564325153,0.6447775490884806,0.6387319260825892,0.650823172094372,0.0068971551058723615,0.6417871317534519,0.6356540247635966,0.6479202387433073,0.006996961297242764,0.8035647624681559,0.8006706780849957,0.8064588468513161,0.003301719088452411,0.4546833522942738,0.44554084310398107,0.46382586148456656,0.01043024083388325,9.095218866200472,8.912337479291578,9.278100253109367,0.20864041476924847,0.08,0.047202926959864236,0.11279707304013577,0.03741657386773942,84.3984,49.79814388411757,118.99865611588243,39.473737098987726,0.154,0.08289763998290915,0.22510236001709083,0.08111719916269299,81.23346000000001,43.72767611458475,118.73924388541526,42.78851138632893,0.3016,0.25304260698925446,0.3501573930107455,0.055396750807244995,63.636393600000005,53.39097790430474,73.88180929569526,11.688492833325466,0.35359999999999997,0.32870259901114174,0.3784974009888582,0.028404225037835483,37.30409279999999,34.677466790477425,39.93071880952256,2.9965889330415685
primary,uptake(mmol/g) methane at 5.8 bar,17,1000,geometry_plus_topology,hgb,geometry_plus_topology | hgb,5,0.8636694490900252,0.856761943429894,0.8705769547501564,0.007880434801539755,0.649652645413552,0.6437722311250851,0.655533059702019,0.006708676573914881,0.6349289995861929,0.6290844034571542,0.6407735957152315,0.006667813390593166,0.8020032084107094,0.7984652970271618,0.8055411197942569,0.004036229771419674,0.4370875995449374,0.4287160029032839,0.44545919618659097,0.009550744474972575,8.743243757450095,8.575783252614835,8.910704262285355,0.19104748589697726,0.055999999999999994,0.02999766164361366,0.08200233835638633,0.029664793948382652,59.078880000000005,31.646933080779547,86.51082691922046,31.295764319664734,0.11200000000000002,0.037262550217444554,0.18673744978255546,0.08526429498916882,59.078880000000005,19.655622614199828,98.50213738580018,44.97606296383666,0.2304,0.15779635094569971,0.3030036490543003,0.08282994627548661,48.613478400000005,33.29439886413886,63.93255793586115,17.476787344342576,0.2976,0.2485388861112999,0.3466611138887,0.05597142127907777,31.396204800000003,26.220355406969922,36.572054193030084,5.904873002100147
primary,uptake(mmol/g) methane at 5.8 bar,17,1000,geometry_plus_topology,mlp,geometry_plus_topology | mlp,5,0.9018232226760707,0.8121981519415973,0.9914482934105442,0.10224885237270902,0.6798294942499075,0.609889749936359,0.7497692385634559,0.0797908278643105,0.5978948633977152,0.5136373308388522,0.6821523959565783,0.09612529102960189,0.7825487837794844,0.7323851412401113,0.8327124263188576,0.05722924220257068,0.41956769055745163,0.3621323854635922,0.47700299565131105,0.06552512576444366,8.39278578278916,7.243883655979911,9.541687909598409,1.3107261505303902,0.036,0.013142668572206424,0.05885733142779357,0.026076809620810593,37.97928,13.865252490306332,62.09330750969367,27.510512613762764,0.068,0.025780307912065495,0.11021969208793451,0.048166378315169185,35.86932,13.598854620535427,58.13978537946458,25.407282897468594,0.13520000000000001,0.11795200000000002,0.15244800000000003,0.01967739820199815,28.5266592,24.887400192,32.165918208,4.151852311028802,0.2076,0.1735298098625793,0.24167019013742072,0.038869010792661036,21.9013848,18.30704788088239,25.495721719117608,4.100602900604153
primary,uptake(mmol/g) methane at 5.8 bar,17,1000,geometry_plus_topology,ridge,geometry_plus_topology | ridge,5,0.9051584905079375,0.9026009858299827,0.9077159951858923,0.0029177317921840157,0.6868881571115064,0.6827981332716125,0.6909781809514003,0.004666107824284433,0.5990352762464588,0.5967705060250916,0.601300046467826,0.0025837653920378592,0.7859026204762427,0.7831612463707952,0.7886439945816902,0.0031274994140501745,0.37269624573378846,0.3497637812500769,0.3956287102175,0.026162525243458534,7.455196915514449,6.996469358043345,7.913924472985554,0.5233397967641994,0.064,0.044796000416579884,0.08320399958342012,0.021908902300206645,67.51872,47.25888451948345,87.77855548051656,23.113453748672004,0.078,0.0665713342861032,0.0894286657138968,0.013038404810405298,41.144220000000004,35.11571312257659,47.17272687742342,6.87762815344069,0.13040000000000002,0.11499684395975944,0.1458031560402406,0.017572706109191035,27.5138784,24.2638740881334,30.7638827118666,3.7077706982148717,0.1608,0.13992438973347127,0.18167561026652873,0.02381596103456671,16.964078400000002,14.761743268101753,19.16641353189825,2.5125362572247196
primary,uptake(mmol/g) methane at 5.8 bar,17,1000,enriched_interpretable,rf,enriched_interpretable | rf,5,0.9307114715787025,0.924045185639936,0.937377757517469,0.00760523903904743,0.7005595847629372,0.6938410322937668,0.7072781372321076,0.007664867362991834,0.5760578198563187,0.5699711281357871,0.5821445115768502,0.0069440083904049685,0.7669471336535141,0.7636395642134166,0.7702547030936115,0.0037734439328361976,0.34736442927569205,0.3174678307758853,0.3772610277754988,0.034107564562033725,6.9484741296410615,6.3504401234725725,7.5465081358095505,0.6822676993108524,0.039999999999999994,0.0008000000000000021,0.07919999999999999,0.04472135954999579,42.199200000000005,0.8439840000000061,83.554416,47.18013989805456,0.092,0.035737415629923296,0.1482625843700767,0.06418722614352484,48.52908000000001,18.851129370628243,78.20703062937177,33.858119918447926,0.1624,0.09264602594833754,0.23215397405166244,0.07957889167360901,34.2657504,19.547940890995434,48.98355990900457,16.790827827564808,0.202,0.15232260232258538,0.25167739767741465,0.05667450926121902,21.310596000000004,16.069729899828115,26.551462100171893,5.979047378040085
primary,uptake(mmol/g) methane at 5.8 bar,17,1000,enriched_interpretable,hgb,enriched_interpretable | hgb,5,0.9393703599413474,0.930440439895751,0.9483002799869439,0.010187708293669278,0.7040532715595673,0.6955566134602551,0.7125499296588795,0.009693420965120594,0.568115253815842,0.5598683096846512,0.5763621979470329,0.00940853453264578,0.7669438497380092,0.7617763465071233,0.7721113529688951,0.00589535127459721,0.3216533940083428,0.29132164885920697,0.35198513915747864,0.03460400205595266,6.434165673320469,5.82742724902325,7.0409040976176875,0.6921981435151484,0.04,0.007202926959864235,0.07279707304013577,0.03741657386773942,42.199200000000005,7.598943884117581,76.79945611588244,39.473737098987726,0.074,0.015659125820742102,0.13234087417925788,0.06655824516917495,39.03426,8.260032279183264,69.80848772081674,35.10880874428809,0.1416,0.06695101275971659,0.2162489872402834,0.08516337240856539,29.877033599999997,14.126395888249155,45.62767131175084,17.969130924717664,0.1584,0.09437786682716673,0.2224221331728333,0.07303971522397935,16.7108832,9.956676194532434,23.46509020546757,7.705543876699374
primary,uptake(mmol/g) methane at 5.8 bar,17,1000,geometry_only,rf,geometry_only | rf,5,0.9477450165984562,0.9452502542158288,0.9502397789810837,0.0028461521812573488,0.7105038071429817,0.7090537330141681,0.7119538812717953,0.0016543185328781011,0.560418457098238,0.558100108273306,0.56273680592317,0.0026448905959717914,0.7567245490616841,0.754816420046625,0.7586326780767432,0.0021768909119959097,0.3207432688661358,0.293867751992677,0.3476187857395946,0.03066096054055944,6.415960064247173,5.878358001464436,6.95356212702991,0.6133238557277095,0.036,0.009997661643613664,0.06200233835638633,0.029664793948382652,37.97928,10.547333080779548,65.41122691922045,31.29576431966473,0.08,0.028515011896670307,0.1314849881033297,0.05873670062235366,42.199200000000005,15.041383625374628,69.35701637462537,30.983022211285327,0.1368,0.0883186165213904,0.18528138347860962,0.05531003525581953,28.864252800000003,18.63487481154729,39.093630788452714,11.670196198836898,0.17640000000000003,0.13529790740120404,0.21750209259879602,0.046891363810407566,18.6098472,14.273658635012222,22.94603576498778,4.946945099270377
primary,uptake(mmol/g) methane at 5.8 bar,17,1000,enriched_interpretable,mlp,enriched_interpretable | mlp,5,0.9576846120301428,0.9294299089817167,0.9859393150785688,0.03223440647977104,0.7210302243203464,0.6968930548931824,0.7451673937475103,0.0275369140936573,0.5507462103561501,0.5243837271747935,0.5771086935375067,0.030075665535310356,0.7527085522533904,0.7334283324599828,0.7719887720467979,0.021995858203671528,0.2716723549488055,0.2493723070025063,0.2939724028951047,0.025441032198688575,5.434374308378665,4.988297240074025,5.880451376683305,0.5089074734352004,0.0,0.0,0.0,0.0,0.0,0.0,0.0,0.0,0.004,-0.0008009998958550283,0.00880099989585503,0.005477225575051661,2.10996,-0.42251943506456824,4.642439435064569,2.889181718584,0.0392,0.013150427565888918,0.06524957243411109,0.029718680993610733,8.271043200000001,2.7746876146923,13.767398785307702,6.270522814927891,0.0728,0.05325495704788552,0.09234504295211449,0.022297981971469975,7.680254400000001,5.618291458637827,9.742217341362174,2.35239250202614
primary,uptake(mmol/g) methane at 5.8 bar,17,1000,geometry_only,hgb,geometry_only | hgb,5,0.9679327199318243,0.9627561420485045,0.9731092978151441,0.005905704100982251,0.7245384503628773,0.720827398366198,0.7282495023595567,0.004233757414597528,0.5414818069464907,0.5365834052157429,0.5463802086772386,0.0055883465566606075,0.7527291351427019,0.7509713261394529,0.7544869441459509,0.0020053981748600594,0.29336367083807363,0.26632808957073933,0.32039925210540793,0.030843570165805828,5.86827465795887,5.327470761003763,6.409078554913977,0.6169766714736789,0.024,-0.014005810082144021,0.06200581008214402,0.04335896677735761,25.31952,-14.775849520460302,65.4148895204603,45.742842770776726,0.046,-0.0006298788332116459,0.09262987883321164,0.053197744313081545,24.26454,-0.33225478573081446,48.86133478573082,28.061278147707387,0.0992,0.05559099102249629,0.1428090089775037,0.04975138189035556,20.930803200000003,11.729476741782628,30.13212965821738,10.497342573337463,0.14240000000000003,0.0930733766004605,0.19172662339953955,0.05627432807239905,15.0229152,9.819055084595378,20.226775315404623,5.936829062981957
primary,uptake(mmol/g) methane at 5.8 bar,17,1000,geometry_only,mlp,geometry_only | mlp,5,0.9761210000073893,0.9472662174762625,1.0049757825385162,0.03291900776304752,0.7350194948369866,0.7105009350655401,0.759538054608433,0.027972023652727572,0.5332808960627393,0.505721213420151,0.5608405787053277,0.03144149174854523,0.743637922994399,0.7259177389120436,0.7613581070767544,0.020216089888753293,0.21266590822904816,0.17061343992901581,0.25471837652908047,0.04797560088802416,4.2540439867933495,3.4128510970101082,5.095236876576591,0.9596757570126608,0.016,-0.015359999999999999,0.04736,0.03577708763999664,16.87968,-16.204492799999997,49.9638528,37.74411191844365,0.022000000000000002,-0.003100247010736766,0.04710024701073677,0.02863564212655271,11.60478,-1.6353492956935387,24.84490929569354,15.105014865335288,0.0448,0.007496096933430681,0.08210390306656931,0.042558195450465235,9.452620800000002,1.5816464685661407,17.323595131433862,8.979609007266363,0.06839999999999999,0.021288188147769123,0.11551181185223086,0.05374755808406556,7.216063200000001,2.2458612732133485,12.186265126786653,5.670259882752749
primary,uptake(mmol/g) methane at 5.8 bar,17,1000,enriched_interpretable,ridge,enriched_interpretable | ridge,5,1.0227537722643216,1.0175519135393536,1.0279556309892897,0.005934545774683118,0.7797693413269657,0.7764988115447748,0.7830398711091566,0.0037311872017430927,0.4880740152284563,0.48286243203119056,0.493285598425722,0.005945639948715219,0.7175930287630197,0.7131454363125026,0.7220406212135367,0.005074040334474964,0.18703071672354948,0.16604814316464472,0.20801329028245424,0.023937990214592204,3.7412526645621966,3.321529580505061,4.160975748619332,0.47884150391714986,0.0,0.0,0.0,0.0,0.0,0.0,0.0,0.0,0.028000000000000004,0.02066635152192308,0.03533364847807693,0.008366600265340755,14.769719999999998,10.9012937642992,18.638146235700795,4.413297973964595,0.038400000000000004,0.02799906465744547,0.04880093534255454,0.01186591757935306,8.1022464,5.907690646462363,10.296802153537637,2.5036611455731785,0.06520000000000001,0.053798256975356805,0.07660174302464322,0.01300769003320728,6.878469600000001,5.675608514386192,8.08133068561381,1.372285283123302
primary,uptake(mmol/g) methane at 5.8 bar,17,1000,geometry_only,ridge,geometry_only | ridge,5,1.0831862553267981,1.081636869129656,1.0847356415239402,0.0017676188062294076,0.8239335993475038,0.8205539909714401,0.8273132077235674,0.0038556296256153193,0.4258035501264622,0.42416140941753216,0.42744569083539224,0.0018734378845853608,0.6812532746262687,0.6804195136589343,0.6820870355936032,0.000951197040788622,0.1670079635949943,0.1623094695436652,0.17170645764632342,0.00536028167890319,3.3407292649496982,3.246743348107241,3.4347151817921553,0.10722392805478366,0.0,0.0,0.0,0.0,0.0,0.0,0.0,0.0,0.01,0.01,0.01,0.0,5.2749,5.2749,5.2749,0.0,0.0256,0.02367960004165799,0.02752039995834201,0.0021908902300206644,5.401497600000001,4.99630089038967,5.806694309610331,0.46226907497344,0.056799999999999996,0.05295920008331598,0.060640799916684016,0.004381780460041329,5.992286399999999,5.587089690389669,6.39748310961033,0.46226907497344
primary,uptake(mmol/g) methane at 5.8 bar,17,1000,topology_only,mlp,topology_only | mlp,5,1.130676747493912,1.1260770297395546,1.1352764652482692,0.005247592640844741,0.8652294392682964,0.8627228986873717,0.8677359798492211,0.0028595893506680498,0.3743409913313829,0.3692432410859331,0.37943874157683266,0.005815773510786727,0.6238052017764627,0.6229598685324707,0.6246505350204548,0.0009643992842890967,0.19757299962078118,0.19108481159319246,0.2040611876483699,0.0074020558573921645,3.9521343029945344,3.8223483984563176,4.081920207532751,0.1480663801371178,0.0,0.0,0.0,0.0,0.0,0.0,0.0,0.0,0.008,0.0006663515219230767,0.015333648478076924,0.008366600265340755,4.21992,0.35149376429920354,8.088346235700797,4.413297973964594,0.027200000000000002,0.022628533714441287,0.031771466285558714,0.005215361924162119,5.7390912,4.774530099612253,6.703652300387747,1.1004205045505107,0.0408,0.03639981091315385,0.04520018908684616,0.005019960159204454,4.3043184000000005,3.8401072517159047,4.768529548284096,0.5295957568757517
primary,uptake(mmol/g) methane at 5.8 bar,17,1000,topology_only,rf,topology_only | rf,5,1.1309540393081126,1.1263509225494925,1.1355571560667326,0.005251470398287092,0.8647263537524758,0.8624954174164823,0.8669572900884692,0.0025451659697733157,0.37403406467527106,0.3689302819445452,0.37913784740599693,0.0058226556777002695,0.6257761444017164,0.6236279063518768,0.6279243824515559,0.002450819546577996,0.19643534319302236,0.19423045141680584,0.19864023496923888,0.0025154530074746988,3.929377291652915,3.885271930900679,3.9734826524051505,0.05031764531334197,0.0,0.0,0.0,0.0,0.0,0.0,0.0,0.0,0.004,-0.0038399999999999997,0.01184,0.00894427190999916,2.10996,-2.0255615999999996,6.2454816,4.718013989805456,0.0312,0.02826654060876923,0.03413345939123077,0.003346640106136301,6.583075200000001,5.964127002287873,7.202023397712128,0.706127675834335,0.0424,0.039799766164361365,0.045000233835638635,0.0029664793948382647,4.4731152000000005,4.198795730807796,4.747434669192205,0.31295764319664726
primary,uptake(mmol/g) methane at 5.8 bar,17,1000,topology_only,ridge,topology_only | ridge,5,1.1314809021981236,1.1271013259231106,1.1358604784731365,0.004996444012027597,0.8655625637498355,0.8628960560660605,0.8682290714336106,0.003042087981350354,0.37345174083319227,0.36859437349153906,0.3783091081748455,0.005541532432461233,0.6258052865203949,0.6245967846416856,0.6270137883991043,0.001378720587617476,0.19673871824042471,0.1945163567599588,0.19896107972089064,0.0025353833371932976,3.9354458280106797,3.8909910135498924,3.979900642471467,0.050716319929317036,0.008,-0.0016019997917100567,0.01760199979171006,0.010954451150103323,8.43984,-1.6900777402582747,18.569757740258275,11.556726874336002,0.008,-0.003428665713896788,0.019428665713896787,0.013038404810405298,4.21992,-1.8085868774234166,10.248426877423416,6.87762815344069,0.0328,0.029866540608769233,0.03573345939123077,0.0033466401061363004,6.9206688,6.3017206022878725,7.539616997712127,0.706127675834335,0.044,0.04185292757457975,0.046147072425420245,0.0024494897427831774,4.6419120000000005,4.415400153263015,4.868423846736986,0.25841626888413977
primary,uptake(mmol/g) methane at 5.8 bar,17,1000,topology_only,hgb,topology_only | hgb,5,1.134436645732942,1.1307405437086604,1.1381327477572236,0.004216701723504102,0.869072622127985,0.8658367901002478,0.8723084541557221,0.0036916022335670147,0.37017689153524974,0.3660651524055502,0.3742886306649493,0.004690881734568327,0.6242866494598471,0.6237791255978318,0.6247941733218625,0.0005790091100354713,0.19605612438376943,0.19605612438376943,0.19605612438376943,0.0,3.9217916212057085,3.9217916212057085,3.9217916212057085,0.0,0.0,0.0,0.0,0.0,0.0,0.0,0.0,0.0,0.0,0.0,0.0,0.0,0.0,0.0,0.0,0.0,0.032,0.032,0.032,0.0,6.7518720000000005,6.7518720000000005,6.7518720000000005,0.0,0.042,0.042,0.042,0.0,4.430916000000001,4.430916000000001,4.430916000000001,0.0
primary,uptake(mmol/g) methane at 5.8 bar,17,2000,geometry_plus_topology,mlp,geometry_plus_topology | mlp,5,0.8013025884565312,0.7916470109998053,0.8109581659132572,0.011015575283292688,0.5988719636149015,0.5903152037018616,0.6074287235279413,0.009761988179950193,0.6857234028038256,0.678137370319557,0.6933094352880942,0.008654532813441947,0.8344956817488647,0.8295007431477438,0.8394906203499856,0.00569848074262446,0.4706105422828973,0.4695860168542247,0.4716350677115699,0.0011688308689740295,9.413817024983143,9.393323019735872,9.434311030230413,0.023380606563334096,0.044,0.02933270304384615,0.058667296956153844,0.01673320053068151,46.41912,30.94541505719681,61.89282494280319,17.65319189585838,0.096,0.07782370774882842,0.11417629225117158,0.020736441353327723,50.63904,41.051227600429506,60.2268523995705,10.938265449466842,0.1648,0.1399582081161604,0.18964179188383962,0.028340783334269357,34.7721408,29.53062207967738,40.013659520322626,5.979791920397497,0.2504,0.22204021551562847,0.27875978448437155,0.03235428874198906,26.416699200000004,23.42479865646778,29.40859974353223,3.413312753702361
primary,uptake(mmol/g) methane at 5.8 bar,17,2000,geometry_plus_topology,hgb,geometry_plus_topology | hgb,5,0.809643886139666,0.804905540114762,0.81438223216457,0.005405746843163905,0.6060163566814778,0.6030074600965183,0.6090252532664373,0.0034327027047125033,0.6791833748188972,0.675426706829189,0.6829400428086054,0.0042857984662678225,0.8273940489341631,0.8262045049141881,0.8285835929541382,0.001357092495353413,0.46765263557072434,0.45913450196696187,0.4761707691744868,0.009717921316039877,9.354648795494931,9.184257051291342,9.525040539698521,0.194391593287746,0.08,0.044938454112803304,0.11506154588719669,0.04,84.3984,47.40917031992522,121.38762968007478,42.199200000000005,0.126,0.09856000000000001,0.15344,0.03130495168499706,66.46374,51.9894144,80.9380656,16.513048964319097,0.28240000000000004,0.250592394368642,0.3142076056313581,0.03628773897613352,59.5852704,52.87399284220598,66.29654795779402,7.656567773008266,0.3576,0.3298426352835864,0.3853573647164135,0.031667017541915754,37.7260848,34.797738337147806,40.6544312628522,3.3408070166370294
primary,uptake(mmol/g) methane at 5.8 bar,17,2000,geometry_plus_topology,rf,geometry_plus_topology | rf,5,0.8141260147580442,0.8083344171789363,0.8199176123371522,0.006607349941432958,0.609773575915978,0.6060576391279886,0.6134895127039675,0.004239330233692189,0.6756159843224279,0.6709938145546499,0.6802381540902058,0.005273207043008164,0.8239838915954116,0.8214742590109299,0.8264935241798934,0.002863116866045794,0.4801668562760712,0.4755946953752763,0.48473901717686607,0.005216154376655088,9.604975920252745,9.513517097592135,9.696434742913354,0.10434089010776645,0.128,0.10801184350671628,0.14798815649328373,0.02280350850198276,135.03744,113.95033466271555,156.12454533728445,24.05724539942177,0.178,0.12489882863815525,0.23110117136184471,0.06058052492344384,93.89322000000001,65.88288311834053,121.9035568816595,31.95562109186739,0.3376,0.31961920313223025,0.3555807968677698,0.020513410247932927,71.23224960000002,67.43837338408807,75.02612581591197,4.328247508672858,0.3788,0.35788761744802855,0.3997123825519715,0.023857912733514643,39.96264240000001,37.75642786553212,42.1688569344679,2.5169620775603296
primary,uptake(mmol/g) methane at 5.8 bar,17,2000,enriched_interpretable,rf,enriched_interpretable | rf,5,0.8892880910361715,0.8842941786743063,0.8942820033980367,0.005697309956534234,0.6644500906354585,0.6598059609303091,0.6690942203406078,0.005298260059714313,0.612962977751163,0.608615326152596,0.6173106293497301,0.004960022712694775,0.7888846269057955,0.7870825874929083,0.7906866663186828,0.0020558584823213368,0.38885096700796357,0.3757314819528564,0.40197045206307075,0.014967377761740954,7.778346476565441,7.515911999063792,8.04078095406709,0.29939863843537107,0.072,0.052011843506716275,0.09198815649328371,0.02280350850198276,75.95856,54.87145466271555,97.04566533728446,24.057245399421774,0.144,0.08766917717625633,0.20033082282374365,0.06426507605223851,75.95856,46.24461426870346,105.67250573129655,33.899184966795296,0.23759999999999998,0.21862136949092478,0.2565786305090752,0.02165178976435898,50.13264960000001,46.12823447710718,54.13706472289284,4.568441033120688,0.2664,0.2534343370397037,0.27936566296029636,0.014791889669680473,28.104667200000005,26.736815689014662,29.472518710985348,1.560514776371951
primary,uptake(mmol/g) methane at 5.8 bar,17,2000,enriched_interpretable,hgb,enriched_interpretable | hgb,5,0.8894522120273468,0.8850938209114618,0.8938106031432318,0.004972274901862256,0.6641596806082314,0.6613148070295379,0.6670045541869248,0.003245576892526309,0.6128231400483195,0.6090281247831942,0.6166181553134448,0.004329546994117049,0.7918035049857907,0.7905068131428769,0.7931001968287045,0.0014793321972575064,0.36973833902161546,0.3574913068545935,0.3819853711886374,0.01397203900412632,7.39602868602624,7.151046243941204,7.641011128111275,0.27948846622247214,0.068,0.031647415497656844,0.10435258450234317,0.041472882706655445,71.73864,33.387390401718015,110.08988959828199,43.75306179786736,0.098,0.046365995700507596,0.14963400429949242,0.05890670590009257,51.69402,24.457599072060756,78.93044092793924,31.072698295239825,0.192,0.1379096814577692,0.24609031854223082,0.061708994482166046,40.511232,29.098391148863463,51.924072851136536,13.020350999759108,0.22359999999999997,0.20218660755508364,0.2450133924449163,0.024429490375363953,23.589352800000004,21.33028272384622,25.848422876153787,2.5772623756201467
primary,uptake(mmol/g) methane at 5.8 bar,17,2000,geometry_plus_topology,ridge,geometry_plus_topology | ridge,5,0.8961777320849261,0.8946849889056845,0.8976704752641678,0.0017029975621088848,0.6804834135813549,0.6787115755463925,0.6822552516163173,0.002021403209844653,0.6069544819491092,0.6056451338426658,0.6082638300555525,0.001493771108274519,0.7892113161315357,0.787109098961722,0.7913135333013495,0.002398316579168793,0.3789912779673872,0.365029293309201,0.3929532626255734,0.0159285442839355,7.581119044938076,7.301831699949579,7.860406389926572,0.3186252493110785,0.068,0.052320000000000005,0.08368,0.017888543819998316,71.73864,55.1965536,88.2807264,18.872055959221825,0.082,0.07057133428610321,0.0934286657138968,0.013038404810405297,43.254180000000005,37.22567312257659,49.28268687742342,6.87762815344069,0.13920000000000002,0.12828014359068768,0.15011985640931236,0.012457929201917945,29.3706432,27.066597177060732,31.674689222939268,2.6285732298878792,0.16960000000000003,0.15905235874709425,0.1801476412529058,0.012033287165193056,17.892460800000002,16.779705743100948,19.005215856899056,1.2694877293535374
primary,uptake(mmol/g) methane at 5.8 bar,17,2000,enriched_interpretable,mlp,enriched_interpretable | mlp,5,0.9034866078000936,0.8907025727599497,0.9162706428402375,0.014584679273725011,0.674439955473542,0.6627007128725813,0.6861791980745027,0.013392726765362066,0.6004351620895634,0.5890725312572592,0.6117977929218675,0.012963068849115808,0.7859939089531138,0.7770084785810424,0.7949793393251853,0.010251037305634184,0.3165718619643535,0.29572532334282275,0.33741840058588424,0.023782794619039514,6.3325176893279025,5.915515768301311,6.749519610354494,0.4757370623282955,0.0,0.0,0.0,0.0,0.0,0.0,0.0,0.0,0.004,-0.0008009998958550283,0.00880099989585503,0.005477225575051661,2.10996,-0.4225194350645687,4.642439435064569,2.8891817185840005,0.0496,0.033609474805373026,0.06559052519462696,0.018242806801586207,10.4654016,7.091464746034488,13.839338453965512,3.8491592639074836,0.094,0.07871702646733955,0.10928297353266045,0.017435595774162694,9.916812,8.304488858251387,11.529135141748613,1.839420482982616
primary,uptake(mmol/g) methane at 5.8 bar,17,2000,geometry_only,rf,geometry_only | rf,5,0.9102849901380647,0.9065504742215903,0.9140195060545392,0.004260526251169253,0.678890883309401,0.6761342053020848,0.6816475613167171,0.0031449588859375046,0.5944768320524447,0.5911581057667513,0.5977955583381381,0.0037861722313907806,0.7773546392152919,0.7755260232139245,0.7791832552166593,0.0020861784101027844,0.3572241183162685,0.34596414694016514,0.36848408969237184,0.01284594970493311,7.145701561268427,6.920463703809923,7.370939418726931,0.25696283693041977,0.064,0.04114266857220643,0.08685733142779357,0.026076809620810597,67.51872,43.40469249030633,91.63274750969367,27.510512613762764,0.10800000000000001,0.0880118435067163,0.12798815649328374,0.022803508501982758,56.968920000000004,46.425367331357776,67.51247266864223,12.028622699710885,0.1928,0.1632150351698705,0.2223849648301295,0.033752036975566384,40.6800288,34.43771956070199,46.92233803929801,7.1215447936966045,0.22479999999999997,0.20392438973347124,0.2456756102665287,0.02381596103456671,23.715950400000004,21.513615268101756,25.918285531898253,2.5125362572247187
primary,uptake(mmol/g) methane at 5.8 bar,17,2000,geometry_only,hgb,geometry_only | hgb,5,0.9188779120989186,0.9159894039117182,0.9217664202861189,0.0032953574796656714,0.6860725993538969,0.6838002070779114,0.6883449916298823,0.0025924610207391794,0.5867875583958642,0.5841923944242107,0.5893827223675177,0.0029606954353957066,0.7768553633402913,0.7756464278090477,0.7780642988715348,0.0013792153205486961,0.33841486537732274,0.32946904483009815,0.34736068592454733,0.010205848396994167,6.769452307086991,6.590505364331758,6.948399249842224,0.20415180018697202,0.028000000000000004,0.008011843506716288,0.04798815649328372,0.022803508501982758,29.539440000000003,8.452334662715547,50.626545337284455,24.057245399421774,0.07,0.04852927574579749,0.09147072425420252,0.024494897427831782,36.9243,25.59870766315072,48.249892336849285,12.920813444206987,0.16479999999999997,0.14429573936958465,0.1853042606304153,0.023392306427541507,34.7721408,30.44582382402489,39.09845777597511,4.935683086985549,0.1976,0.18204792181089613,0.21315207818910387,0.017742604092973506,20.846404800000002,19.20569165520592,22.487117944794083,1.8718092466005192
primary,uptake(mmol/g) methane at 5.8 bar,17,2000,geometry_only,mlp,geometry_only | mlp,5,0.9228514277874558,0.9065040747544983,0.9391987808204132,0.01864989420095925,0.6927672904334177,0.6792436139197471,0.7062909669470883,0.015428499995043228,0.5830742254342591,0.5682182777056461,0.5979301731628721,0.01694842295477664,0.7736795561765512,0.7650183784235816,0.7823407339295207,0.009881113377984089,0.29548729616989,0.27262963342998986,0.31834495890979014,0.026077187598561657,5.910754412463226,5.453523145164404,6.367985679762048,0.5216327526115014,0.016,-0.015359999999999999,0.04736,0.03577708763999664,16.87968,-16.204492799999997,49.9638528,37.74411191844365,0.027999999999999997,-0.0032372598029980874,0.059237259802998085,0.03563705936241092,14.769720000000001,-1.7076221734834593,31.247062173483464,18.79819244307814,0.09360000000000002,0.05443137255404527,0.13276862744595477,0.04468556814006061,19.749225600000003,11.484801883413333,28.013649316586672,9.428476135280231,0.13440000000000002,0.09100646757868175,0.1777935324213183,0.049505555243830976,14.178931200000003,9.601000316615767,18.756862083384238,5.22273706711368
primary,uptake(mmol/g) methane at 5.8 bar,17,2000,enriched_interpretable,ridge,enriched_interpretable | ridge,5,1.0157011760019734,1.0132849745800208,1.018117377423926,0.0027565258300090924,0.7757459399655549,0.7749226027474102,0.7765692771836995,0.0009393050960086562,0.49512046610775756,0.4927180162428326,0.4975229159726825,0.0027408373522996494,0.7217396535369198,0.7195338043977562,0.7239455026760835,0.0025165452159589046,0.19021615472127418,0.18301526406195695,0.1974170453805914,0.008215143373865613,3.80497229631873,3.660929906713753,3.9490146859237067,0.16433090550930501,0.0,0.0,0.0,0.0,0.0,0.0,0.0,0.0,0.03,0.023801935786069976,0.03619806421393002,0.007071067811865475,15.824699999999998,12.55528310779405,19.094116892205946,3.7299175600809193,0.0424,0.032926891956701856,0.051873108043298144,0.010807404868885036,8.946230400000001,6.947442495296266,10.945018304703737,2.2803191977152673,0.0704,0.0646655343753755,0.0761344656246245,0.006542170893518449,7.4270592,6.822084545533365,8.032033854466635,0.6901859449244094
primary,uptake(mmol/g) methane at 5.8 bar,17,2000,geometry_only,ridge,geometry_only | ridge,5,1.0815418947498978,1.0807332781972527,1.082350511302543,0.0009225110099214107,0.8223751900707622,0.8210584517709526,0.8236919283705718,0.0015022022178325099,0.42754646253510453,0.4266908710591221,0.42840205401108694,0.0009761023986050975,0.6817718387289731,0.6809402351852772,0.6826034422726689,0.0009487357418539113,0.1653394008342814,0.15981215848502797,0.1708666431835348,0.006305760010737912,3.3073523149819897,3.196788603688562,3.4179160262754174,0.12613672157998262,0.0,0.0,0.0,0.0,0.0,0.0,0.0,0.0,0.01,0.01,0.01,0.0,5.2749,5.2749,5.2749,0.0,0.0264,0.024479600041657987,0.028320399958342013,0.0021908902300206644,5.5702944,5.165097690389669,5.9754911096103305,0.46226907497344,0.057199999999999994,0.054266540608769225,0.06013345939123076,0.003346640106136302,6.0344856,5.725011501143936,6.343959698856064,0.3530638379171675
primary,uptake(mmol/g) methane at 5.8 bar,17,2000,topology_only,rf,topology_only | rf,5,1.125941298610781,1.1246970893934303,1.1271855078281319,0.001419457340932704,0.8611661234277047,0.8590000420187441,0.8633322048366653,0.0024711761608338435,0.37958063218668564,0.37820982006676945,0.3809514443066018,0.0015638923900577564,0.6263863203982283,0.6215077399753643,0.6312649008210922,0.00556573339756302,0.19658703071672354,0.19424131374117581,0.19893274769227126,0.0026761135782142308,3.9324115598317975,3.8854892144608586,3.9793339052027363,0.05353140505772563,0.0,0.0,0.0,0.0,0.0,0.0,0.0,0.0,0.006,-0.0018399999999999996,0.01384,0.00894427190999916,3.16494,-0.9705815999999996,7.3004616,4.718013989805456,0.0304,0.026402368701343257,0.03439763129865674,0.004560701700396551,6.414278400000001,5.570794186508623,7.257762613491378,0.9622898159768707,0.046,0.04088894531432112,0.05111105468567888,0.0058309518948453,4.852908000000001,4.313701952770251,5.392114047229751,0.6151537630023896
primary,uptake(mmol/g) methane at 5.8 bar,17,2000,topology_only,ridge,topology_only | ridge,5,1.1262459337368942,1.1249105280223517,1.1275813394514367,0.0015234989567645234,0.8614115039691861,0.8594972057287649,0.8633258022096073,0.0021839290789745047,0.3792447454981239,0.3777726679875286,0.38071682300871923,0.0016794211131835528,0.6266561030687788,0.6213805749888771,0.6319316311486806,0.00601859153258632,0.1963594994311718,0.19423890242467454,0.1984800964376691,0.002419285234393109,3.9278601575634737,3.8854409799010825,3.970279335225865,0.048393961634054704,0.0,0.0,0.0,0.0,0.0,0.0,0.0,0.0,0.006,0.0011990001041449717,0.010800999895855028,0.005477225575051661,3.16494,0.6324605649354313,5.697419435064569,2.8891817185840005,0.0304,0.02508265329322979,0.03571734670677021,0.0060663003552412385,6.414278400000001,5.292339514258313,7.536217285741688,1.2799651097544806,0.0452,0.041164112984733096,0.0492358870152669,0.004604345773288533,4.7685096,4.342731591663372,5.194287608336627,0.4857492703903939
primary,uptake(mmol/g) methane at 5.8 bar,17,2000,topology_only,hgb,topology_only | hgb,5,1.128132730299551,1.1262710145263657,1.1299944460727362,0.00212394031817655,0.8632891456877332,0.8604678624793618,0.8661104288961046,0.0032186637947434504,0.3771622499115896,0.37510617051735945,0.3792183293058197,0.0023456802513444532,0.6259747759014485,0.6212737718981607,0.6306757799047362,0.005363145160127576,0.19673871824042471,0.19532065162322546,0.19815678485762397,0.0016178027309595355,3.9354458280106797,3.9070796558488885,3.963812000172471,0.03236157613021786,0.0,0.0,0.0,0.0,0.0,0.0,0.0,0.0,0.004,-0.0008009998958550283,0.00880099989585503,0.005477225575051661,2.10996,-0.4225194350645687,4.642439435064569,2.8891817185840005,0.0288,0.02586654060876923,0.03173345939123077,0.003346640106136302,6.076684800000001,5.4577366022878735,6.695632997712128,0.706127675834335,0.0428,0.041232,0.044368,0.0017888543819998299,4.515314400000001,4.3498935360000015,4.680735264000001,0.18872055959221837
primary,uptake(mmol/g) methane at 5.8 bar,17,2000,topology_only,mlp,topology_only | mlp,5,1.1296553895673738,1.1252264668642247,1.1340843122705229,0.005052740934353914,0.8665736625067367,0.8583051543841659,0.8748421706293076,0.009433135833968119,0.3754715821797653,0.3705615654701861,0.3803815988893445,0.005601597516979012,0.6237592529786695,0.6197043714242344,0.6278141345331046,0.004626015712462782,0.1970420932878271,0.19459268685442271,0.19949149972123148,0.0027944078008252547,3.9415143643684454,3.8925178759514383,3.9905108527854525,0.05589769324449433,0.004,-0.0038399999999999997,0.01184,0.00894427190999916,4.21992,-4.051123199999999,12.4909632,9.436027979610913,0.01,-0.0007353621271012547,0.020735362127101253,0.01224744871391589,5.2749,-0.3878961684246409,10.93769616842464,6.460406722103493,0.029599999999999998,0.02428265329322979,0.03491734670677021,0.0060663003552412385,6.245481600000001,5.123542714258313,7.367420485741688,1.2799651097544806,0.045200000000000004,0.0425413266466149,0.04785867335338511,0.0030331501776206192,4.7685096,4.488024878564578,5.048994321435422,0.3199912774386202
primary,uptake(mmol/g) methane at 5.8 bar,17,5000,geometry_plus_topology,hgb,geometry_plus_topology | hgb,5,0.7620268970542623,0.7590538648513818,0.7649999292571428,0.0033917867882330504,0.5680024701091415,0.5668534550097923,0.5691514852084907,0.001310855035366591,0.7158152418807597,0.7135975152716145,0.7180329684899049,0.0025300956395707896,0.8473186952103979,0.8464644225585135,0.8481729678622824,0.0009745978168022995,0.5001137656427759,0.4931754393571406,0.5070520919284112,0.007915596543241908,10.0039821857758,9.865191979768605,10.142772391782996,0.15833894655269898,0.10400000000000001,0.06807260655154622,0.13992739344845379,0.0409878030638384,109.71792,71.81523845975022,147.6206015402498,43.241312476288236,0.172,0.13211989969922341,0.21188010030077656,0.04549725266430931,90.72828,69.69192589234336,111.76463410765663,23.99934580789651,0.32880000000000004,0.30814639828020307,0.349453601719797,0.023562682360037026,69.37548480000001,65.01765745152973,73.73331214847029,4.971631727238377,0.39879999999999993,0.37945250651893114,0.4181474934810687,0.022072607458114228,42.07260240000001,40.031480532734214,44.1137242672658,2.328615941616134
primary,uptake(mmol/g) methane at 5.8 bar,17,5000,geometry_plus_topology,rf,geometry_plus_topology | rf,5,0.7696977809414273,0.7669761423040131,0.7724194195788414,0.0031049841854326535,0.5717678187643556,0.5693457679923056,0.5741898695364055,0.002763199066969186,0.7100658181861286,0.7080165486432097,0.7121150877290474,0.002337911225605307,0.8436640266537445,0.8424107272347977,0.8449173260726913,0.0014298279065949062,0.5087599544937429,0.5036018613450316,0.5139180476424542,0.005884615772854242,10.176935471972104,10.073756004584402,10.280114939359807,0.11771239946996193,0.132,0.11201184350671628,0.15198815649328373,0.02280350850198276,139.25736,118.17025466271555,160.34446533728445,24.05724539942177,0.20600000000000002,0.15541832742978937,0.2565816725702107,0.05770615218501404,108.66294000000002,81.9816135359396,135.34426646406044,30.439418216073054,0.36479999999999996,0.354458329728714,0.3751416702712859,0.01179830496300211,76.97134080000001,74.78928973943975,79.15339186056026,2.489395153973593,0.4176,0.41422788849531933,0.4209721115046807,0.0038470768123342724,44.055964800000005,43.700213780479196,44.411715819520815,0.4058589095476416
primary,uptake(mmol/g) methane at 5.8 bar,17,5000,geometry_plus_topology,mlp,geometry_plus_topology | mlp,5,0.7741318865212232,0.7706497021556,0.7776140708868464,0.003972653546796148,0.5762516861309368,0.5730934097558653,0.5794099625060083,0.003603122788975257,0.7067133066654081,0.7040727842651261,0.7093538290656901,0.003012442644459974,0.8468136941011238,0.8456531265496902,0.8479742616525575,0.0013240346619826993,0.4819871065604854,0.4800206019834332,0.48395361113753754,0.0022434887307924297,9.641387138399335,9.602050335238573,9.680723941560096,0.044877431573974134,0.06,0.06,0.06,0.0,63.29880000000001,63.2988,63.298800000000014,7.944109290391274e-15,0.096,0.08270663323307448,0.10929336676692553,0.0151657508881031,50.639039999999994,43.62692196411445,57.65115803588554,7.999781935965506,0.15999999999999998,0.14711756544747848,0.17288243455252147,0.014696938456699072,33.75936,31.04121783915617,36.47750216084383,3.100995226609678,0.2736,0.25944451145315006,0.28775548854684996,0.016149303390549066,28.864252800000003,27.37087706928443,30.357628530715576,1.7037192090961464
primary,uptake(mmol/g) methane at 5.8 bar,17,5000,enriched_interpretable,hgb,enriched_interpretable | hgb,5,0.8360234346363102,0.8322825891384669,0.8397642801341536,0.004267747360460052,0.6218432073041513,0.6192876578346843,0.6243987567736183,0.0029155011906080532,0.6579423929625955,0.6548784692411143,0.6610063166840767,0.0034954804689316904,0.8158764647471065,0.8141659107123739,0.8175870187818391,0.0019514872963513554,0.4156238149412211,0.41188523904037616,0.419362390842066,0.004265158088434587,8.313894810138214,8.239110532476603,8.388679087799824,0.08531771862223536,0.06800000000000002,0.04141326646614897,0.09458673353385107,0.030331501776206204,71.73864,43.690167856457826,99.78711214354217,31.99912774386202,0.134,0.10325860120293809,0.16474139879706193,0.035071355833500364,70.68366,54.46787954853781,86.8994404514622,18.499789488613107,0.22959999999999997,0.20818660755508364,0.25101339244491633,0.02442949037536396,48.4446816,43.926541447692436,52.96282175230757,5.154524751240294,0.2672,0.25303366017631934,0.28136633982368064,0.016161683080669533,28.189065600000003,26.694545081281344,29.68358611871866,1.7050252416444742
primary,uptake(mmol/g) methane at 5.8 bar,17,5000,enriched_interpretable,rf,enriched_interpretable | rf,5,0.8398456865322894,0.837200212998731,0.8424911600658478,0.003018091149853646,0.6240431529981365,0.6210365932807914,0.6270497127154816,0.003430036686936817,0.654811136923492,0.652639082137823,0.6569831917091611,0.0024779908936784284,0.8133249344789263,0.8118395521883331,0.8148103167695194,0.001694599884867614,0.4222222222222222,0.4150405370450679,0.42940390739937656,0.008193232780163144,8.445885475919605,8.302227261505605,8.589543690333604,0.1638926188550726,0.11200000000000002,0.0697803079120655,0.1542196920879345,0.048166378315169185,118.15776000000001,73.61682924107086,162.69869075892916,50.81456579493719,0.174,0.13915827788412288,0.2088417221158771,0.03974921382870358,91.78326000000001,73.404600001096,110.16191999890403,20.967312802502853,0.304,0.2822448829007978,0.3257551170992022,0.02481934729198172,64.142784,59.55254131253673,68.73302668746328,5.236783001218977,0.3108,0.2950906275109411,0.3265093724890589,0.0179220534537759,32.7887784,31.131471021149263,34.44608577885073,1.8907407952664488
primary,uptake(mmol/g) methane at 5.8 bar,17,5000,geometry_only,rf,geometry_only | rf,5,0.8703067781999255,0.866085744260799,0.8745278121390521,0.004815570828173844,0.6440093506997989,0.6413954918414468,0.646623209558151,0.002982023515747513,0.6293118818601476,0.6257119040110536,0.6329118597092417,0.004107038361259109,0.798393205661081,0.7961532821798675,0.8006331291422945,0.0025554189634650155,0.39059537353052715,0.3854084431108319,0.3957823039502224,0.0059175148025511016,7.813240560622591,7.709484249394489,7.916996871850694,0.11837049234727662,0.096,0.07314266857220643,0.11885733142779357,0.026076809620810593,101.27807999999999,77.16405249030632,125.39210750969366,27.510512613762764,0.128,0.11232,0.14368,0.01788854381999832,67.51872,59.2476768,75.7897632,9.436027979610913,0.2464,0.21872579945147466,0.2740742005485253,0.03157213961707379,51.98941440000001,46.15026878106336,57.828560018936656,6.661595170644101,0.268,0.24374029843547124,0.2922597015645288,0.027676705006196088,28.273464,25.714114004345344,30.832813995654657,2.919837024743675
primary,uptake(mmol/g) methane at 5.8 bar,17,5000,enriched_interpretable,mlp,enriched_interpretable | mlp,5,0.8704396847780933,0.8608823230101152,0.8799970465460714,0.010903525815692068,0.6465263987094624,0.6400620887092955,0.6529907087096293,0.007374814585716739,0.6291611922652036,0.6210380737360534,0.6372843107943539,0.00926726796962664,0.80287449697895,0.7979937795253371,0.8077552144325628,0.005568171431248943,0.3428138035646568,0.3337562863444711,0.3518713207848425,0.010333277659035802,6.857446084274585,6.676264826842816,7.038627341706354,0.20670082033996165,0.0,0.0,0.0,0.0,0.0,0.0,0.0,0.0,0.012,0.0023980002082899434,0.021601999791710055,0.010954451150103323,6.329879999999999,1.264921129870861,11.394838870129139,5.778363437168002,0.05920000000000001,0.030458085241236978,0.08794191475876303,0.03279024245107072,12.490963200000001,6.426534153560037,18.555392246439965,6.918609996206118,0.1176,0.09456186952029311,0.14063813047970689,0.026283074401599216,12.406564799999998,9.97608811065188,14.837041489348117,2.772811783219914
primary,uptake(mmol/g) methane at 5.8 bar,17,5000,geometry_only,hgb,geometry_only | hgb,5,0.8743347642023516,0.8698504753099757,0.8788190530947274,0.005115905507193688,0.6497440490891656,0.6463691163976175,0.6531189817807137,0.003850295366218265,0.6258715930543325,0.6220308605871431,0.6297123255215219,0.004381703510217342,0.7969445610914567,0.7945868492626137,0.7993022729202998,0.0026897979186982068,0.3687523701175578,0.35980037620644395,0.37770436402867164,0.010212891285415679,7.376305942863503,7.197235511760984,7.5553763739660225,0.20429268199256398,0.039999999999999994,0.022469227056401645,0.057530772943598346,0.02,42.199200000000005,23.704585159962615,60.69381484003739,21.099600000000002,0.10600000000000001,0.07061127863287514,0.14138872136712488,0.0403732584763727,55.913940000000004,37.24674336605531,74.5811366339447,21.296490113701832,0.196,0.155111562514569,0.236888437485431,0.0466476151587624,41.355216,32.727919244324,49.982512755676,9.842460208038233,0.22879999999999998,0.20248631565135736,0.2551136843486426,0.03001999333777408,24.137942400000004,21.361901328586903,26.913983471413104,3.1670492571484896
primary,uptake(mmol/g) methane at 5.8 bar,17,5000,geometry_only,mlp,geometry_only | mlp,5,0.8884952907521413,0.8812828643989076,0.895707717105375,0.008228303881908941,0.6639849025787083,0.6580445802167205,0.6699252249406962,0.006777022760034191,0.6136389354286814,0.6073424122774966,0.6199354585798662,0.007183394789770643,0.7922717665589589,0.7883106511167045,0.7962328820012133,0.0045190425487780395,0.33818733409177104,0.32807942404832463,0.34829524413521745,0.011531619371223985,6.764900904818667,6.562708205963243,6.967093603674091,0.2306717444871801,0.06,0.03520774314427991,0.08479225685572009,0.0282842712474619,63.29880000000001,37.14346486235242,89.4541351376476,29.83934048064736,0.11400000000000002,0.06266446065346154,0.1653355393465385,0.058566201857385286,60.133860000000006,33.05487635009443,87.21284364990558,30.893085817752166,0.152,0.12163581056573386,0.18236418943426613,0.03464101615137754,32.071392,25.664669486127586,38.47811451387242,7.3091158438760555,0.2112,0.1795328046079227,0.2428671953920773,0.03612755181298618,22.2811776,18.94035182052663,25.62200337947337,3.8113844611664165
primary,uptake(mmol/g) methane at 5.8 bar,17,5000,geometry_plus_topology,ridge,geometry_plus_topology | ridge,5,0.8903761843020165,0.889973857560378,0.890778511043655,0.00045899486911723,0.6755540242245456,0.6746880922750222,0.6764199561740689,0.000987899338277072,0.6120279326325411,0.6116773948384545,0.6123784704266276,0.0003999113960511586,0.7921088112411778,0.7916010368244175,0.7926165856579381,0.0005792949556690549,0.38134243458475536,0.37771942769668104,0.3849654414728297,0.004133311063614333,7.628150201710755,7.555677698738047,7.700622704683464,0.08268032813598504,0.08,0.08,0.08,0.0,84.3984,84.3984,84.3984,0.0,0.082,0.07057133428610321,0.0934286657138968,0.013038404810405297,43.254180000000005,37.22567312257659,49.28268687742342,6.87762815344069,0.1464,0.143264,0.149536,0.0035777087639996667,30.8898144,30.228130944,31.551497855999997,0.7548822383688735,0.17400000000000002,0.16859665288918066,0.17940334711081937,0.006164414002968969,18.356652000000004,17.786609686502782,18.926694313497226,0.6503333484852212
primary,uptake(mmol/g) methane at 5.8 bar,17,5000,enriched_interpretable,ridge,enriched_interpretable | ridge,5,1.011493312084972,1.0111958943984043,1.0117907297715398,0.0003393092677940188,0.7721700660258259,0.7712789710840577,0.7730611609675941,0.0010166065633672645,0.49929795293974194,0.49900349682899114,0.49959240905049274,0.000335930551035222,0.7234055222879038,0.7227137522484358,0.7240972923273717,0.0007892065474735036,0.19082290481607886,0.18728631939073098,0.19435949024142674,0.00403471705066982,3.8171093690342603,3.7463655902698787,3.887853147798642,0.08070811137875705,0.0,0.0,0.0,0.0,0.0,0.0,0.0,0.0,0.026000000000000002,0.021199000104144973,0.03080099989585503,0.0054772255750516596,13.71474,11.182260564935431,16.247219435064572,2.8891817185840014,0.041600000000000005,0.03760236870134326,0.04559763129865675,0.004560701700396553,8.777433600000002,7.9339493865086235,9.620917813491381,0.9622898159768715,0.07320000000000002,0.07120118435067165,0.07519881564932838,0.002280350850198273,7.7224536000000015,7.5115825466271575,7.933324653372845,0.2405724539942174
primary,uptake(mmol/g) methane at 5.8 bar,17,5000,geometry_only,ridge,geometry_only | ridge,5,1.0796957149481223,1.0791474081770214,1.0802440217192233,0.0006255363330128391,0.8204939866996028,0.8193788066642107,0.821609166734995,0.0012722542685139485,0.4294993168157271,0.42891971983106514,0.4300789138003891,0.0006612338047234848,0.6825897050487477,0.682254707884447,0.6829247022130485,0.0003821818528807169,0.16564277588168375,0.163862030249572,0.1674235215137955,0.0020315654510396487,3.3134208513397554,3.2777998610673764,3.3490418416121344,0.04063824269127436,0.0,0.0,0.0,0.0,0.0,0.0,0.0,0.0,0.01,0.01,0.01,0.0,5.2749,5.2749,5.2749,0.0,0.0248,0.023232,0.026368,0.0017888543819998316,5.232700800000001,4.901859072000001,5.563542528000001,0.3774411191844364,0.055600000000000004,0.05331426685722064,0.057885733142779366,0.0026076809620810618,5.865688800000001,5.624548524903064,6.106829075096938,0.2751051261376277
primary,uptake(mmol/g) methane at 5.8 bar,17,5000,topology_only,ridge,topology_only | ridge,5,1.1231245376316008,1.1221407945030806,1.124108280760121,0.0011223043406986823,0.8589720924778683,0.8580965613632265,0.8598476235925101,0.000998850555487372,0.3826812403181913,0.38159925194880995,0.3837632286875726,0.0012343875228575897,0.6284059673102117,0.6251402305971601,0.6316717040232633,0.003725719023979658,0.1962836556693212,0.19405880971465245,0.19850850162398997,0.002538217752094273,3.9263430234740317,3.8818385110497533,3.97084753589831,0.050773017901107664,0.0,0.0,0.0,0.0,0.0,0.0,0.0,0.0,0.006,-0.0018399999999999996,0.01384,0.00894427190999916,3.16494,-0.9705815999999996,7.3004616,4.718013989805456,0.027200000000000002,0.022628533714441287,0.031771466285558714,0.005215361924162118,5.7390912,4.774530099612253,6.703652300387747,1.1004205045505107,0.0452,0.04254132664661489,0.0478586733533851,0.003033150177620621,4.7685096,4.488024878564578,5.048994321435422,0.31999127743862016
primary,uptake(mmol/g) methane at 5.8 bar,17,5000,topology_only,rf,topology_only | rf,5,1.1232292672767188,1.1222430572170112,1.1242154773364263,0.0011251187416328186,0.8590087908798635,0.8581673352973427,0.8598502464623843,0.0009599754502872922,0.38256610450595796,0.3814813262997736,0.3836508827121423,0.0012375703109890545,0.6288643159504324,0.6253445002015275,0.6323841316993372,0.004015585348380369,0.19598028062191886,0.19330657813672616,0.19865398310711155,0.0030502961778066297,3.9202744871162674,3.8667913121479587,3.973757662084576,0.061016334123292375,0.0,0.0,0.0,0.0,0.0,0.0,0.0,0.0,0.004,-0.0008009998958550283,0.00880099989585503,0.005477225575051661,2.10996,-0.4225194350645687,4.642439435064569,2.8891817185840005,0.027200000000000002,0.021438800124973966,0.032961199875026034,0.006572670690061994,5.739091200000001,4.523501071169007,6.954681328830994,1.3868072249203205,0.04360000000000001,0.04046400000000001,0.04673600000000001,0.003577708763999664,4.599712800000001,4.2688710720000005,4.930554528000001,0.3774411191844366
primary,uptake(mmol/g) methane at 5.8 bar,17,5000,topology_only,hgb,topology_only | hgb,5,1.123650125496976,1.1227382112521171,1.1245620397418348,0.0010403582863033986,0.8597298703261353,0.8588434525732963,0.8606162880789744,0.0010112705876584968,0.3821034024505458,0.3810998768249229,0.3831069280761687,0.0011448732224774354,0.6278867750308091,0.6239928378191838,0.6317807122424345,0.004442402196586884,0.19582859309821765,0.19266991903319555,0.19898726716323975,0.003603576493956646,3.9172402189373847,3.8540559571793827,3.980424480695387,0.07208382877501669,0.0,0.0,0.0,0.0,0.0,0.0,0.0,0.0,0.006,-0.0018399999999999996,0.01384,0.00894427190999916,3.16494,-0.9705815999999996,7.3004616,4.718013989805456,0.0304,0.026402368701343257,0.03439763129865674,0.004560701700396551,6.414278400000001,5.570794186508623,7.257762613491378,0.9622898159768707,0.0452,0.043632,0.046768,0.0017888543819998333,4.7685096,4.603088736,4.9339304639999995,0.18872055959221837
primary,uptake(mmol/g) methane at 5.8 bar,17,5000,topology_only,mlp,topology_only | mlp,5,1.1252113923117277,1.1219218414192893,1.1285009432041662,0.0037528874545599703,0.8620465611014196,0.856746068018099,0.8673470541847402,0.0060470728819246745,0.38038003525597464,0.3767497851463664,0.38401028536558285,0.004141574500209202,0.6272941423991,0.6241004067143112,0.6304878780838887,0.003643576578242132,0.19931740614334473,0.19742827459588988,0.20120653769079958,0.002155217631912451,3.9870283870516845,3.949239308554644,4.0248174655487245,0.04311170832982551,0.0,0.0,0.0,0.0,0.0,0.0,0.0,0.0,0.006,0.0011990001041449717,0.010800999895855028,0.005477225575051661,3.16494,0.6324605649354313,5.697419435064569,2.8891817185840005,0.0288,0.022528,0.035072,0.0071554175279993255,6.076684800000001,4.753317888000001,7.400051712000001,1.5097644767377458,0.048799999999999996,0.04457803079120655,0.05302196920879344,0.004816637831516917,5.1483024,4.702893092410709,5.593711707589292,0.5081456579493716
primary,uptake(mmol/g) methane at 5.8 bar,17,10000,geometry_plus_topology,hgb,geometry_plus_topology | hgb,5,0.7359635509153714,0.7345850883997072,0.7373420134310356,0.001572620351765541,0.5490894125205121,0.5476646260469935,0.5505141989940308,0.001625469085821342,0.7349257780362214,0.7339322370866388,0.735919318985804,0.0011334821947430035,0.8579024136805391,0.8574017499725863,0.8584030773884919,0.0005711826963517378,0.5140690178232841,0.5098408696548317,0.5182971659917365,0.004823687103878011,10.283134858232994,10.198557464324121,10.367712252141867,0.09649020517347792,0.128,0.10801184350671628,0.14798815649328373,0.02280350850198276,135.03744,113.95033466271555,156.12454533728445,24.05724539942177,0.22999999999999998,0.21760387157213992,0.24239612842786004,0.014142135623730954,121.32270000000001,114.78386621558812,127.8615337844119,7.459835120161842,0.3576,0.3463474831259846,0.3688525168740153,0.012837445228704962,75.4521696,73.07793354965027,77.82640565034974,2.708649593475829,0.41879999999999995,0.4033868710509514,0.4342131289490485,0.0175840837122666,44.18256240000001,42.55650812213328,45.80861667786674,1.8550856634767012
primary,uptake(mmol/g) methane at 5.8 bar,17,10000,geometry_plus_topology,rf,geometry_plus_topology | rf,5,0.7380303263400146,0.7361365236689117,0.7399241290111176,0.0021605466880392707,0.5451301126286092,0.5434917289000221,0.5467684963571964,0.0018691517297705924,0.7334340401931138,0.7320642332291432,0.7348038471570844,0.0015627456568830342,0.8565832526309528,0.8557495513464493,0.8574169539154564,0.0009511289515707862,0.5324990519529769,0.5263997168072355,0.5385983870987182,0.006958432654811903,10.651798441967227,10.529790922208898,10.773805961725555,0.13919240201314861,0.14400000000000002,0.12114266857220644,0.16685733142779358,0.026076809620810593,151.91712,127.80309249030634,176.03114750969368,27.510512613762756,0.23199999999999998,0.19116797335424066,0.2728320266457593,0.04658325879540846,122.37768000000001,100.83919426462843,143.9161657353716,24.572203181990005,0.3872,0.3722422333217823,0.4021577666782177,0.017064583206161228,81.69765120000002,78.5416222619628,84.85368013803725,3.6005587981671927,0.4484,0.43274942761430113,0.4640505723856989,0.017854971296532515,47.305303200000004,45.65419911445355,48.95640728554646,1.883663761841587
primary,uptake(mmol/g) methane at 5.8 bar,17,10000,geometry_plus_topology,mlp,geometry_plus_topology | mlp,5,0.7548003979528913,0.7540999714537235,0.7555008244520591,0.0007990822782558052,0.5595020887594622,0.558653781809888,0.5603503957090363,0.0009677918393026781,0.7211838493542947,0.7206663662879185,0.7217013324206709,0.0005903710783787626,0.854783749747918,0.8539608295119602,0.8556066699838759,0.0009388293814601568,0.4895714827455442,0.4872210602146644,0.491921905276424,0.0026814819157624016,9.793100547343462,9.746084074805966,9.840117019880958,0.05363879013065978,0.06,0.06,0.06,0.0,63.29880000000001,63.2988,63.298800000000014,7.944109290391274e-15,0.11399999999999999,0.09382056492366547,0.1341794350763345,0.023021728866442683,60.133860000000006,49.48940979158431,70.7783102084157,12.143731759759849,0.20400000000000001,0.18718507329781067,0.22081492670218936,0.01918332609325088,43.04318400000001,39.49530172554487,46.59106627445515,4.047605072371561,0.3148,0.2996889211503613,0.3299110788496388,0.017239489551607975,33.2107704,31.61658180352081,34.80495899647919,1.8187316687155388
primary,uptake(mmol/g) methane at 5.8 bar,17,10000,enriched_interpretable,rf,enriched_interpretable | rf,5,0.8112101702668632,0.808090181565086,0.8143301589686402,0.003559442258267848,0.5984511807798981,0.5954402082122039,0.6014621533475923,0.003435071091709882,0.6779474372228049,0.6754698079884572,0.6804250664571526,0.0028266058117562415,0.8273158630333695,0.8255765837003025,0.8290551423664364,0.001984258581937837,0.4443686006825939,0.44041877174047034,0.4483184296247174,0.004506166333716484,8.888888630036458,8.809878570549134,8.967898689523782,0.0901387060816121,0.128,0.08764112984733095,0.16835887015266904,0.04604345773288536,135.03744,92.45963916633721,177.6152408336628,48.574927039039395,0.186,0.1631426685722064,0.20885733142779359,0.026076809620810597,98.11314,86.05612624515317,110.17015375484684,13.755256306881382,0.3152,0.29136846324720117,0.3390315367527988,0.02718823274874629,66.50593920000001,61.47758027130648,71.53429812869355,5.736608357054472,0.32520000000000004,0.3108183539189702,0.33958164608102986,0.01640731544159496,34.30794960000001,32.790714701743525,35.82518449825649,1.7309389644573858
primary,uptake(mmol/g) methane at 5.8 bar,17,10000,enriched_interpretable,hgb,enriched_interpretable | hgb,5,0.8125653336006454,0.8096742169668727,0.8154564502344182,0.0032983333285694816,0.6039691127995358,0.6018308011894087,0.6061074244096629,0.002439494957817008,0.6768712493117899,0.6745770535466925,0.6791654450768873,0.0026173355532907354,0.8265435695341742,0.8249308379211324,0.828156301147216,0.001839886487869559,0.43526734926052335,0.43113301014623595,0.43940168837481075,0.004716664949787208,8.706832539303505,8.624131646645354,8.789533431961656,0.09434939682833698,0.096,0.05799418991785598,0.13400581008214402,0.04335896677735761,101.27808,61.1827104795397,141.3734495204603,45.742842770776726,0.174,0.1472691638739077,0.20073083612609227,0.030495901363953807,91.78326,77.68301125184759,105.88350874815241,16.086283010471995,0.28080000000000005,0.25870844360394685,0.30289155639605325,0.02520317440323738,59.24767680000001,54.58644676665836,63.90890683334165,5.317768986385476,0.28640000000000004,0.26854785346239846,0.30425214653760163,0.020366639388961535,30.214627200000006,28.331261444576114,32.0979929554239,2.148639722256664
primary,uptake(mmol/g) methane at 5.8 bar,17,10000,geometry_only,rf,geometry_only | rf,5,0.8450082595933331,0.8437620005125612,0.8462545186741051,0.0014217959296849276,0.6219860832756504,0.6208537860997783,0.6231183804515226,0.0012917823755006015,0.6505571261986949,0.6495266060790649,0.6515876463183249,0.0011756699182009648,0.8109588305634883,0.810235714166846,0.8116819469601305,0.0008249680706820317,0.4116799393249905,0.40373843235106,0.41962144629892095,0.009060076243621054,8.235003837487266,8.076146593889291,8.393861081085241,0.1812324466343449,0.1,0.08760387157213996,0.11239612842786005,0.014142135623730947,105.498,92.4203324311762,118.5756675688238,14.91967024032368,0.14400000000000002,0.13616000000000003,0.15184,0.008944271909999153,75.95855999999999,71.8230384,80.09408159999998,4.718013989805452,0.25680000000000003,0.23498844929859414,0.2786115507014059,0.024883729623993257,54.1837728,49.581622848206166,58.785922751793834,5.250367415744082,0.28800000000000003,0.266963072467682,0.30903692753231804,0.023999999999999994,30.383424,28.164070219195516,32.60277778080449,2.531952000000001
primary,uptake(mmol/g) methane at 5.8 bar,17,10000,enriched_interpretable,mlp,enriched_interpretable | mlp,5,0.8496317587923616,0.8431431999107116,0.8561203176740116,0.007402478946622211,0.6288700495555635,0.6233838330191281,0.6343562660919988,0.006258955670792277,0.6467020277405963,0.641306612371202,0.6520974431099905,0.006155365067761589,0.8131010027247434,0.8102917418218847,0.8159102636276021,0.003204948135369701,0.36442927569207434,0.35049422328853425,0.37836432809561443,0.01589781859404973,7.289829299765351,7.011080691788735,7.568577907741967,0.31801063064752716,0.024,0.001142668572206424,0.04685733142779358,0.026076809620810597,25.31952,1.2054924903063302,49.43354750969367,27.510512613762764,0.052000000000000005,0.021383821270445927,0.08261617872955408,0.034928498393145956,27.42948,11.279751881947515,43.57920811805249,18.424433617400563,0.124,0.09540817459482517,0.15259182540517482,0.032619012860600184,26.163504,20.130743206809733,32.19626479319027,6.882481237535196,0.1744,0.14066977236957925,0.20813022763042074,0.03848116422355228,18.398851200000003,14.840379645445873,21.957322754554134,4.05968586325632
primary,uptake(mmol/g) methane at 5.8 bar,17,10000,geometry_only,hgb,geometry_only | hgb,5,0.8509547986240037,0.8497046949340278,0.8522049023139796,0.0014261820559742097,0.6323065408703008,0.631542124247178,0.6330709574934236,0.0008720854757313289,0.6456215894611264,0.6445802799125779,0.6466628990096748,0.0011879790490683115,0.8081544200131517,0.8072423262707613,0.8090665137555422,0.0010405630662434929,0.3971937808115283,0.39168355618263373,0.40270400544042284,0.006286345327296816,7.945231226403983,7.8350079275986895,8.055454525209276,0.12574836164944253,0.06400000000000002,0.03519400062486984,0.09280599937513019,0.03286335345030997,67.51872,37.128966779225166,97.90847322077484,34.670180623008015,0.132,0.11513944247659645,0.14886055752340355,0.01923538406167135,69.62868,60.73490451197986,78.52245548802014,10.146472738691017,0.22560000000000002,0.20362001783440217,0.24757998216559787,0.025075884829851968,47.600697600000004,42.963009282987514,52.238385917012494,5.290911395559449,0.2472,0.23910921116330427,0.2552907888366957,0.009230384607371469,26.079105600000002,25.225543559306278,26.932667640693726,0.9737871153084757
primary,uptake(mmol/g) methane at 5.8 bar,17,10000,geometry_only,mlp,geometry_only | mlp,5,0.8714800852360192,0.8679977509075514,0.874962419564487,0.003972824632058735,0.6492425512413842,0.6461864156760404,0.652298686806728,0.00348659534314467,0.6283146434131167,0.6253361341788211,0.6312931526474124,0.003398035265048954,0.8018797464097378,0.7999971989322235,0.8037622938872521,0.0021477061890779092,0.35479711793704966,0.3473510624554322,0.36224317341866713,0.00849483990874064,7.097153270406308,6.948206747615317,7.246099793197298,0.1699257908024877,0.05600000000000001,0.04133270304384616,0.07066729695615385,0.016733200530681513,59.078880000000005,43.60517505719682,74.5525849428032,17.65319189585838,0.128,0.09217969291030575,0.16382030708969425,0.040865633483405106,67.51872,48.62386621325718,86.41357378674283,21.55621300616136,0.19680000000000003,0.16700800000000005,0.22659200000000002,0.033988233257996804,41.52401280000001,35.23801996800001,47.810005632000006,7.171381264504294,0.2448,0.216899071269938,0.272700928730062,0.03183080269173242,25.825910400000005,22.882418220835923,28.769402579164087,3.3580860223723867
primary,uptake(mmol/g) methane at 5.8 bar,17,10000,geometry_plus_topology,ridge,geometry_plus_topology | ridge,5,0.8887862578984057,0.8882060565976925,0.8893664591991189,0.0006619232393002564,0.6745431648850482,0.6736459002616179,0.6754404295084785,0.0010236452509163568,0.6134121936263109,0.6129073726502494,0.6139170146023725,0.0005759255198680411,0.792955123015019,0.7924817964082926,0.7934284496217454,0.0005399951368365425,0.38210087220326133,0.3770020261119698,0.38719971829455285,0.005817023707620888,7.643321542605167,7.5413272185742475,7.745315866636087,0.11636032747565202,0.08,0.08,0.08,0.0,84.3984,84.3984,84.3984,0.0,0.07400000000000001,0.06616000000000001,0.08184000000000001,0.008944271909999154,39.03426,34.898738400000006,43.1697816,4.718013989805455,0.14479999999999998,0.14323199999999997,0.146368,0.0017888543819998333,30.552220800000004,30.221379072000005,30.883062528000004,0.37744111918443607,0.17040000000000002,0.16621458532520375,0.1745854146747963,0.0047749345545253195,17.976859200000003,17.53530632263835,18.41841207736166,0.5037460456333122
primary,uptake(mmol/g) methane at 5.8 bar,17,10000,enriched_interpretable,ridge,enriched_interpretable | ridge,5,1.010749819570337,1.0104496149066988,1.0110500242339753,0.00034248879339663914,0.7716113985543418,0.7706134268061203,0.7726093703025633,0.0011385370758405385,0.5000337579916005,0.4997367605964384,0.5003307553867627,0.00033882977791988966,0.7240517678195054,0.7238846647989439,0.724218870840067,0.0001906396496026513,0.1901403109594236,0.18626674617022998,0.19401387574861723,0.004419160297901316,3.8034551622292896,3.7259706460877746,3.8809396783708046,0.08839828841638099,0.0,0.0,0.0,0.0,0.0,0.0,0.0,0.0,0.026000000000000002,0.021199000104144973,0.03080099989585503,0.00547722557505166,13.71474,11.182260564935431,16.247219435064572,2.8891817185840014,0.041600000000000005,0.038464000000000005,0.044736000000000005,0.0035777087639996636,8.7774336,8.115750144,9.439117056,0.7548822383688737,0.07200000000000001,0.06688894531432113,0.07711105468567889,0.0058309518948453,7.595856,7.05664995277025,8.13506204722975,0.6151537630023893
primary,uptake(mmol/g) methane at 5.8 bar,17,10000,geometry_only,ridge,geometry_only | ridge,5,1.079261240078166,1.0791324147655128,1.0793900653908193,0.0001469704879159009,0.8200188730705724,0.8188282353528741,0.8212095107882708,0.0013583402415043879,0.42995851361685516,0.4298224274616856,0.43009459977202474,0.00015525402742641123,0.6829103006449481,0.6828560070077327,0.6829645942821634,6.19409507955511e-05,0.16496018202502843,0.16429538214093295,0.16562498190912392,0.0007584376185058722,3.2997666445347837,3.28646837791129,3.3130649111582775,0.015171340894412688,0.0,0.0,0.0,0.0,0.0,0.0,0.0,0.0,0.01,0.01,0.01,0.0,5.2749,5.2749,5.2749,0.0,0.024,0.024,0.024,0.0,5.063904000000001,5.063904000000001,5.063904000000001,0.0,0.0536,0.05213327030438462,0.055066729695615386,0.0016733200530681528,5.654692799999999,5.499955750571967,5.809429849428032,0.1765319189585839
primary,uptake(mmol/g) methane at 5.8 bar,17,10000,topology_only,ridge,topology_only | ridge,5,1.122070057341584,1.1218411028888868,1.1222990117942813,0.0002612029183581982,0.8583055041587538,0.8577194437674106,0.8588915645500971,0.0006686075887569637,0.3838403393595978,0.38358890157250664,0.384091777146689,0.0002868530530857007,0.6304857348678297,0.6299234382613184,0.631048031474341,0.0006414966508555014,0.19772468714448235,0.19676705219930293,0.19868232208966177,0.0010925187933930958,3.9551685711734166,3.9360126038911756,3.9743245384556576,0.021854104600945105,0.0,0.0,0.0,0.0,0.0,0.0,0.0,0.0,0.01,0.0012346135282008258,0.018765386471799175,0.01,5.2749,0.6512462899906533,9.898553710009345,5.2749,0.029599999999999998,0.02428265329322979,0.03491734670677021,0.006066300355241239,6.245481600000001,5.123542714258313,7.367420485741688,1.2799651097544809,0.042800000000000005,0.040448000000000005,0.045152000000000005,0.0026832815729997466,4.515314399999999,4.267183103999999,4.763445696,0.2830808393883275
primary,uptake(mmol/g) methane at 5.8 bar,17,10000,topology_only,rf,topology_only | rf,5,1.1222343487111766,1.1219757360857263,1.1224929613366268,0.0002950384746665327,0.8584963487183188,0.858030388404253,0.8589623090323846,0.0005315912944225271,0.3836598849318037,0.38337582004874343,0.38394394981486396,0.00032407570844045816,0.6304857899282205,0.6296944427893653,0.6312771370670757,0.0009028091817755554,0.19833143723928706,0.19786135273311112,0.198801521745463,0.000536296383152478,3.9673056438889467,3.9579023493814476,3.976708938396446,0.010727758026132031,0.0,0.0,0.0,0.0,0.0,0.0,0.0,0.0,0.012,0.00808,0.01592,0.004472135954999579,6.32988,4.262119200000001,8.3976408,2.359006994902728,0.0304,0.025696000000000004,0.035103999999999996,0.005366563145999493,6.414278400000001,5.421753216000001,7.406803584,1.1323233575533094,0.044000000000000004,0.04185292757457976,0.04614707242542025,0.0024494897427831774,4.6419120000000005,4.415400153263015,4.868423846736986,0.25841626888413977
primary,uptake(mmol/g) methane at 5.8 bar,17,10000,topology_only,hgb,topology_only | hgb,5,1.1222782456372054,1.1219485564395837,1.122607934834827,0.0003761262537395553,0.8584760990258866,0.8580365785500732,0.8589156195017,0.0005014273782764595,0.3836116455957049,0.38324945074930616,0.3839738404421036,0.00041321035594266636,0.6304752428597624,0.6297950747849426,0.6311554109345823,0.0007759704343991447,0.19757299962078118,0.19666268488891636,0.198483314352646,0.001038533480290421,3.9521343029945335,3.9339249014810194,3.9703437045080476,0.020774214088676156,0.0,0.0,0.0,0.0,0.0,0.0,0.0,0.0,0.008,0.0006663515219230767,0.015333648478076924,0.008366600265340755,4.21992,0.35149376429920354,8.088346235700797,4.413297973964594,0.0312,0.02826654060876923,0.03413345939123077,0.003346640106136301,6.583075200000001,5.964127002287873,7.202023397712128,0.706127675834335,0.044399999999999995,0.043615999999999995,0.045183999999999995,0.0008944271909999167,4.6841112,4.601400768,4.766821632,0.094360279796109
primary,uptake(mmol/g) methane at 5.8 bar,17,10000,topology_only,mlp,topology_only | mlp,5,1.1227896379363789,1.122263339009049,1.1233159368637087,0.0006004286622420848,0.8591955971920229,0.858617978890806,0.8597732154932397,0.0006589764217187839,0.38304968839739245,0.3824713299243229,0.383628046870462,0.00065982084752369,0.6299645265624119,0.6288444406925958,0.6310846124322279,0.001277851094666207,0.19726962457337882,0.1963777019340159,0.19816154721274173,0.0010175508430033137,3.9460657666367687,3.9282242697449394,3.963907263528598,0.020354489729837513,0.0,0.0,0.0,0.0,0.0,0.0,0.0,0.0,0.004,-0.0008009998958550283,0.00880099989585503,0.005477225575051661,2.10996,-0.4225194350645687,4.642439435064569,2.8891817185840005,0.0304,0.024030753890765408,0.03676924610923459,0.0072663608498339805,6.414278400000001,5.070392947935939,7.758163852064063,1.5331730738715705,0.0432,0.03978262322826411,0.04661737677173589,0.003898717737923586,4.5575136,4.1969871853354075,4.918040014664593,0.4113069239154625
primary,uptake(mmol/g) methane at 5.8 bar,17,20000,geometry_plus_topology,rf,geometry_plus_topology | rf,5,0.7062401239807495,0.7045077779330233,0.7079724700284757,0.0019763487363617343,0.5192407483115533,0.5183948813212798,0.5200866153018269,0.0009650082092728537,0.7559039268101418,0.7547068719817934,0.7571009816384903,0.0013656612086639795,0.8683609317875429,0.8675940532504229,0.8691278103246629,0.0008748941527989432,0.567235494880546,0.5637858944685158,0.5706850952925763,0.00393548011046478,11.346645854931333,11.277642073310481,11.415649636552185,0.07872303388202787,0.20400000000000001,0.15535407930771586,0.2526459206922842,0.055497747702046435,215.21592,163.89544658805409,266.53639341194594,58.54901387070495,0.274,0.20970721968992168,0.33829278031007837,0.073348483283569,144.53226,110.61846131423678,178.44605868576323,38.69059144724981,0.4272,0.4038900042042046,0.4505099957957954,0.026593232221751466,90.1374912,85.21917532707035,95.05580707292965,5.611065625860674,0.488,0.47617484714686525,0.4998251528531347,0.013490737563232054,51.483024,50.235494024299996,52.730553975700005,1.4232458314458545
primary,uptake(mmol/g) methane at 5.8 bar,17,20000,geometry_plus_topology,hgb,geometry_plus_topology | hgb,5,0.7196061707063819,0.7181641617518969,0.7210481796608669,0.001645117370608054,0.5374114567912621,0.5364748189243971,0.5383480946581272,0.001068564255413594,0.7465776754949296,0.745561749469838,0.7475936015200212,0.0011590202307224541,0.8639261198364068,0.8633829423408638,0.8644692973319498,0.000619684593817472,0.5380356465680697,0.532663504048661,0.5434077890874783,0.006128814213374893,10.76254923049644,10.655088045150862,10.870010415842017,0.12259720172215073,0.136,0.12133270304384616,0.15066729695615386,0.016733200530681516,143.47728,128.00357505719683,158.9509849428032,17.653191895858377,0.22999999999999998,0.21926463787289874,0.24073536212710123,0.01224744871391589,121.32270000000001,115.65990383157536,126.98549616842466,6.460406722103497,0.37679999999999997,0.36739199999999994,0.386208,0.010733126291999,79.50329280000001,77.51824243200001,81.48834316800001,2.264646715106616,0.44160000000000005,0.42936608255708747,0.4538339174429126,0.013957077057894333,46.5879168,45.297262977607616,47.87857062239239,1.4724437154537362
primary,uptake(mmol/g) methane at 5.8 bar,17,20000,geometry_plus_topology,mlp,geometry_plus_topology | mlp,5,0.726414367907465,0.7211822745642864,0.7316464612506437,0.005969038969373312,0.5362189307299361,0.5313265531742466,0.5411113082856256,0.005581473870467279,0.7417468624590656,0.7380168611645505,0.7454768637535808,0.0042553757401521345,0.8653043827945073,0.8637676468374859,0.8668411187515287,0.0017531867670245841,0.4995070155479711,0.4936196880026252,0.5053943430933171,0.006716563570000265,9.99184511306027,9.874078468885278,10.109611757235262,0.13435419482515853,0.092,0.06015376945382703,0.12384623054617297,0.03633180424916991,97.05816,63.461023698398456,130.65529630160154,38.32932684678926,0.15200000000000002,0.1320118435067163,0.17198815649328375,0.022803508501982758,80.17848,69.63492733135777,90.72203266864221,12.028622699710883,0.288,0.2554852599579821,0.32051474004201785,0.03709447398198282,60.766848,53.9063679100944,67.6273280899056,7.826785632302449,0.36,0.34132334933667174,0.37867665066332823,0.021307275752662516,37.97928,36.0089307083202,39.949629291679805,2.2478749773543902
primary,uptake(mmol/g) methane at 5.8 bar,17,20000,enriched_interpretable,rf,enriched_interpretable | rf,5,0.7808922921088992,0.7783613784811183,0.7834232057366801,0.0028873953657647024,0.5739331231312396,0.5727691447509168,0.5750971015115623,0.001327925909562196,0.7015714842361683,0.6996362820596246,0.7035066864127121,0.002207777355590448,0.840892692624851,0.839828691280035,0.841956693969667,0.0012138670077345203,0.47174819871065604,0.4662510231792617,0.4772453742420504,0.00627145825124809,9.43657403632476,9.32661176400564,9.54653630864388,0.12545056931933496,0.15600000000000003,0.14133270304384618,0.17066729695615387,0.016733200530681502,164.57688000000002,149.10317505719684,180.0505849428032,17.653191895858374,0.20800000000000002,0.19499883082180686,0.22100116917819318,0.014832396974191326,109.71792,102.85993327019489,116.57590672980513,7.823941079916185,0.33919999999999995,0.3204166950724852,0.3579833049275147,0.021428952377566188,71.56984320000001,67.6066409935141,75.53304540648591,4.5214232358569575,0.3604,0.3416658446680935,0.3791341553319065,0.02137288001182808,38.0214792,36.04506328079453,39.997895119205474,2.2547960954878374
primary,uptake(mmol/g) methane at 5.8 bar,17,20000,enriched_interpretable,hgb,enriched_interpretable | hgb,5,0.7956781597028563,0.7939916506483707,0.7973646687573418,0.0019240555563768487,0.592352497298393,0.591377270202288,0.593327724394498,0.0011125888165256926,0.6901651943721082,0.6888520618429096,0.6914783269013068,0.0014980885707930344,0.8340120546508445,0.8332430942019116,0.8347810150997774,0.0008772693039912281,0.45566932119833137,0.4497157422202166,0.46162290017644614,0.006792146583917511,9.11494160936321,8.995849710418737,9.234033508307684,0.13586611306600901,0.11199999999999999,0.08015376945382702,0.14384623054617296,0.0363318042491699,118.15776000000001,84.56062369839847,151.75489630160155,38.32932684678926,0.20400000000000001,0.18691311614132056,0.22108688385867947,0.01949358868961793,107.60796,98.59479963338518,116.62112036661483,10.282673097886564,0.316,0.28806054545986987,0.34393945454013014,0.03187475490101845,66.67473600000001,60.7796228498507,72.56984915014931,6.725445785095292,0.324,0.30886859689255486,0.33913140310744516,0.017262676501632084,34.181352000000004,32.58501923497076,35.77768476502925,1.8211778455691823
primary,uptake(mmol/g) methane at 5.8 bar,17,20000,enriched_interpretable,mlp,enriched_interpretable | mlp,5,0.8199131063305571,0.814837047911562,0.8249891647495523,0.005791026368690404,0.6060770714023281,0.6026329934268196,0.6095211493778366,0.003929179833187179,0.6709921306428734,0.6669165015567591,0.6750677597289878,0.004649685554911712,0.8262629811085155,0.8241751935662697,0.8283507686507613,0.0023818545239993535,0.40257868790291995,0.3933024065853098,0.4118549692205301,0.010582854900299803,8.052947746754315,7.867390460738912,8.238505032769718,0.21169321696470017,0.07200000000000001,0.03564741549765685,0.10835258450234317,0.041472882706655445,75.95856,37.60731040171802,114.30980959828199,43.75306179786736,0.098,0.07141326646614896,0.12458673353385105,0.030331501776206207,51.69402,37.66978392822891,65.7182560717711,15.999563871931011,0.2032,0.18824223332178228,0.2181577666782177,0.017064583206161235,42.87438720000001,39.718358261962784,46.03041613803723,3.600558798167196,0.2532,0.24438217804670562,0.26201782195329437,0.010059821071967442,26.712093600000003,25.781831019571353,27.642356180428653,1.0612910034504202
primary,uptake(mmol/g) methane at 5.8 bar,17,20000,geometry_only,rf,geometry_only | rf,5,0.8201910884191259,0.8187965714717403,0.8215856053665115,0.0015909360663927034,0.6013693965233955,0.6004786072680557,0.6022601857787353,0.0010162578206970054,0.6707811478204722,0.6696614549826637,0.6719008406582806,0.0012774027037036958,0.8229238869976644,0.8222287574475085,0.8236190165478203,0.0007930392486314123,0.4342055365946151,0.4301685533252271,0.4382425198640031,0.004605596435908667,8.685592662051329,8.604839218563672,8.766346105538986,0.0921276474773407,0.12,0.08281161471641986,0.15718838528358015,0.042426406871192854,126.59760000000001,87.36459729352865,165.83060270647138,44.759010720971034,0.172,0.13164112984733095,0.21235887015266902,0.04604345773288535,90.72828,69.4393795831686,112.0171804168314,24.287463519519694,0.28240000000000004,0.25704393216604754,0.30775606783395254,0.028927495570823268,59.5852704,54.235241511307365,64.93529928869263,6.103585855461425,0.31240000000000007,0.29017667675616454,0.3346233232438356,0.02535350074447314,32.95757520000001,30.61305904442185,35.30209135557817,2.6747436215404283
primary,uptake(mmol/g) methane at 5.8 bar,17,20000,geometry_only,hgb,geometry_only | hgb,5,0.8393110590735272,0.8385358868655205,0.8400862312815339,0.0008843559955978195,0.6247127974712726,0.6235046729235086,0.6259209220190366,0.0013782901092278383,0.655253731940279,0.6546171069362553,0.6558903569443028,0.0007262942781495067,0.81361844646926,0.8133457553844202,0.8138911375540997,0.0003110998992652087,0.40826697004171414,0.39846652541523003,0.41806741466819825,0.011180847140071939,8.166732803462411,7.970690462316257,8.362775144608566,0.22365510268928857,0.07599999999999998,0.04463999999999999,0.10735999999999998,0.03577708763999663,80.17848000000001,47.09430720000001,113.26265280000001,37.74411191844365,0.156,0.10937012116678835,0.20262987883321165,0.053197744313081545,82.28844,57.69164521426919,106.8852347857308,28.061278147707384,0.23760000000000003,0.20391535993958082,0.27128464006041925,0.03842915559832144,50.1326496,43.02532528581178,57.23997391418822,8.108398114623434,0.2692,0.2517306925151568,0.2866693074848432,0.01992987706936497,28.400061600000004,26.55708459896401,30.243038601035998,2.102562171063867
primary,uptake(mmol/g) methane at 5.8 bar,17,20000,geometry_only,mlp,geometry_only | mlp,5,0.8493692561440229,0.8457232747072393,0.8530152375808066,0.00415952160068907,0.6312642986958682,0.6285525118038086,0.6339760855879278,0.0030937448118052145,0.6469349707049055,0.6439031064968452,0.6499668349129657,0.003458905340699633,0.8117811341564339,0.8100332315983488,0.813529036714519,0.001994096396900069,0.37542662116040953,0.36726757359419865,0.3835856687266204,0.009308257647807032,7.509813742734335,7.346604944831393,7.673022540637277,0.18619692175357352,0.10400000000000001,0.05862271934106233,0.14937728065893768,0.05176871642217914,109.71792,61.84579645043393,157.59004354956608,54.61496045107055,0.14200000000000002,0.13239800020828996,0.15160199979171007,0.01095445115010332,74.90358,69.83862112987087,79.96853887012914,5.778363437167998,0.23759999999999998,0.21548063798388387,0.25971936201611606,0.025234896472940003,50.1326496,45.46555269204757,54.799746507952435,5.3244622162044495,0.272,0.26306102466722275,0.2809389753327773,0.01019803902718558,28.695456000000007,27.75241198034267,29.638500019657343,1.075872721290025
primary,uptake(mmol/g) methane at 5.8 bar,17,20000,geometry_plus_topology,ridge,geometry_plus_topology | ridge,5,0.8876695406864705,0.8872390033902879,0.8881000779826531,0.0004911789087311979,0.673946106047154,0.6732684763297121,0.6746237357645959,0.0007730745468235143,0.6143831179765031,0.6140090084854256,0.6147572274675807,0.0004268031903455397,0.7936105664886663,0.7931846739696484,0.7940364590076843,0.00048587991001664016,0.3831626848691695,0.38045612459204964,0.38586924514628934,0.0030877820228778566,7.664561419857347,7.610420976907862,7.7187018628068325,0.06176617896275475,0.08,0.08,0.08,0.0,84.3984,84.3984,84.3984,0.0,0.078,0.07066635152192308,0.08533364847807692,0.008366600265340751,41.144220000000004,37.27579376429921,45.0126462357008,4.4132979739645934,0.148,0.14449384541128032,0.15150615458871966,0.0040000000000000036,31.227408000000004,30.48762340639851,31.9671925936015,0.8439840000000007,0.17479999999999998,0.1707641129847331,0.17883588701526687,0.004604345773288529,18.4410504,18.015272391663373,18.86682840833663,0.4857492703903932
primary,uptake(mmol/g) methane at 5.8 bar,17,20000,enriched_interpretable,ridge,enriched_interpretable | ridge,5,1.0103844065808953,1.0097837820184283,1.0109850311433624,0.0006852231380778127,0.7712348157430273,0.7704746392434724,0.7719949922425823,0.0008672481264810174,0.5003950569439327,0.4998008070969315,0.5009893067909339,0.0006779505375069338,0.7242901208627448,0.7238360839815406,0.724744157743949,0.0005179884340125151,0.18930602957906711,0.18486254972344862,0.1937495094346856,0.00506934847643565,3.786766687245435,3.697881924672807,3.8756514498180628,0.10140427105934932,0.0,0.0,0.0,0.0,0.0,0.0,0.0,0.0,0.024,0.01919900010414497,0.02880099989585503,0.0054772255750516596,12.65976,10.12728056493543,15.19223943506457,2.8891817185840014,0.0408,0.039232,0.042368,0.0017888543819998303,8.608636800000001,8.277795072,8.939478528000002,0.37744111918443685,0.07120000000000001,0.06571200000000002,0.076688,0.00626099033699941,7.511457600000002,6.932484576000002,8.090430624000001,0.6605219585727637
primary,uptake(mmol/g) methane at 5.8 bar,17,20000,geometry_only,ridge,geometry_only | ridge,5,1.0791403051475132,1.0789891951267214,1.079291415168305,0.00017239401967964618,0.8206848858814728,0.819418592044029,0.8219511797189166,0.001444652602047619,0.43008625349352,0.42992664090304883,0.4302458660839911,0.0001820941848766737,0.68293832533455,0.682751631495,0.6831250191741001,0.00021298985521144608,0.1651877133105802,0.1641209217980645,0.16625450482309587,0.0012170501733698295,3.3043180468031084,3.282978575626131,3.3256575179800856,0.024345157222254565,0.0,0.0,0.0,0.0,0.0,0.0,0.0,0.0,0.01,0.01,0.01,0.0,5.2749,5.2749,5.2749,0.0,0.024,0.024,0.024,0.0,5.063904000000001,5.063904000000001,5.063904000000001,0.0,0.055200000000000006,0.054239800020828996,0.056160199979171016,0.001095445115010333,5.8234896,5.722190422597417,5.924788777402584,0.11556726874336037
primary,uptake(mmol/g) methane at 5.8 bar,17,20000,topology_only,ridge,topology_only | ridge,5,1.1210513765201517,1.120820587612994,1.1212821654273095,0.0002632957575803628,0.8577556905775895,0.8572826401977507,0.8582287409574283,0.0005396800031130339,0.38495860258931636,0.3847053970884962,0.3852118080901365,0.0002888697510768845,0.6316817743790489,0.6314814976938405,0.6318820510642573,0.00022848585838488426,0.19772468714448238,0.19651245230931408,0.19893692197965068,0.0013829793347599959,3.9551685711734166,3.930919737149794,3.9794174051970392,0.02766430676118883,0.0,0.0,0.0,0.0,0.0,0.0,0.0,0.0,0.01,-0.0007353621271012547,0.020735362127101253,0.01224744871391589,5.2749,-0.3878961684246409,10.93769616842464,6.460406722103493,0.0328,0.031232000000000003,0.034368,0.0017888543819998303,6.9206688,6.589827071999999,7.251510528,0.3774411191844364,0.041600000000000005,0.03706227193410624,0.04613772806589377,0.005176871642217913,4.3887168,3.909995564504339,4.867438035495661,0.5461496045107056
primary,uptake(mmol/g) methane at 5.8 bar,17,20000,topology_only,rf,topology_only | rf,5,1.121442622977005,1.1211597962834143,1.1217254496705955,0.00032266311873469964,0.8582471818011251,0.8577391689844217,0.8587551946178286,0.0005795669344847239,0.3845292157005988,0.3842188109409321,0.3848396204602655,0.0003541255832419622,0.6310659899924851,0.630468223769529,0.6316637562154411,0.0006819621985627882,0.1968145620022753,0.19607129313613952,0.19755783086841106,0.0008479590358361007,3.9369629621001208,3.9220950480235963,3.951830876176645,0.016962074774864676,0.0,0.0,0.0,0.0,0.0,0.0,0.0,0.0,0.006,-0.0018399999999999996,0.01384,0.00894427190999916,3.16494,-0.9705815999999996,7.3004616,4.718013989805456,0.032,0.029520774314427994,0.03447922568557201,0.0028284271247461888,6.7518720000000005,6.228765297247049,7.274978702752952,0.5967868096129471,0.042,0.03788866931517301,0.04611133068482699,0.004690415759823427,4.430916000000001,3.9971788354121225,4.864653164587879,0.49482948182985215
primary,uptake(mmol/g) methane at 5.8 bar,17,20000,topology_only,mlp,topology_only | mlp,5,1.1219242651948236,1.1214810002175781,1.122367530172069,0.0005056992965130437,0.8586028882235345,0.85739533970034,0.859810436746729,0.0013776329510165285,0.38400037252974306,0.383513652884907,0.3844870921745791,0.0005552745978764901,0.6312382428897163,0.630684910914605,0.6317915748648276,0.0006312693420781194,0.19817974971558588,0.19722211477040646,0.1991373846607653,0.0010925187933930986,3.9642713757100645,3.9451154084278235,3.9834273429923055,0.021854104600945206,0.004,-0.0038399999999999997,0.01184,0.00894427190999916,4.21992,-4.051123199999999,12.4909632,9.436027979610913,0.01,-0.0007353621271012547,0.020735362127101253,0.01224744871391589,5.2749,-0.3878961684246409,10.93769616842464,6.460406722103493,0.030400000000000003,0.023129483099531372,0.03767051690046863,0.008294576541331087,6.414278400000001,4.8802284160687215,7.94832838393128,1.7501224719146944,0.044399999999999995,0.03937995059785264,0.04942004940214735,0.005727128425310541,4.6841112,4.154506028172259,5.213716371827742,0.6042005946134116
primary,uptake(mmol/g) methane at 5.8 bar,17,20000,topology_only,hgb,topology_only | hgb,5,1.1219489928504056,1.1216260297085123,1.122271955992299,0.00036845282627577964,0.8587962145954744,0.8583286638302509,0.8592637653606979,0.0005334057622305661,0.38397326545410404,0.3836185463952105,0.3843279845129976,0.00040468159622488635,0.6311347678772968,0.630966919201998,0.6313026165525957,0.00019149033056204082,0.1979522184300341,0.19720894956389834,0.19869548729616987,0.0008479590358361007,3.9597199734417403,3.944852059365216,3.9745878875182648,0.016962074774864676,0.0,0.0,0.0,0.0,0.0,0.0,0.0,0.0,0.012,0.004666351521923077,0.019333648478076924,0.008366600265340755,6.32988,2.4614537642992036,10.198306235700796,4.413297973964594,0.032,0.028493845411280333,0.03550615458871967,0.003999999999999998,6.7518720000000005,6.012087406398505,7.491656593601496,0.8439839999999998,0.04479999999999999,0.04383980002082899,0.045760199979170996,0.001095445115010333,4.7263104,4.625011222597418,4.8276095774025825,0.11556726874335989
primary,uptake(mmol/g) methane at 5.8 bar,17,40000,geometry_plus_topology,rf,geometry_plus_topology | rf,5,0.6822155422998086,0.6801943608031693,0.684236723796448,0.0023058669496685063,0.49954371358427574,0.49796023983640025,0.5011271873321512,0.0018065076228754914,0.7722279217257306,0.7708779338992041,0.7735779095522571,0.0015401349739339162,0.8767424006028108,0.8759653776683665,0.8775194235372552,0.0008864673987214701,0.5905195297686765,0.5871264443029797,0.5939126152343733,0.0038710049769207174,11.812406020389805,11.7445327305794,11.88027931020021,0.07743331115949581,0.24,0.21852927574579747,0.26147072425420254,0.024494897427831792,253.19520000000003,230.54401532630146,275.8463846736986,25.841626888413987,0.332,0.2897803079120655,0.37421969208793454,0.04816637831516918,175.12668,152.8562146205354,197.39714537946458,25.40728289746859,0.4664,0.4511976759671424,0.4816023240328576,0.017343586710943024,98.40853440000002,95.2009048383632,101.61616396163684,3.6594274216621376,0.5236000000000001,0.5121444748701773,0.5350555251298228,0.013069047402163645,55.23875280000001,54.030217809853966,56.44728779014605,1.3787583628334596
primary,uptake(mmol/g) methane at 5.8 bar,17,40000,geometry_plus_topology,mlp,geometry_plus_topology | mlp,5,0.7037979489958877,0.6959479540403464,0.7116479439514289,0.008955674665112606,0.5180199785883554,0.5112383147104814,0.5248016424662293,0.007736868077286242,0.7575592920144356,0.7521344741508259,0.7629841098780453,0.006188908932952279,0.873079493195533,0.8707294826996109,0.8754295036914551,0.002681011845265203,0.5182404247250664,0.5064540458575583,0.5300268035925745,0.013446502222609694,10.366577233152267,10.13080942925307,10.602345037051464,0.26897593695124744,0.136,0.09602368701343258,0.17597631298656743,0.045607017003965515,143.47728,101.3030693254311,185.65149067456892,48.11449079884355,0.188,0.16141326646614895,0.21458673353385105,0.0303315017762062,99.16812,85.14388392822892,113.19235607177109,15.99956387193101,0.3544,0.32317750144527185,0.38562249855472813,0.0356202189774291,74.77698240000001,68.18916009494659,81.36480470505343,7.515723723361632,0.42679999999999996,0.40893924794416536,0.44466075205583455,0.020376457003120043,45.0265464,43.14227277961356,46.91082002038644,2.1496754609151565
primary,uptake(mmol/g) methane at 5.8 bar,17,40000,geometry_plus_topology,hgb,geometry_plus_topology | hgb,5,0.7092547587397959,0.7084263908054553,0.7100831266741365,0.0009450443936564364,0.5303978777355672,0.5295128995910121,0.5312828558801224,0.001009628209095381,0.7538167899534647,0.7532421473135384,0.7543914325933909,0.0006555816355331347,0.8680338397175186,0.8676317761393806,0.8684359032956566,0.0004586946387721005,0.5449374288964732,0.541992357906555,0.5478824998863915,0.0033598872102141284,10.900608432635597,10.841696961400407,10.959519903870786,0.06720921139612643,0.172,0.12463445978350926,0.2193655402164907,0.054037024344425186,181.45656,131.48686238240663,231.42625761759336,57.00797994288169,0.26,0.24360146347993214,0.2763985365200679,0.0187082869338697,137.1474,128.4973359710294,145.7974640289706,9.868434274746924,0.3952,0.3832071061040298,0.4071928938959702,0.01368210510118964,83.38561920000001,80.85516655952587,85.91607184047415,2.886869447930615,0.43479999999999996,0.42890694781967775,0.4406930521803222,0.0067230945255886505,45.87053040000001,45.24882518108038,46.492235618919636,0.7092730262605511
primary,uptake(mmol/g) methane at 5.8 bar,17,40000,enriched_interpretable,rf,enriched_interpretable | rf,5,0.7572744743362894,0.7560109590108316,0.7585379896617471,0.0014414827338450344,0.553817025929245,0.552596621006482,0.555037430852008,0.0013923001874354387,0.7193524909261573,0.718417014758416,0.7202879670938985,0.0010672389297960861,0.8510109008980187,0.8504226726270318,0.8515991291690056,0.0006710808164357133,0.48934395145999243,0.48796139144990647,0.4907265114700784,0.0015772949824107293,9.788549145075137,9.76089322623857,9.816205063911704,0.03155128290754047,0.184,0.14599418991785598,0.222005810082144,0.043358966777357594,194.11632,154.0209504795397,234.2116895204603,45.74284277077672,0.22599999999999998,0.2023172298917546,0.24968277010824536,0.027018512172212596,119.21274000000001,106.72031559560166,131.70516440439835,14.251994985720424,0.33999999999999997,0.3257579327343254,0.35424206726567453,0.01624807680927191,71.73864,68.73362077521172,74.74365922478829,3.4282792144491387,0.38520000000000004,0.3750836654859579,0.3953163345140422,0.011541230437002817,40.6378296,39.57057654143759,41.70508265856242,1.2175767286429218
primary,uptake(mmol/g) methane at 5.8 bar,17,40000,enriched_interpretable,hgb,enriched_interpretable | hgb,5,0.7861200292976477,0.7847832741753156,0.7874567844199798,0.001525038430002938,0.5855037075527134,0.5844775402663148,0.586529874839112,0.0011707039840171826,0.6975648063575675,0.6965363329985352,0.6985932797165997,0.0011733348693080162,0.8381002729463397,0.8374189827689786,0.8387815631237008,0.0007772505862154161,0.4684869169510808,0.46345899011459024,0.47351484378757136,0.005736115404228748,9.371337270478785,9.270761573589121,9.471912967368448,0.1147418852702552,0.172,0.14541326646614894,0.19858673353385103,0.0303315017762062,181.45656,153.40808785645783,209.50503214354217,31.99912774386202,0.22199999999999998,0.1976770396538579,0.24632296034614204,0.027748873851023217,117.10278000000001,104.27266164701352,129.93289835298648,14.637253467676238,0.3096,0.297555963467342,0.321644036532658,0.013740451229854147,65.3243616,62.783118067755304,67.86560513224471,2.899180247694303,0.3224,0.3082988930930937,0.3365011069069063,0.016087262041752176,34.01255520000001,32.52491662353521,35.500193776464805,1.6971739708807705
primary,uptake(mmol/g) methane at 5.8 bar,17,40000,enriched_interpretable,mlp,enriched_interpretable | mlp,5,0.7979498086957062,0.7921693162375066,0.8037303011539058,0.006594680653040405,0.5889791592782891,0.5845129139494553,0.593445404607123,0.005095320489522174,0.6883779525943181,0.6838709740107505,0.6928849311778857,0.005141791064282082,0.8358732533826897,0.8334186946751679,0.8383278120902115,0.0028002857779503986,0.4222222222222222,0.4122430245608905,0.43220141988355393,0.011384777720226861,8.445885475919606,8.246267463997881,8.645503487841331,0.22773441030119368,0.06799999999999999,0.0386654060876923,0.09733459391230768,0.03346640106136302,71.73864,40.79123011439363,102.68604988560638,35.30638379171676,0.138,0.11141326646614896,0.16458673353385106,0.030331501776206204,72.79362,58.76938392822891,86.81785607177109,15.999563871931011,0.2544,0.23960751758493526,0.26919248241506477,0.016876018487783195,53.67738240000001,50.55622778035101,56.79853701964902,3.560772396848305,0.2716,0.2586343370397037,0.28456566296029634,0.014791889669680473,28.6532568,27.285405289014662,30.02110831098534,1.5605147763719502
primary,uptake(mmol/g) methane at 5.8 bar,17,40000,geometry_only,rf,geometry_only | rf,5,0.8014571674580209,0.8008743221180548,0.802040012797987,0.0006649396941495377,0.5843066182643813,0.5836429401922641,0.5849702963364986,0.0007571577981786505,0.6856494893632098,0.6851921376123883,0.6861068411140313,0.0005217702063599189,0.831751520515178,0.831290488994154,0.8322125520362019,0.0005259682759080095,0.4441410693970421,0.439175054311196,0.4491070844828882,0.00566548332104151,8.884337227768135,8.784999977194264,8.983674478342007,0.11332900254137984,0.12799999999999997,0.05722255726575025,0.1987774427342497,0.08074651695274539,135.03744,60.368653464221225,209.7062265357788,85.18596045480734,0.17400000000000002,0.15289015395603275,0.19510984604396728,0.024083189157584596,91.78326,80.64802731026771,102.91849268973229,12.7036414487343,0.2912,0.270997733196495,0.311402266803505,0.023047776465420694,61.44203520000001,57.17943771352767,65.70463268647235,4.862988643097904,0.348,0.3345915370008341,0.36140846299916585,0.015297058540778341,36.713304,35.298737970514004,38.127870029486,1.613809081935034
primary,uptake(mmol/g) methane at 5.8 bar,17,40000,geometry_only,hgb,geometry_only | hgb,5,0.8303092365150816,0.8288095923612507,0.8318088806689125,0.0017108705459315831,0.6179649038541484,0.6170572798515344,0.6188725278567624,0.0010354637591099107,0.6626082102582551,0.6613898525354386,0.6638265679810716,0.0013899646373110577,0.8177418059980365,0.8169492821663523,0.8185343298297206,0.000904151612976736,0.42502844141069407,0.42023795968648153,0.4298189231349066,0.005465225908321232,8.502019437228933,8.406193452977705,8.59784542148016,0.10932317081457596,0.08399999999999999,0.07615999999999999,0.09183999999999999,0.008944271909999161,88.61832,80.34727679999999,96.8893632,9.436027979610918,0.154,0.12453473909838911,0.1834652609016109,0.03361547262794322,81.23346000000001,65.69082952700927,96.77609047299075,17.731825656513767,0.2304,0.2107843262669874,0.2500156737330126,0.022378561169118988,48.613478400000005,44.47464970502928,52.75230709497073,4.72178689243943,0.2716,0.2554184223266086,0.2877815776733914,0.018460769214742916,28.653256799999998,26.94613271861255,30.360380881387446,1.9475742306169477
primary,uptake(mmol/g) methane at 5.8 bar,17,40000,geometry_only,mlp,geometry_only | mlp,5,0.8404822980421642,0.8339513976817148,0.8470131984026137,0.0074507842654300506,0.6234064416914068,0.6185596573653407,0.6282532260174729,0.0055294587884512315,0.6542694625453711,0.6488907458550761,0.6596481792356661,0.006136314362863418,0.8156932789207382,0.8129972120700161,0.8183893457714603,0.003075810586784923,0.3876374668183542,0.37382305959514095,0.40145187404156746,0.015760180418351498,7.754072331134381,7.477737038522597,8.030407623746166,0.3152573973786966,0.11200000000000002,0.07564741549765686,0.14835258450234318,0.041472882706655445,118.15776000000001,79.80651040171801,156.509009598282,43.75306179786736,0.154,0.12085339233043597,0.18714660766956404,0.037815340802378083,81.23346000000001,63.74895592038169,98.71796407961833,19.947214119846414,0.2352,0.21813111181125144,0.25226888818874854,0.01947305831142094,49.62625920000001,46.024792067726814,53.2277263322732,4.108737411476574,0.278,0.26060120463940106,0.295398795360599,0.019849433241279205,29.328444,27.49290588704753,31.16398211295247,2.0940755080884736
primary,uptake(mmol/g) methane at 5.8 bar,17,40000,geometry_plus_topology,ridge,geometry_plus_topology | ridge,5,0.8872628679856973,0.8868399425926066,0.8876857933787881,0.0004824948614089901,0.673491772719023,0.6729506944797601,0.674032850958286,0.0006172896551724548,0.61473636963199,0.6143691095679259,0.615103629696054,0.000418989014626641,0.7936668412402437,0.7931798912066055,0.7941537912738819,0.0005555374371738232,0.38414865377322716,0.3816281064150691,0.3866692011313852,0.002875568996606581,7.6842841630200835,7.633864613306212,7.734703712733955,0.057521194160789206,0.08,0.08,0.08,0.0,84.3984,84.3984,84.3984,0.0,0.07600000000000001,0.07119900010414498,0.08080099989585504,0.005477225575051658,40.089240000000004,37.55676056493544,42.62171943506457,2.8891817185839983,0.1464,0.144479600041658,0.148320399958342,0.002190890230020666,30.8898144,30.48461769038967,31.29501110961033,0.4622690749734395,0.17479999999999998,0.17214132664661488,0.17745867335338508,0.003033150177620612,18.4410504,18.16056567856458,18.721535121435423,0.31999127743861877
primary,uptake(mmol/g) methane at 5.8 bar,17,40000,enriched_interpretable,ridge,enriched_interpretable | ridge,5,1.0102667302073303,1.0098195426147425,1.010713917799918,0.0005101744161839351,0.7712424395154861,0.7707730725693088,0.7717118064616634,0.0005354777541039671,0.5005115069602825,0.5000692931417413,0.5009537207788236,0.0005045000810448396,0.7241393857303797,0.7237794370611171,0.7244993343996423,0.00041064780249064353,0.1918847174819871,0.18971773498030017,0.19405169998367403,0.002472204173379845,3.8383492462864384,3.795002200407984,3.8816962921648925,0.04945252102450267,0.0,0.0,0.0,0.0,0.0,0.0,0.0,0.0,0.02,0.02,0.02,0.0,10.5498,10.5498,10.5498,0.0,0.043199999999999995,0.03862853371444128,0.047771466285558714,0.00521536192416212,9.1150272,8.150466099612252,10.079588300387748,1.100420504550511,0.07680000000000001,0.0741413266466149,0.07945867335338512,0.0030331501776206227,8.102246400000002,7.82176167856458,8.382731121435423,0.3199912774386202
primary,uptake(mmol/g) methane at 5.8 bar,17,40000,geometry_only,ridge,geometry_only | ridge,5,1.0789224244585658,1.078870918648047,1.0789739302690846,5.8760455896079554e-05,0.8201769684285443,0.819498170692613,0.8208557661644755,0.0007744070818955339,0.4303163740997123,0.43026198154556267,0.4303707666538619,6.20538002798117e-05,0.6829952026744216,0.6828695836548904,0.6831208216939528,0.00014331258517282763,0.1651118695487296,0.1647328753035024,0.16549086379395683,0.00043237596704556085,3.3028009127136664,3.295219734313404,3.3103820911139286,0.008648995026805552,0.0,0.0,0.0,0.0,0.0,0.0,0.0,0.0,0.01,0.01,0.01,0.0,5.2749,5.2749,5.2749,0.0,0.024,0.024,0.024,0.0,5.063904000000001,5.063904000000001,5.063904000000001,0.0,0.0548,0.053232,0.056368,0.0017888543819998333,5.7812904000000005,5.615869536,5.946711264000001,0.18872055959221848
primary,uptake(mmol/g) methane at 5.8 bar,17,40000,topology_only,ridge,topology_only | ridge,5,1.120599824251002,1.120439803947686,1.120759844554318,0.00018255932448709827,0.8572690083167899,0.8569128103885634,0.8576252062450164,0.00040636876579548643,0.38545398629633276,0.38527847501610496,0.38562949757656056,0.00020023222112622402,0.6318893611151628,0.6318111265563525,0.6319675956739731,8.925397535183376e-05,0.19810390595373528,0.19765794463405384,0.19854986727341672,0.000508775421501658,3.9627542416206234,3.9538334931747086,3.9716749900665382,0.010177244864918807,0.0,0.0,0.0,0.0,0.0,0.0,0.0,0.0,0.008,0.00408,0.01192,0.00447213595499958,4.21992,2.1521592000000007,6.2876807999999995,2.3590069949027277,0.0312,0.029632,0.032768,0.0017888543819998318,6.583075200000001,6.252233472,6.913916928000001,0.3774411191844364,0.0404,0.038479600041657985,0.04232039995834201,0.0021908902300206636,4.262119200000001,4.059520845194835,4.4647175548051665,0.23113453748672014
primary,uptake(mmol/g) methane at 5.8 bar,17,40000,topology_only,rf,topology_only | rf,5,1.1210885324038335,1.1209578768836397,1.1212191879240274,0.00014905848203516198,0.8578377584405951,0.8574839513076563,0.8581915655735338,0.0004036412245792141,0.3849178507606998,0.3847744803219028,0.38506122119949676,0.00016356430975206533,0.6315701647393108,0.6315045573063568,0.6316357721722649,7.484830607878024e-05,0.19726962457337882,0.1964092286564479,0.19813002049030976,0.0009815835499085933,3.9460657666367687,3.928854911793314,3.9632766214802233,0.019635021112676523,0.0,0.0,0.0,0.0,0.0,0.0,0.0,0.0,0.006,0.0011990001041449717,0.010800999895855028,0.005477225575051661,3.16494,0.6324605649354313,5.697419435064569,2.8891817185840005,0.0304,0.02847960004165799,0.03232039995834201,0.0021908902300206644,6.414278400000001,6.00908169038967,6.819475109610331,0.46226907497344,0.04279999999999999,0.04044799999999999,0.04515199999999999,0.002683281572999747,4.515314400000001,4.267183104000001,4.763445696000002,0.28308083938832745
primary,uptake(mmol/g) methane at 5.8 bar,17,40000,topology_only,hgb,topology_only | hgb,5,1.1213749911317747,1.1212037689220524,1.121546213341497,0.00019533903071254944,0.8580321525765917,0.8575790048953845,0.8584853002577989,0.0005169739892987882,0.38460347477519397,0.38441553914043125,0.3847914104099567,0.00021440655853267534,0.6313532943202574,0.6308797760961962,0.6318268125443187,0.000540213743666258,0.19719378081152822,0.1962834660796634,0.19810409554339303,0.001038533480290421,3.9445486325473276,3.9263392310338134,3.9627580340608417,0.020774214088676156,0.0,0.0,0.0,0.0,0.0,0.0,0.0,0.0,0.004,-0.0008009998958550283,0.00880099989585503,0.005477225575051661,2.10996,-0.4225194350645687,4.642439435064569,2.8891817185840005,0.0304,0.02847960004165799,0.03232039995834201,0.0021908902300206644,6.414278400000001,6.00908169038967,6.819475109610331,0.46226907497344,0.044,0.044,0.044,0.0,4.6419120000000005,4.6419120000000005,4.6419120000000005,0.0
primary,uptake(mmol/g) methane at 5.8 bar,17,40000,topology_only,mlp,topology_only | mlp,5,1.121571385665869,1.1208228269879126,1.1223199443438252,0.0008539939229885849,0.8585094490428868,0.8574445470786276,0.8595743510071461,0.0012148944803351044,0.3843876276003142,0.38356569392896156,0.38520956127166683,0.0009377038582349062,0.6318555178474075,0.631725359247536,0.6319856764472789,0.00014849156998397947,0.1974971558589306,0.1962668269662418,0.19872748475161942,0.0014036219585378646,3.950617168905093,3.9260063919765975,3.975227945833588,0.02807722968938717,0.0,0.0,0.0,0.0,0.0,0.0,0.0,0.0,0.002,-0.001919999999999999,0.005919999999999999,0.004472135954999579,1.05498,-1.0127807999999998,3.1227408,2.359006994902728,0.0312,0.02826654060876923,0.03413345939123077,0.003346640106136301,6.583075200000001,5.964127002287873,7.202023397712128,0.706127675834335,0.0484,0.04240355305201489,0.05439644694798511,0.006841052550594826,5.1061032,4.473490039881466,5.738716360118533,0.721717361982653
primary,uptake(mmol/g) methane at 5.8 bar,17,210995,geometry_plus_topology,rf,geometry_plus_topology | rf,5,0.6378796846603018,0.637669485439317,0.6380898838812865,0.0002398059933364462,0.46067674267188,0.4604994448783823,0.46085404046537776,0.00020227036659264944,0.8008726622250414,0.800741422605865,0.8010039018442178,0.0001497248519488012,0.8914445097333109,0.89138082103884,0.8915081984277818,7.265931134454315e-05,0.6271520667425105,0.6255510166064492,0.6287531168785717,0.0018265596630705155,12.545181785589943,12.513155318533782,12.577208252646104,0.036537427253434694,0.352,0.3423980002082899,0.36160199979171004,0.010954451150103302,371.35296,361.22304225974176,381.48287774025823,11.556726874335977,0.466,0.461199000104145,0.47080099989585505,0.005477225575051636,245.81034,243.27786056493545,248.34281943506454,2.8891817185839863,0.5528000000000001,0.5444291706504075,0.5611708293495926,0.009549869109050634,116.63858880000002,114.8723772905534,118.40480030944664,2.0149841825332473,0.5963999999999999,0.5935194000624869,0.5992805999375129,0.0032863353450309995,62.919007199999996,62.61510966779225,63.222904732207745,0.3467018062300806
primary,uptake(mmol/g) methane at 5.8 bar,17,210995,geometry_plus_topology,mlp,geometry_plus_topology | mlp,5,0.6586026364472932,0.6514280880807825,0.665777184813804,0.008185090742539872,0.48187899203621054,0.47620156862940977,0.4875564154430113,0.0064770942217627645,0.7876980974677736,0.7830395106718985,0.7923566842636488,0.005314753446255041,0.8887207782654316,0.8861464091494046,0.8912951473814587,0.0029369716033736904,0.553280242700038,0.5484690477706399,0.558091437629436,0.005488856589355342,11.067493182474136,10.971252863425665,11.163733501522607,0.10979586508604643,0.2,0.1785292757457975,0.22147072425420253,0.02449489742783178,210.996,188.34481532630144,233.64718467369858,25.841626888413973,0.254,0.22656,0.28144,0.03130495168499706,133.98246,119.5081344,148.4567856,16.513048964319093,0.4184,0.39390705701635675,0.44289294298364323,0.027942798714516767,88.28072640000002,83.11281340222322,93.44863939777682,5.895818757568183,0.47919999999999996,0.455111926934684,0.5032880730653159,0.027480902459708273,50.554641600000004,48.0133980677553,53.09588513224471,2.899180247694304
primary,uptake(mmol/g) methane at 5.8 bar,17,210995,geometry_plus_topology,hgb,geometry_plus_topology | hgb,5,0.6990462972519527,0.6982571155628615,0.6998354789410438,0.0009003387262274446,0.5230273938889534,0.5225150738914144,0.5235397138864923,0.0005844807860866322,0.7608525511431099,0.7603126539078641,0.7613924483783557,0.0006159423055479483,0.8718456962755639,0.8715838165761772,0.8721075759749505,0.00029876571926312973,0.558058399696625,0.5544277766410365,0.5616890227522134,0.004141999976007028,11.163072630108939,11.090447777792201,11.235697482425676,0.08285413603883027,0.192,0.17632,0.20768,0.017888543819998323,202.55615999999998,186.0140736,219.09824639999997,18.87205595922182,0.28800000000000003,0.27359700031243495,0.3024029996875651,0.016431676725154977,151.91711999999998,144.3196816948063,159.51455830519367,8.667545155751993,0.396,0.393520774314428,0.39847922568557204,0.0028284271247461927,83.55441600000002,83.03130929724706,84.07752270275297,0.5967868096129464,0.4784,0.47061902216941853,0.48618097783058145,0.008876936408468844,50.470243200000006,49.64936560082933,51.291120799170685,0.9364990372206466
primary,uptake(mmol/g) methane at 5.8 bar,17,210995,enriched_interpretable,rf,enriched_interpretable | rf,5,0.7190088268247332,0.7187474602607389,0.7192701933887276,0.000298180308233059,0.5185789320045606,0.518301728620211,0.5188561353889103,0.00031624776071372283,0.7469992547883019,0.7468153190015874,0.7471831905750164,0.00020984332785123645,0.866834301153532,0.8667257381648925,0.8669428641421715,0.00012385419512160427,0.5091391733029959,0.5074672313323295,0.5108111152736622,0.0019074366841045293,10.18452114241931,10.151076596719394,10.217965688119227,0.03815524370490337,0.244,0.22933270304384615,0.25866729695615387,0.016733200530681516,257.41512,241.9414150571968,272.8888249428032,17.65319189585839,0.28200000000000003,0.27808000000000005,0.28592,0.004472135954999558,148.75218,146.6844192,150.8199408,2.3590069949027166,0.3752,0.37363199999999996,0.376768,0.0017888543819998333,79.1656992,78.83485747200001,79.496540928,0.3774411191844328,0.4164,0.4149332703043846,0.4178667296956154,0.0016733200530681524,43.9293672,43.774630150571966,44.08410424942804,0.17653191895858508
primary,uptake(mmol/g) methane at 5.8 bar,17,210995,enriched_interpretable,mlp,enriched_interpretable | mlp,5,0.7566608596803628,0.7529980131944637,0.7603237061662619,0.004178762108988023,0.5552121298541806,0.5525631103237828,0.5578611493845783,0.0030221366039255254,0.7198010960335808,0.717087983843286,0.7225142082238756,0.0030952567796339904,0.8529197036727624,0.8513056469263219,0.8545337604192028,0.001841398267644413,0.463860447478195,0.4594669802436075,0.4682539147127825,0.005012291527273299,9.278792091022869,9.1909077515624,9.366676430483338,0.10026293734248748,0.148,0.12801184350671627,0.16798815649328372,0.022803508501982758,156.13704,135.04993466271557,177.22414533728445,24.057245399421767,0.242,0.23466635152192308,0.2493336484780769,0.008366600265340753,127.65257999999999,123.78415376429919,131.52100623570078,4.413297973964592,0.3208,0.30234683159996634,0.3392531684000336,0.02105231578710523,67.6875168,63.7939720802665,71.5810615197335,4.441954421816053,0.322,0.2999293208079135,0.3440706791920865,0.025179356624028346,33.970356,31.641943486593263,36.29876851340674,2.656371765121742
primary,uptake(mmol/g) methane at 5.8 bar,17,210995,geometry_only,rf,geometry_only | rf,5,0.7644327234167266,0.7641142108748369,0.7647512359586164,0.00036337535477127354,0.5504382836144804,0.5502944739227447,0.5505820933062162,0.0001640654319104921,0.714022467362665,0.7137841291142188,0.714260805611111,0.00027190843120595675,0.8492056506600114,0.8490738031484579,0.8493374981715649,0.0001504183665805258,0.4545316647705726,0.4535740298253932,0.455489299715752,0.0010925187933930997,9.092184598021591,9.07302863073935,9.111340565303832,0.021854104600945206,0.20800000000000002,0.19232000000000002,0.22368000000000002,0.01788854381999831,219.43584,202.89375360000003,235.9779264,18.87205595922182,0.196,0.18600592175335814,0.20599407824664187,0.01140175425099138,103.38804,98.11626366567889,108.65981633432112,6.014311349855442,0.32,0.31649384541128034,0.3235061545887197,0.0040000000000000036,67.51872,66.7789354063985,68.2585045936015,0.843983999999999,0.3708,0.3681413266466149,0.3734586733533851,0.003033150177620623,39.1186584,38.83817367856458,39.39914312143542,0.3199912774386225
primary,uptake(mmol/g) methane at 5.8 bar,17,210995,enriched_interpretable,hgb,enriched_interpretable | hgb,5,0.7780225578570761,0.7769872656083113,0.7790578501058408,0.0011811142065391322,0.5792751339986756,0.5786518886850262,0.579898379312325,0.0007110300448868584,0.7037635630818724,0.7029744792942954,0.7045526468694494,0.0009002270351863269,0.8413449772818631,0.8409098033941431,0.841780151169583,0.0004964685688646181,0.47538869927948435,0.4723277307430665,0.4784496678159022,0.0034921090430705634,9.509396472617942,9.448166654897994,9.57062629033789,0.06985409932230914,0.128,0.10141326646614895,0.15458673353385105,0.030331501776206204,135.03744,106.98896785645783,163.08591214354217,31.99912774386202,0.196,0.18133270304384616,0.21066729695615385,0.016733200530681502,103.38804,95.65118752859841,111.1248924714016,8.826595947929182,0.32880000000000004,0.32006974547908257,0.3375302545209175,0.009959919678390996,69.37548480000001,67.5334360171045,71.21753358289551,2.101503212461787,0.366,0.3615305123336114,0.3704694876663886,0.00509901951359279,38.612268,38.14074599017133,39.08379000982867,0.5379363606450127
primary,uptake(mmol/g) methane at 5.8 bar,17,210995,geometry_only,mlp,geometry_only | mlp,5,0.7961307367816559,0.7925386863818302,0.7997227871814816,0.004097994322763043,0.5840039383436173,0.5819552117691336,0.586052664918101,0.0023372917795183687,0.6898075058499149,0.6870024734285745,0.6926125382712554,0.0032001240679633224,0.8355889829152229,0.8341921817746679,0.8369857840557778,0.0015935419904744923,0.43541903678422444,0.42812363420220667,0.4427144393662422,0.008322967396234305,8.709866807482388,8.563933856857112,8.855799758107665,0.16648775395675497,0.184,0.15519400062486982,0.21280599937513017,0.03286335345030996,194.11632,163.72656677922518,224.50607322077482,34.67018062300801,0.21200000000000002,0.19299709495892803,0.23100290504107202,0.021679483388678797,111.82788000000001,101.80403761988494,121.85172238011508,11.435710692694178,0.28480000000000005,0.27416530658645966,0.29543469341354045,0.012132600710482467,60.091660800000014,57.847783028516645,62.33553857148338,2.55993021950896,0.3048,0.29877798173367104,0.310822018266329,0.0068702256149270734,32.1557904,31.520479516938824,32.791101283061174,0.7247950619235763
primary,uptake(mmol/g) methane at 5.8 bar,17,210995,geometry_only,hgb,geometry_only | hgb,5,0.8221860659345286,0.8217715699272684,0.8226005619417888,0.0004728781880796201,0.6118407066251363,0.6117056991907142,0.6119757140595585,0.00015402336777340026,0.6691785688170143,0.66884497152542,0.6695121661086086,0.0003805848066911802,0.8216760121640169,0.8215107241858438,0.8218413001421899,0.00018856895666253284,0.4347364429275692,0.4328182907633594,0.43665459509177895,0.0021883258318170003,8.696212600677416,8.657843010798805,8.734582190556027,0.04377398532518555,0.132,0.11632,0.14768,0.017888543819998323,139.25736,122.7152736,155.7994464,18.872055959221825,0.168,0.15359700031243492,0.1824029996875651,0.016431676725154977,88.61832000000001,81.0208816948063,96.21575830519372,8.667545155752,0.252,0.2386489610891137,0.2653510389108863,0.01523154621172782,53.17099200000001,50.353976193958644,55.98800780604138,3.2137953244897233,0.28840000000000005,0.2747417389100955,0.3020582610899046,0.015582040944625949,30.425623200000008,28.98470397153726,31.866542428462754,1.6438741555761471
primary,uptake(mmol/g) methane at 5.8 bar,17,210995,geometry_plus_topology,ridge,geometry_plus_topology | ridge,5,0.8864104347374528,0.8864104347374528,0.8864104347374528,0.0,0.6728197774851171,0.6728197774851171,0.6728197774851171,0.0,0.6154763851034046,0.6154763851034046,0.6154763851034046,0.0,0.7942972838634506,0.7942972838634506,0.7942972838634506,0.0,0.384907091391733,0.384907091391733,0.384907091391733,0.0,7.699455503914495,7.699455503914495,7.699455503914495,0.0,0.08,0.08,0.08,0.0,84.3984,84.3984,84.3984,0.0,0.08,0.08,0.08,0.0,42.1992,42.1992,42.1992,0.0,0.148,0.148,0.148,0.0,31.227408000000004,31.227408,31.227408000000008,3.972054645195637e-15,0.178,0.178,0.178,0.0,18.778644,18.778644,18.778644,0.0
primary,uptake(mmol/g) methane at 5.8 bar,17,210995,enriched_interpretable,ridge,enriched_interpretable | ridge,5,1.0097636308450586,1.0097636308450586,1.0097636308450586,0.0,0.7706639583277255,0.7706639583277255,0.7706639583277255,0.0,0.5010089621120354,0.5010089621120354,0.5010089621120354,0.0,0.7244605964082389,0.7244605964082389,0.7244605964082389,0.0,0.19150549867273417,0.19150549867273417,0.19150549867273417,0.0,3.8307635758392324,3.830763575839232,3.830763575839233,4.965068306494546e-16,0.0,0.0,0.0,0.0,0.0,0.0,0.0,0.0,0.02,0.02,0.02,0.0,10.5498,10.5498,10.5498,0.0,0.048,0.048,0.048,0.0,10.127808000000002,10.127808000000002,10.127808000000002,0.0,0.074,0.074,0.074,0.0,7.806852000000001,7.806852,7.806852000000002,9.930136612989092e-16
primary,uptake(mmol/g) methane at 5.8 bar,17,210995,geometry_only,ridge,geometry_only | ridge,5,1.078844108865725,1.078844108865725,1.078844108865725,0.0,0.8197612143039695,0.8197612143039695,0.8197612143039695,0.0,0.4303990755429058,0.4303990755429058,0.4303990755429058,0.0,0.6829768068585598,0.6829768068585598,0.6829768068585598,0.0,0.16496018202502843,0.16496018202502843,0.16496018202502843,0.0,3.2997666445347837,3.2997666445347837,3.2997666445347837,0.0,0.0,0.0,0.0,0.0,0.0,0.0,0.0,0.0,0.01,0.01,0.01,0.0,5.2749,5.2749,5.2749,0.0,0.024,0.024,0.024,0.0,5.063904000000001,5.063904000000001,5.063904000000001,0.0,0.054000000000000006,0.054,0.05400000000000001,7.757919228897728e-18,5.696892,5.696892,5.696892,0.0
primary,uptake(mmol/g) methane at 5.8 bar,17,210995,topology_only,ridge,topology_only | ridge,5,1.1203197097005575,1.1203197097005575,1.1203197097005575,0.0,0.857010032501335,0.8570100325013349,0.8570100325013351,1.2412670766236366e-16,0.38576119511201057,0.38576119511201057,0.38576119511201057,0.0,0.6319148431154139,0.6319148431154139,0.6319148431154139,0.0,0.19833143723928706,0.19833143723928706,0.19833143723928706,0.0,3.9673056438889467,3.9673056438889467,3.9673056438889467,0.0,0.0,0.0,0.0,0.0,0.0,0.0,0.0,0.0,0.01,0.01,0.01,0.0,5.2749,5.2749,5.2749,0.0,0.032,0.032,0.032,0.0,6.7518720000000005,6.7518720000000005,6.7518720000000005,0.0,0.04,0.04,0.04,0.0,4.21992,4.21992,4.21992,0.0
primary,uptake(mmol/g) methane at 5.8 bar,17,210995,topology_only,hgb,topology_only | hgb,5,1.1203578950360986,1.1203345797281417,1.1203812103440556,2.6599292606099707e-05,0.8571466239163185,0.8570774219881059,0.857215825844531,7.894908962108225e-05,0.3857193222973988,0.3856937552354422,0.3857448893593554,2.916820842853475e-05,0.6319795871346641,0.631934588368719,0.6320245859006092,5.133688752905179e-05,0.1980280621918847,0.19743344709897612,0.1986226772847933,0.0006783672286688731,3.9612371075311814,3.9493427762699618,3.973131438792401,0.013569659819891543,0.0,0.0,0.0,0.0,0.0,0.0,0.0,0.0,0.01,0.01,0.01,0.0,5.2749,5.2749,5.2749,0.0,0.032,0.032,0.032,0.0,6.7518720000000005,6.7518720000000005,6.7518720000000005,0.0,0.0396,0.038816,0.040384,0.0008944271909999167,4.1777208,4.0950103680000005,4.260431232,0.094360279796109
primary,uptake(mmol/g) methane at 5.8 bar,17,210995,topology_only,mlp,topology_only | mlp,5,1.1207369759980808,1.1205623850031101,1.1209115669930514,0.00019918231276199686,0.8575765644076212,0.8569315315645051,0.8582215972507373,0.0007358863698609718,0.38530354435304615,0.38511202786368753,0.38549506084240476,0.00021849178011121268,0.6317166407507987,0.6312109833519806,0.6322222981496168,0.0005768797536137761,0.19780053090633293,0.19729642143470133,0.19830464037796453,0.0005751137993213131,3.9566857052628577,3.9466017953200834,3.966769615205632,0.011504238832157647,0.0,0.0,0.0,0.0,0.0,0.0,0.0,0.0,0.008,0.004080000000000001,0.01192,0.004472135954999579,4.21992,2.1521592000000003,6.2876808,2.359006994902728,0.032,0.029520774314427994,0.03447922568557201,0.0028284271247461888,6.751872000000001,6.228765297247049,7.2749787027529536,0.5967868096129471,0.040400000000000005,0.03847960004165799,0.04232039995834202,0.0021908902300206636,4.2621192,4.059520845194834,4.464717554805166,0.23113453748672014
primary,uptake(mmol/g) methane at 5.8 bar,17,210995,topology_only,rf,topology_only | rf,5,1.1209761948334405,1.120969995174058,1.120982394492823,7.072887661507166e-06,0.857789654819267,0.8577805797327509,0.857798729905783,1.0353321607891477e-05,0.38504112066209845,0.3850343184862423,0.3850479228379546,7.760269188369697e-06,0.6315056173993769,0.6315004634331137,0.6315107713656402,5.879907611312188e-06,0.19681456200227532,0.19681456200227532,0.19681456200227532,0.0,3.9369629621001216,3.9369629621001216,3.9369629621001216,0.0,0.0,0.0,0.0,0.0,0.0,0.0,0.0,0.0,0.01,0.01,0.01,0.0,5.2749,5.2749,5.2749,0.0,0.032,0.032,0.032,0.0,6.7518720000000005,6.7518720000000005,6.7518720000000005,0.0,0.038,0.038,0.038,0.0,4.008924,4.008924,4.008924,0.0
primary,uptake(mmol/g) methane at 65 bar,17,500,geometry_plus_topology,rf,geometry_plus_topology | rf,5,1.4427483826833372,1.3854435067043809,1.5000532586622934,0.0653763255771129,1.027641137065222,0.9929698259891613,1.062312448141283,0.03955480022199658,0.953313838019539,0.9496369388165865,0.9569907372224914,0.004194794165416527,0.9827322198624566,0.9819700376590456,0.9834944020658677,0.0008695363357488198,0.7437239287068639,0.7250068306445161,0.7624410267692117,0.021353420208642476,14.877016881061191,14.502611038933477,15.251422723188906,0.42714128274011454,0.364,0.18634137904396533,0.5416586209560347,0.20268201696253174,384.01272,196.58642806380257,571.4390119361974,213.82547425513172,0.5439999999999999,0.38971923775142925,0.6982807622485706,0.1760113632695344,286.95456,205.57300072150147,368.3361192784986,92.84423401104668,0.616,0.5516355576424374,0.6803644423575625,0.07343023900274327,129.97353600000002,116.39289612032374,143.5541758796763,15.493486708622822,0.7416,0.7281686361079748,0.7550313638920253,0.015323185047502377,78.2373168,76.82033477211912,79.65429882788088,1.6165653761414032
primary,uptake(mmol/g) methane at 65 bar,17,500,enriched_interpretable,rf,enriched_interpretable | rf,5,1.4560146168818902,1.4028055861883484,1.509223647575432,0.06070357635083281,1.0396912489393892,1.0089315662201255,1.070450931658653,0.03509221506459162,0.9524632897932831,0.9490189534575552,0.955907626129011,0.003929474583704183,0.9823083004736534,0.9816086669376582,0.9830079340096485,0.000798177625420268,0.7361395525218051,0.7179903939281858,0.7542887111154244,0.020705485892733248,14.725303472117066,14.362258357723883,15.088348586510248,0.4141803850420123,0.364,0.18419203132230205,0.543807968677698,0.20513410247932937,384.01272,194.31890920440225,573.7065307955977,216.4123754336429,0.552,0.39235923327670974,0.7116407667232904,0.18212632978237936,291.17448,206.96557196113162,375.3833880388684,96.06981769690728,0.6008,0.5325694749836996,0.6690305250163004,0.07784086330456519,126.76639680000001,112.37002894366069,141.16276465633933,16.42411079381003,0.7327999999999999,0.7164671893416962,0.7491328106583036,0.0186333035181634,77.3089344,75.58585554117028,79.03201325882972,1.9657762545592026
primary,uptake(mmol/g) methane at 65 bar,17,500,geometry_only,rf,geometry_only | rf,5,1.46600567598129,1.4155701211953058,1.5164412307672743,0.05753945356345702,1.0610460524878491,1.0316244839623392,1.090467621013359,0.03356562613658595,0.9518162762198422,0.9485435016641646,0.9550890507755199,0.0037337481538402095,0.9815098998900458,0.9808919032039763,0.9821278965761152,0.0007050421428167618,0.7404626469472886,0.7212629891963929,0.7596623046981843,0.021903948916190595,14.811780115215218,14.42772143235515,15.195838798075284,0.4381537358286451,0.308,0.1414115298107339,0.4745884701892661,0.1900526242912736,324.93384,149.18633571972802,500.6813442802719,200.50171757480783,0.51,0.2839617731444524,0.7360382268555477,0.25787593916455254,269.0199,149.78699571596718,388.25280428403283,136.02697914990983,0.5871999999999999,0.4837417012318489,0.690658298768151,0.11803050453166758,123.89685120000001,102.06756399311523,145.72613840688481,24.903964334163728,0.7343999999999999,0.7114621375015019,0.757337862498498,0.026168683574073825,77.47773120000001,75.05783258213347,79.89762981786654,2.7607437796976395
primary,uptake(mmol/g) methane at 65 bar,17,500,geometry_plus_topology,hgb,geometry_plus_topology | hgb,5,1.5051391476624298,1.4567538605369408,1.553524434787919,0.055200403634407515,1.0416608047445828,1.0091061958832388,1.0742154136059268,0.037139958364735846,0.9492174474855789,0.9459936760944496,0.9524412188767082,0.0036778428441245244,0.9829019230540019,0.9817511326403331,0.9840527134676708,0.0013128804044992442,0.7350018960940463,0.7141421113131254,0.7558616808749672,0.023797906513344187,14.702546460775443,14.285279571352312,15.119813350198573,0.47603935179082013,0.25200000000000006,0.06052094004826539,0.44347905995173476,0.21844907873461036,265.85496,63.848381332118976,467.86153866788106,230.45940908343925,0.296,0.11217749430496823,0.4798225056950317,0.20971409108593536,156.13704,59.1725064709277,253.1015735290723,110.62208590692005,0.3792,0.3087097233371864,0.4496902766628136,0.08041890325041744,80.00968320000001,65.136516785253,94.88284961474703,16.968066910225083,0.4847999999999999,0.3760060513447553,0.5935939486552445,0.12411768608864732,51.145430399999995,39.667886404769,62.62297439523099,13.094167646980116
primary,uptake(mmol/g) methane at 65 bar,17,500,enriched_interpretable,hgb,enriched_interpretable | hgb,5,1.5252388379949706,1.4769285818380948,1.5735490941518464,0.05511480447816438,1.0630386425067502,1.0333022186215501,1.0927750663919502,0.033924829191354915,0.9478537235407802,0.9445970729981424,0.951110374083418,0.003715353057295705,0.9821628398288862,0.9811553319200358,0.9831703477377366,0.0011494164143154512,0.731209708001517,0.7138143580424314,0.7486050579606025,0.019845502551486465,14.626689756303382,14.278723387326588,14.974656125280175,0.3969777831203483,0.236,0.026582461097452492,0.4454175389025475,0.23891421054428721,248.97528000000003,28.04396480859043,469.9065951914096,252.04971384001215,0.27,0.06668837711532577,0.47331162288467427,0.23194827009486405,142.4223,35.177452044563196,249.6671479554368,122.35039299233983,0.37920000000000004,0.3281255439187063,0.4302744560812938,0.058268344750816464,80.00968320000001,69.23317726467137,90.78618913532866,12.294387669043273,0.5172,0.41710097510964456,0.6172990248903554,0.11419807353891744,54.563565600000004,44.00331867211729,65.12381252788272,12.04766836220871
primary,uptake(mmol/g) methane at 65 bar,17,500,enriched_interpretable,mlp,enriched_interpretable | mlp,5,1.5718309817655411,1.500846750449888,1.6428152130811944,0.0809824319144744,1.1069394986704932,1.0831109782616266,1.1307680190793599,0.02718479154972793,0.9445595028423991,0.9395599189692309,0.9495590867155673,0.005703780305926484,0.9764904683540363,0.9742631624123085,0.9787177742957641,0.0025410242308125325,0.741145240803944,0.7276807863035392,0.7546096953043487,0.015360936501458143,14.825434322020186,14.556099278242465,15.094769365797907,0.3072711564336051,0.748,0.69312,0.80288,0.06260990336999413,789.12504,731.2277376,847.0223424000001,66.05219585727642,0.7340000000000001,0.6815539744117822,0.786446025588218,0.05983310120660638,387.17766,359.512905962471,414.842414037529,31.561362555472805,0.6776,0.626273441416748,0.728926558583252,0.05855595614452897,142.97088960000002,132.14119104516817,153.80058815483187,12.355072522671039,0.7228000000000001,0.6733924468932129,0.7722075531067873,0.056366656810564894,76.25395440000001,71.04155636234017,81.46635243765985,5.9465695602009765
primary,uptake(mmol/g) methane at 65 bar,17,500,geometry_only,hgb,geometry_only | hgb,5,1.5857647145698863,1.542968946774117,1.6285604823656556,0.04882359486767172,1.1031744428951957,1.0784662575517916,1.1278826282385999,0.028188358177814052,0.9436490959435758,0.9406403442341564,0.9466578476529952,0.0034325374233064028,0.9814914321057178,0.9806992762498201,0.9822835879616154,0.00090373180742939,0.7228668941979521,0.7024501223619714,0.7432836660339329,0.023292494748140935,14.459805006464839,14.051399887930083,14.868210124999594,0.46592939153192486,0.004,-0.003839999999999998,0.011839999999999998,0.008944271909999158,4.21992,-4.051123199999999,12.4909632,9.436027979610913,0.018,0.006571334286103212,0.029428665713896785,0.013038404810405297,9.49482,3.466313122576583,15.523326877423418,6.877628153440691,0.0776,0.04758191052048782,0.10761808947951218,0.03424616766880639,16.373289600000003,10.039592792180851,22.706986407819155,7.225804393447473,0.23079999999999998,0.16678746822691667,0.2948125317730833,0.07302876145738746,24.3489384,17.59574432300326,31.102132476996744,7.704388276231462
primary,uptake(mmol/g) methane at 65 bar,17,500,geometry_plus_topology,ridge,geometry_plus_topology | ridge,5,1.5941025942811387,1.5538419706497213,1.634363217912556,0.045931373089991664,1.1395542374588161,1.1349121214066173,1.144196353511015,0.005295962781713981,0.9430603165169135,0.9401675675759079,0.945953065457919,0.0033001955479229233,0.9788001150341124,0.9779535904477626,0.9796466396204621,0.0009657584284198386,0.7620781190747061,0.756147783641953,0.7680084545074592,0.006765629161740557,15.244163330705982,15.12553638199825,15.362790279413714,0.13533567411932199,0.596,0.522245640128871,0.669754359871129,0.08414273587185053,628.76808,550.9587054231564,706.5774545768437,88.76890349008487,0.6,0.555736968020706,0.6442630319792939,0.05049752469181039,316.49399999999997,293.14569326124223,339.8423067387577,26.636939299683053,0.5648,0.5187237390405862,0.6108762609594137,0.052566148803198424,119.1705408,109.44863404260752,128.89244755739247,11.09124713287966,0.6032,0.5701090697622445,0.6362909302377554,0.03775182114812475,63.6363936,60.14536664177727,67.12742055822272,3.982741627484865
primary,uptake(mmol/g) methane at 65 bar,17,500,enriched_interpretable,ridge,enriched_interpretable | ridge,5,1.655941370359646,1.6032122169479133,1.7086705237713786,0.06015610786971889,1.1826350278283133,1.1693832971038052,1.1958867585528214,0.015118250367103321,0.9385329544123684,0.9345813965951093,0.9424845122296275,0.004508138722659177,0.9781085055233822,0.9770020008787361,0.9792150101680284,0.001262356940228535,0.742207053469852,0.7319850121082969,0.7524290948314072,0.011661826200638726,14.846674199272366,14.642198484528082,15.05114991401665,0.23327632546738403,0.592,0.49630060397264775,0.6876993960273522,0.10917875251164945,624.5481599999999,523.5872111790638,725.509108820936,115.18140032473995,0.572,0.4624502012781401,0.6815497987218597,0.12497999839974396,301.72428,243.93785667220618,359.51070332779386,65.92569935588094,0.5399999999999999,0.4637864893867235,0.6162135106132763,0.08694826047713662,113.93784000000001,97.85709411464113,130.01858588535887,18.345735167633922,0.5711999999999999,0.5210975539120094,0.6213024460879905,0.05715942616926801,60.26045760000001,54.974749742609184,65.54616545739084,6.030205142005437
primary,uptake(mmol/g) methane at 65 bar,17,500,geometry_plus_topology,mlp,geometry_plus_topology | mlp,5,1.6867721512997822,1.559883560529526,1.8136607420700384,0.14476097680175773,1.1843656822450492,1.1046287432573758,1.2641026212327227,0.09096796729295453,0.9359146937019721,0.9263994536480781,0.9454299337558661,0.010855471215681492,0.9725218869203184,0.9681587043322354,0.9768850695084014,0.004977741257753587,0.7328782707622298,0.7154445354817776,0.750312006042682,0.01988929448409572,14.660066706271087,14.311332499859036,15.008800912683137,0.39785377123305504,0.736,0.6814007179534383,0.7905992820465617,0.06228964600958976,776.46528,718.8641294265183,834.0664305734817,65.71433074719702,0.692,0.6396272742737213,0.7443727257262786,0.05974947698515863,365.02308000000005,337.3969909066454,392.6491690933547,31.517251614901337,0.6624,0.5816594182829973,0.7431405817170027,0.09211297411331369,139.7637504,122.72781062003928,156.7996901799607,19.43546908601274,0.6904,0.6175322715051443,0.7632677284948557,0.08313122157168146,72.8358192,65.14841957924972,80.52321882075029,8.770177613369249
primary,uptake(mmol/g) methane at 65 bar,17,500,geometry_only,mlp,geometry_only | mlp,5,1.7640506123635238,1.681334603635205,1.8467666210918425,0.09436664201223821,1.246580441630826,1.1913611260267176,1.3017997572349342,0.0629970119192863,0.9301591774607234,0.9236223345884428,0.936696020333004,0.007457563786048247,0.9743378667074556,0.972013299056,0.9766624343589112,0.0026519853504855567,0.6863860447478194,0.6715522899866616,0.7012197995089772,0.016923104085464317,13.730063509443585,13.433337787071073,14.026789231816098,0.3385198397437078,0.5640000000000001,0.46686622832402735,0.6611337716759728,0.11081516141756055,595.00872,492.5345335572824,697.4829064427178,116.90777899229802,0.57,0.528422121266231,0.6115778787337689,0.04743416490252569,300.66929999999996,278.73738474672416,322.60121525327577,25.021047644433263,0.4944,0.45799672630105914,0.5308032736989409,0.04153071152773572,104.31642240000001,96.63547726261828,111.99736753738173,8.762814009506126,0.5684,0.4806725369339795,0.6561274630660205,0.10008396474960414,59.965063199999996,50.70999130146096,69.22013509853903,10.558658113153738
primary,uptake(mmol/g) methane at 65 bar,17,500,geometry_only,ridge,geometry_only | ridge,5,1.8872284932016026,1.865981102391038,1.9084758840121672,0.024240107243329905,1.3605344082729152,1.3452225239923208,1.3758462925535095,0.017468578630111867,0.9202371894984926,0.9184319401559882,0.9220424388409971,0.0020595205337636427,0.9687126841727466,0.9676001407299719,0.9698252276155213,0.0012692463091662247,0.6920743268866136,0.6833714133474602,0.7007772404257671,0.009928727691760371,13.843848566151678,13.669760592592025,14.01793653971133,0.1986084402778418,0.644,0.6151940006248698,0.6728059993751302,0.032863353450309996,679.4071200000001,649.0173667792252,709.796873220775,34.670180623008086,0.64,0.6159950005207249,0.6640049994792752,0.02738612787525833,337.59360000000004,324.93120282467714,350.25599717532293,14.445908592920036,0.636,0.6148174864569853,0.6571825135430147,0.024166091947189168,134.19345600000003,129.7240303724781,138.66288162752195,5.098948736489133,0.7087999999999999,0.6976022402240447,0.719997759775955,0.01277497553813706,74.7769824,73.59564113915627,75.95832366084372,1.347734369322385
primary,uptake(mmol/g) methane at 65 bar,17,500,topology_only,ridge,topology_only | ridge,5,5.672797711083691,5.646460416769692,5.6991350053976895,0.03004692879057155,4.4116577376109145,4.392154340271587,4.431161134950242,0.02225047053210472,0.2793929524363731,0.27269422278190436,0.2860916820908418,0.007642252484839669,0.5227758296771744,0.5146034975950178,0.530948161759331,0.009323413301226801,0.20606750094804704,0.19492193708377867,0.21721306481231542,0.012715427779627208,4.1220533210119585,3.8991040042594776,4.3450026377644395,0.2543519529569798,0.05600000000000001,0.0042916486435701645,0.10770835135642985,0.05899152481501051,59.078880000000005,4.527603485993652,113.63015651400636,62.23487884933978,0.11800000000000002,0.02494643263152134,0.2110535673684787,0.10616025621672172,62.24382000000001,13.158993748801187,111.32864625119882,55.998473551758536,0.1568,0.10993017448293625,0.20366982551706375,0.053471487729443254,33.084172800000005,23.19482709520162,42.97351850479839,11.282270024961608,0.13720000000000002,0.12910921116330432,0.14529078883669572,0.009230384607371456,14.4743256,13.620763559306276,15.327887640693724,0.9737871153084741
primary,uptake(mmol/g) methane at 65 bar,17,500,topology_only,rf,topology_only | rf,5,5.729836508760601,5.692086006671983,5.76758701084922,0.04306769839535702,4.4427293114627515,4.419051304529038,4.466407318396465,0.02701307809974242,0.26481226571713873,0.2551006792340432,0.27452385220023423,0.011079473237535525,0.5058781058581003,0.49001676379020703,0.5217394479259936,0.01809542810111554,0.17466818354190367,0.16580924177877424,0.1835271253050331,0.01010673264850472,3.4939598079832677,3.316750737424559,3.6711688785419763,0.2021691469381781,0.012,-0.011519999999999999,0.035519999999999996,0.02683281572999748,12.65976,-12.1533696,37.4728896,28.30808393883274,0.04,-0.033597934753632853,0.11359793475363286,0.08396427811873332,21.099600000000002,-17.7225746031938,59.9217746031938,44.29031706485065,0.0416,-0.022601893554629673,0.10580189355462967,0.07324479503691712,8.777433599999998,-4.768909132452643,22.32377633245264,15.454358773609366,0.056799999999999996,0.012857516865793756,0.10074248313420624,0.05013182621848121,5.992286399999999,1.3564423143075093,10.62813048569249,5.288807402397331
primary,uptake(mmol/g) methane at 65 bar,17,500,topology_only,mlp,topology_only | mlp,5,5.746901041178046,5.706132498347257,5.787669584008835,0.04651083322104911,4.45187737213284,4.410712400262614,4.493042344003065,0.04696309969065825,0.26042136286103307,0.24992704036210375,0.27091568535996235,0.011972458410924178,0.5134107578935391,0.5059699151959106,0.5208516005911675,0.008488892898867381,0.16549108835798254,0.15815340198733666,0.17282877472862843,0.008371206899151995,3.3103865831608728,3.163607812449762,3.4571653538719835,0.16745270865505063,0.008,-0.007679999999999999,0.02368,0.01788854381999832,8.43984,-8.102246399999999,24.9819264,18.872055959221825,0.004,-0.0038399999999999997,0.01184,0.00894427190999916,2.10996,-2.0255615999999996,6.2454816,4.718013989805456,0.02,0.009777890628642249,0.030222109371357754,0.0116619037896906,4.21992,2.063095811081,6.376744188919,2.460615052009558,0.0368,0.03338262322826411,0.04021737677173589,0.0038987177379235854,3.8823264,3.5217999853354076,4.242852814664593,0.41130692391546253
primary,uptake(mmol/g) methane at 65 bar,17,500,topology_only,hgb,topology_only | hgb,5,5.7946790937528245,5.739771998944702,5.849586188560947,0.06264081450917762,4.499735346917244,4.458107442543363,4.541363251291124,0.047491236704519706,0.24804207237543974,0.23377098676971791,0.26231315798116156,0.016281182411792213,0.4990742798700872,0.48828848777213935,0.509860071968035,0.012304981797036433,0.1634433067880167,0.1622918396118974,0.164594773964136,0.001313652489623724,3.2694239627459583,3.246390689301469,3.2924572361904474,0.02627753324807042,0.0,0.0,0.0,0.0,0.0,0.0,0.0,0.0,0.0,0.0,0.0,0.0,0.0,0.0,0.0,0.0,0.007200000000000001,0.005632000000000001,0.008768000000000001,0.0017888543819998318,1.5191712000000002,1.1883294720000002,1.8500129280000002,0.3774411191844365,0.03,0.028760387157213994,0.031239612842786004,0.0014142135623730952,3.16494,3.0341633243117623,3.295716675688238,0.14919670240323676
primary,uptake(mmol/g) methane at 65 bar,17,1000,geometry_plus_topology,rf,geometry_plus_topology | rf,5,1.3184218459197035,1.2898561514787774,1.3469875403606295,0.03258920132367279,0.9527313833919975,0.9357966171303044,0.9696661496536906,0.01932004517562029,0.9610582759426828,0.9593930722343599,0.9627234796510057,0.0018997493307116107,0.9844826999236682,0.9840056807942298,0.9849597190531066,0.0005442077550980543,0.765946150929086,0.7516502480961325,0.7802420537620396,0.01630949517051843,15.321537169267483,15.035570321131164,15.607504017403802,0.3262455672164114,0.6,0.48174847146865285,0.7182515285313471,0.13490737563232041,632.9879999999999,508.2350024299993,757.7409975700006,142.3245831445854,0.62,0.5890096789303498,0.6509903210696502,0.03535533905932741,327.0438,310.69671553897024,343.3908844610297,18.64958780040462,0.6528,0.6180554409439406,0.6875445590560595,0.03963836525387998,137.73818880000002,130.40722581740772,145.06915178259231,8.363536515107656,0.7452,0.720081393669234,0.770318606330766,0.028656587375331374,78.6171096,75.96714686931685,81.26707233068316,3.02321265492271
primary,uptake(mmol/g) methane at 65 bar,17,1000,geometry_plus_topology,hgb,geometry_plus_topology | hgb,5,1.328877967429127,1.2975079765468143,1.3602479583114395,0.03578848574816302,0.944337205474158,0.9267167987608217,0.9619576121874943,0.020102258776639657,0.9604345338344545,0.9585733904439324,0.9622956772249767,0.0021232873148376544,0.9851982124359189,0.9847001718504113,0.9856962530214265,0.0005681901044636982,0.768904057641259,0.7632601063036971,0.7745480089788209,0.006438907577800606,15.380705398755698,15.267807109371908,15.493603688139487,0.12880012734979276,0.44800000000000006,0.29842233321782297,0.5975776667821772,0.17064583206161232,472.63104000000004,314.82959309813884,630.4324869018612,180.02793990835977,0.522,0.4267028730758372,0.6172971269241628,0.10871982339941505,275.34977999999995,225.08149851877332,325.6180614812266,57.34861964495744,0.5624,0.503594773565609,0.621205226434391,0.06708800190794177,118.66415040000001,106.25648284324924,131.07181795675078,14.155300050568076,0.6472,0.627932093419367,0.666467906580633,0.021981810662454557,68.27830560000001,66.24557999155638,70.31103120844364,2.319037061267632
primary,uptake(mmol/g) methane at 65 bar,17,1000,enriched_interpretable,rf,enriched_interpretable | rf,5,1.3337125927895306,1.3067096362158581,1.360715549363203,0.030806350251125734,0.9661552274495977,0.9508794530324696,0.9814310018667258,0.01742738265594427,0.9601522325754693,0.958556138633498,0.9617483265174407,0.0018209053840426736,0.9840552239770304,0.9836617517957611,0.9844486961582997,0.0004488931349863669,0.7606370875995448,0.7468727595952306,0.7744014156038591,0.015703047490944227,15.215337783006598,14.940004245691629,15.490671320321567,0.314114543837625,0.608,0.48616428109950677,0.7298357189004931,0.13899640283115244,641.42784,512.8935932743576,769.9620867256423,146.63842505880922,0.634,0.6138205649236654,0.6541794350763346,0.023021728866442697,334.42866,323.78420979158426,345.0731102084157,12.143731759759875,0.6528,0.6110635039324095,0.6945364960675906,0.04761512364784954,137.73818880000005,128.93195507572273,146.54442252427737,10.046600629201663,0.7404,0.7106647909709717,0.7701352090290282,0.03392344322146562,78.1107192,74.97371411785558,81.24772428214443,3.578855412978184
primary,uptake(mmol/g) methane at 65 bar,17,1000,geometry_only,rf,geometry_only | rf,5,1.344070124528681,1.3201921458711299,1.3679481031862322,0.027241216042639457,0.9885605667809545,0.9756245876326393,1.0014965459292697,0.01475802486283303,0.9595348908958311,0.9581064623039491,0.9609633194877131,0.0016296242002307832,0.9832182867958362,0.9828557599474964,0.983580813644176,0.0004135891206921608,0.765794463405385,0.7525034526578314,0.7790854741529387,0.01516306302102572,15.318502901088602,15.052637324326103,15.5843684778511,0.3033130114888459,0.648,0.5326427184786326,0.7633572815213674,0.1316054710108968,683.62704,561.9274151405879,805.3266648594121,138.84113980707593,0.656,0.5637341579998318,0.7482658420001682,0.10526157893552615,346.03344,297.36413100333124,394.70274899666873,55.52443027270069,0.6808000000000001,0.6251194390832852,0.736480560916715,0.06352322409953702,143.6460768,131.8977011688168,155.3944524311832,13.403146192105917,0.7535999999999999,0.7223529032388607,0.7848470967611392,0.035648281866031105,79.50329280000001,76.20678658589334,82.79979901410668,3.760822440302552
primary,uptake(mmol/g) methane at 65 bar,17,1000,enriched_interpretable,hgb,enriched_interpretable | hgb,5,1.3518060164583394,1.3223955740219886,1.3812164588946902,0.03355293292654326,0.9658981991111067,0.9498744332128093,0.9819219650094042,0.018280729491906185,0.959061030470601,0.9572861537771647,0.9608359071640372,0.0020248698664303132,0.9843845338739289,0.9839830533554952,0.9847860143923626,0.0004580294545201815,0.7632916192643154,0.7591439392340575,0.7674392992945733,0.004731884947232175,15.268437476137041,15.185469719627344,15.351405232646739,0.09465384872261995,0.44000000000000006,0.2755467726069203,0.6044532273930798,0.1876166303929372,464.19120000000004,290.69633416484874,637.6860658351513,197.93179273194087,0.504,0.4070641779319946,0.6009358220680053,0.11058933040759401,265.85496,214.72228321734787,316.98763678265215,58.33476589670175,0.5664,0.5126173714290572,0.6201826285709429,0.06135796606798499,119.50813440000002,108.16021490204535,130.85605389795467,12.946285408480563,0.6439999999999999,0.6160605454598698,0.67193945454013,0.03187475490101849,67.940712,64.99315542492535,70.88826857507466,3.362722892547649
primary,uptake(mmol/g) methane at 65 bar,17,1000,geometry_plus_topology,mlp,geometry_plus_topology | mlp,5,1.3539069420325802,1.3042398913736517,1.4035739926915087,0.05666270485473984,0.9758788301168135,0.9367228859299158,1.0150347743037111,0.04467109843116887,0.9588963952287474,0.9558287900144755,0.9619640004430192,0.003499680503696201,0.9822392966904966,0.9805514940203759,0.9839270993606173,0.0019255313790793184,0.7762609025407661,0.7699321961931711,0.782589608888361,0.00722011102186564,15.527867405431502,15.401271678799237,15.654463132063768,0.14442686245445255,0.792,0.751641129847331,0.8323588701526691,0.046043457732885346,835.54416,792.9663591663373,878.1219608336628,48.574927039039366,0.7619999999999999,0.7393113596705311,0.7846886403294687,0.025884358211089593,401.94738,389.9793491126085,413.91541088739154,13.653740112767643,0.7447999999999999,0.7212277912787112,0.7683722087212886,0.0268923781023546,157.1498208,152.17617904864295,162.12346255135702,5.6741842100844115,0.77,0.7558119825204506,0.7841880174795495,0.01618641405623866,81.23346000000001,79.7366525319425,82.73026746805752,1.7076343101050642
primary,uptake(mmol/g) methane at 65 bar,17,1000,enriched_interpretable,mlp,enriched_interpretable | mlp,5,1.3881095012984555,1.332065337973573,1.444153664623338,0.06393804027374375,1.009598696126996,0.9691776274935673,1.0500197647604248,0.046114416932413874,0.956780660535211,0.9532213782905254,0.9603399427798966,0.004060610739910692,0.9811075195429572,0.9792543478279223,0.982960691257992,0.0021141928208151606,0.7671596511186956,0.7585268464102723,0.7757924558271188,0.009848743961486958,15.345811314698546,15.173125757032784,15.518496872364308,0.1970084926903587,0.82,0.7985292757457975,0.8414707242542024,0.024494897427831758,865.0835999999999,842.4324153263015,887.7347846736984,25.841626888413938,0.782,0.7675970003124349,0.7964029996875651,0.016431676725154998,412.49718,404.8997416948063,420.0946183051937,8.667545155752006,0.7559999999999999,0.7314569178789622,0.7805430821210376,0.02800000000000003,159.51297600000004,154.33448384478956,164.69146815521052,5.907888,0.7612,0.7461398517935579,0.7762601482064421,0.01718138527593164,80.30507760000002,78.7162620845168,81.89389311548324,1.8126017838402357
primary,uptake(mmol/g) methane at 65 bar,17,1000,geometry_only,hgb,geometry_only | hgb,5,1.4002488395217005,1.3720773940535083,1.4284202849898928,0.03213942198536037,1.0056382040669707,0.993172145619555,1.0181042625143863,0.014221915357095391,0.9560774439626833,0.9543106276574584,0.9578442602679083,0.0020156741644070863,0.9834245317690469,0.983033837356318,0.9838152261817757,0.00044572411494440696,0.7559347743648085,0.7501841592988374,0.7616853894307796,0.0065605949999722754,15.121275469461239,15.006243541469237,15.23630739745324,0.13123429110866086,0.10800000000000001,0.04170678466087199,0.17429321533912803,0.07563068160475614,113.93784000000001,43.99982368152672,183.8758563184733,79.78885647938564,0.192,0.11987839158754153,0.26412160841245846,0.08228000972289685,101.27808,63.234652778512284,139.3215072214877,43.40188232873086,0.3632,0.2699270616738167,0.45647293832618335,0.10641052579514867,76.6337472,56.95353030492862,96.31396409507138,22.45219530067319,0.6272,0.5931478555154011,0.6612521444845989,0.03884842339143249,66.1683456,62.57591246116378,69.76077873883621,4.098430970949344
primary,uptake(mmol/g) methane at 65 bar,17,1000,geometry_plus_topology,ridge,geometry_plus_topology | ridge,5,1.5419906987869063,1.5233266665657579,1.5606547310080547,0.02129287999017054,1.1128275888394228,1.0971491222585499,1.1285060554202957,0.017886794417239997,0.9467494722842101,0.945450630772024,0.9480483137963963,0.001481784649615735,0.9802961313235118,0.9795313914581624,0.9810608711888612,0.0008724542469517419,0.7642775881683732,0.7628950281582872,0.7656601481784592,0.001577294982410706,15.288160219299778,15.260504300463213,15.315816138136343,0.03155128290753932,0.664,0.6379976616436137,0.6900023383563864,0.02966479394838264,700.50672,673.0747730807796,727.9386669192204,31.29576431966475,0.652,0.6375970003124349,0.6664029996875651,0.016431676725154998,343.92348000000004,336.3260416948063,351.5209183051938,8.667545155752036,0.6136,0.5959643560934113,0.6312356439065888,0.020119642143934885,129.46714560000004,125.74609527828544,133.18819592171465,4.245164013801689,0.642,0.6268685968925549,0.6571314031074451,0.017262676501632084,67.72971600000001,66.13338323497076,69.32604876502926,1.8211778455691803
primary,uptake(mmol/g) methane at 65 bar,17,1000,geometry_only,mlp,geometry_only | mlp,5,1.5733194393052423,1.4772114984592966,1.669427380151188,0.10964484128013445,1.1194981623372766,1.0436761796934333,1.19532014498112,0.08650158539818523,0.9443567988356627,0.9373912625936607,0.9513223350776647,0.007946639049415827,0.9789620411423592,0.9763123233162962,0.9816117589684221,0.0030229332552396213,0.7237770193401591,0.7007457567857691,0.7468082818945492,0.026275239122072174,14.478010615538134,14.01730675945868,14.938714471617587,0.5255944590254775,0.616,0.5324754790495629,0.699524520950437,0.09528903399657275,649.8676800000001,561.750980887708,737.9843791122921,100.52802508570434,0.596,0.5169655669976687,0.6750344330023312,0.0901665126307988,314.38403999999997,272.6941669356002,356.07391306439973,47.56193374762007,0.548,0.5179409860441165,0.5780590139558835,0.03429285639896447,115.625808,109.28347629136441,121.9681397086356,7.23565552875591,0.6816000000000001,0.6490521949127135,0.7141478050872867,0.037132196272237905,71.9074368,68.47370845890144,75.34116514109856,3.9173724423285563
primary,uptake(mmol/g) methane at 65 bar,17,1000,enriched_interpretable,ridge,enriched_interpretable | ridge,5,1.6036066297645282,1.585831204870324,1.6213820546587323,0.02027911142468493,1.158180011852531,1.141131689078494,1.175228334626568,0.019449596237298302,0.9424102214833135,0.9411233316497308,0.9436971113168963,0.0014681495650225697,0.9794870130478355,0.9785422403483063,0.9804317857473647,0.0010778448874659834,0.7419795221843003,0.7372517245306291,0.7467073198379715,0.005393712723200351,14.842122797004041,14.747550708102448,14.936694885905634,0.10789266303985395,0.672,0.6401537694538271,0.703846230546173,0.036331804249169895,708.94656,675.3494236983984,742.5436963016016,38.32932684678928,0.646,0.6300768847269135,0.6619231152730866,0.018165902124584965,340.75854,332.35925592459955,349.1578240754004,9.58233171169735,0.6096,0.5800982560515484,0.6391017439484517,0.03365709434874024,128.62316160000003,122.39841163385253,134.84791156614753,7.101512279206798,0.6232,0.5986381420898174,0.6477618579101826,0.02802142037798943,65.7463536,63.15512671419156,68.33758048580845,2.9562038070371264
primary,uptake(mmol/g) methane at 65 bar,17,1000,geometry_only,ridge,geometry_only | ridge,5,1.8714750261899202,1.8555210924053995,1.887428959974441,0.018201061454448404,1.3443276977456786,1.3269426483905418,1.3617127471008155,0.01983375109707892,0.921567673550831,0.9202272433924404,0.9229081037092216,0.001529231098598098,0.9692436172417537,0.9675306762374549,0.9709565582460524,0.001954210472989145,0.6928327645051195,0.6879929482945234,0.6976725807157157,0.00552150920688699,13.859019907046093,13.762207064690106,13.95583274940208,0.1104490288790604,0.616,0.6013327030438461,0.6306672969561539,0.016733200530681527,649.86768,634.3939750571967,665.3413849428032,17.65319189585839,0.638,0.6265713342861032,0.6494286657138968,0.013038404810405309,336.53862,330.51011312257657,342.5671268774234,6.877628153440694,0.6352,0.6222224908399184,0.6481775091600815,0.014805404418657412,134.0246592,131.28645667725942,136.76286172274058,3.1238811107190445,0.7096,0.7018190221694186,0.7173809778305814,0.008876936408468867,74.8613808,74.04050320082932,75.68225839917069,0.936499037220646
primary,uptake(mmol/g) methane at 65 bar,17,1000,topology_only,ridge,topology_only | ridge,5,5.6170868759688375,5.5860826680730185,5.6480910838646565,0.03537118185897265,4.36374915705225,4.339503570559543,4.387994743544956,0.027660601812266074,0.2934706261025223,0.2856472440219245,0.3012940081831201,0.00892531333988286,0.5323825040382338,0.5285545828364269,0.5362104252400408,0.0043670877651802035,0.21099734546833523,0.20319620846226236,0.2187984824744081,0.008899935024167435,4.220667036825641,4.064617671663207,4.376716401988075,0.17802907568820936,0.08800000000000001,0.04063445978350929,0.13536554021649072,0.054037024344425186,92.83824,42.86854238240662,142.80793761759338,57.00797994288168,0.17200000000000001,0.12978030791206552,0.2142196920879345,0.048166378315169185,90.72828,68.45781462053543,112.99874537946457,25.40728289746859,0.196,0.18219625558045935,0.20980374441954067,0.015748015748023626,41.355216000000006,38.4426811424546,44.26775085754541,3.322768330769994,0.1492,0.13856530658645957,0.15983469341354042,0.012132600710482479,15.740301600000004,14.618362714258318,16.86224048574169,1.2799651097544804
primary,uptake(mmol/g) methane at 65 bar,17,1000,topology_only,rf,topology_only | rf,5,5.6426857758197855,5.6046145539503485,5.6807569976892225,0.043433591880886364,4.381828885715302,4.354416820631611,4.409240950798992,0.03127308210754101,0.28700500490098774,0.2773445632822204,0.29666544651975507,0.011021124567465243,0.5262436786864262,0.5184854700760821,0.5340018872967702,0.008850960120588494,0.20235115661736822,0.1944900561078948,0.21021225712684163,0.00896834444752082,4.0477137506293355,3.8904649107452953,4.204962590513376,0.1793974976345378,0.052000000000000005,0.006285337144412852,0.09771466285558716,0.052153619241621194,54.85896,6.630904980612669,103.08701501938734,55.02102522752552,0.138,0.06023960905448071,0.2157603909455193,0.08871302046486751,72.79362,31.77579138014803,113.81144861985197,46.79523116501296,0.1712,0.14388347782019095,0.19851652217980903,0.031164081889251925,36.1225152,30.35883828614901,41.886192113850996,6.575496622304601,0.1436,0.13676524645652824,0.15043475354347177,0.007797435475847165,15.1495128,14.428459970670815,15.870565629329185,0.8226138478309238
primary,uptake(mmol/g) methane at 65 bar,17,1000,topology_only,mlp,topology_only | mlp,5,5.6715282453926985,5.627855127130109,5.715201363655288,0.04982452103292716,4.386457717998755,4.35544145512331,4.4174739808742,0.03538493479464193,0.2796871282161151,0.2686278147704278,0.29074644166180236,0.012617028902568444,0.5256530103851355,0.520401643196097,0.5309043775741739,0.005991027555868316,0.19218809252938945,0.16638327893960694,0.21799290611917196,0.029439447619114333,3.8444177826442028,3.3282334398124096,4.360602125475996,0.5888894283127273,0.02,-0.0192,0.0592,0.044721359549995794,21.099600000000002,-20.255616000000003,62.45481600000001,47.18013989805457,0.076,0.007652464565282235,0.14434753543471776,0.07797435475847171,40.089240000000004,4.036598533540733,76.14188146645927,41.13069239154624,0.1216,0.04177817280968821,0.2014218271903118,0.09106481208458073,25.657113600000002,8.815027350152974,42.49919984984703,19.214311090598198,0.10200000000000001,0.048826532932297904,0.1551734670677021,0.06066300355241241,10.760796000000003,5.151101571291567,16.37049042870844,6.399825548772404
primary,uptake(mmol/g) methane at 65 bar,17,1000,topology_only,hgb,topology_only | hgb,5,5.7460004902643265,5.723324137862065,5.768676842666588,0.025870339516937853,4.459574243469949,4.441205862734164,4.477942624205734,0.02095558569480181,0.2606798821615067,0.25482878196627723,0.2665309823567362,0.006675233561069083,0.4945315259819226,0.4802559777710244,0.5088070741928209,0.016286273579410187,0.16405005688282137,0.162378114912155,0.16572199885348773,0.0019074366841045614,3.281561035461489,3.248116489761572,3.3150055811614054,0.03815524370490384,0.0,0.0,0.0,0.0,0.0,0.0,0.0,0.0,0.0,0.0,0.0,0.0,0.0,0.0,0.0,0.0,0.008000000000000002,0.005520774314427992,0.01047922568557201,0.0028284271247461905,1.6879680000000004,1.1648612972470485,2.2110747027529523,0.5967868096129473,0.0304,0.02811426685722064,0.03268573314277936,0.00260768096208106,3.2071392000000003,2.9659989249030634,3.448279475096937,0.27510512613762766
primary,uptake(mmol/g) methane at 65 bar,17,2000,geometry_plus_topology,hgb,geometry_plus_topology | hgb,5,1.2163268995885195,1.210031307000904,1.2226224921761348,0.007182333155383545,0.8685181493843311,0.8617321042612437,0.8753041945074186,0.00774186642530837,0.9668711087628934,0.96652827233041,0.9672139451953767,0.0003911252898960947,0.9870483620496252,0.9869362646349072,0.9871604594643432,0.00012788644867925736,0.7936291240045505,0.7847427859546561,0.802515462054445,0.010137987729901479,15.875291111913551,15.697534022116857,16.053048201710244,0.2027943552387456,0.44399999999999995,0.3377976572763105,0.5502023427236894,0.12116104984688768,468.41112000000004,356.3697724733621,580.452467526638,127.82248436746954,0.5,0.42878966367162696,0.571210336328373,0.08124038404635962,263.745,226.18225969014654,301.3077403098535,42.85349018061422,0.5376000000000001,0.4926582642079771,0.5825417357920231,0.05127182462132588,113.43144960000002,103.94892311482634,122.9139760851737,10.818149907801278,0.7196,0.6809050130378624,0.7582949869621376,0.044145214916228456,75.9163608,71.8341170654684,79.99860453453161,4.657231883232271
primary,uptake(mmol/g) methane at 65 bar,17,2000,geometry_plus_topology,rf,geometry_plus_topology | rf,5,1.2231453699410282,1.2116394050730017,1.2346513348090546,0.013126591628383399,0.8884759861355004,0.8814178387668632,0.8955341335041376,0.008052294546675496,0.9664964884579298,0.9658660422817648,0.9671269346340948,0.0007192451561530182,0.9859427874714468,0.9858435185785359,0.9860420563643577,0.0001132510166326414,0.7952976867652636,0.7856140600368922,0.804981313493635,0.011047575323149206,15.908668061881261,15.714962477393259,16.102373646369266,0.2209892114982163,0.668,0.5909842197987971,0.745015780201203,0.0878635305459552,704.72664,623.476532203335,785.976747796665,92.69426745537184,0.732,0.7033276718768775,0.7606723281231225,0.03271085446759228,386.12268,370.99831363833414,401.24704636166587,17.254648623110246,0.708,0.6548265329322979,0.7611734670677021,0.060663003552412414,149.38516800000002,138.16577914258315,160.6045568574169,12.799651097544809,0.7859999999999999,0.7727645566753507,0.7992354433246491,0.015099668870541512,82.92142800000002,81.52511520013618,84.31774079986386,1.5929848665043878
primary,uptake(mmol/g) methane at 65 bar,17,2000,enriched_interpretable,rf,enriched_interpretable | rf,5,1.2427138300588907,1.231985893281798,1.2534417668359834,0.012238977495867052,0.9061903264402105,0.9008063905626926,0.9115742623177283,0.006142268677872432,0.9654164059148738,0.9648192041961253,0.9660136076336222,0.0006813181833679475,0.9853742819063882,0.9853056480588589,0.9854429157539175,7.830099420048782e-05,0.7883200606750094,0.7807277956840699,0.7959123256659488,0.008661643174965582,15.769091725652663,15.617220513666668,15.920962937638658,0.17326242542141046,0.656,0.5781902216941855,0.7338097783058145,0.0887693640846886,692.06688,609.9791200829318,774.1546399170682,93.64990372206482,0.734,0.7072691638739077,0.7607308361260923,0.030495901363953838,387.17766,373.0774112518476,401.2779087481524,16.086283010472002,0.7087999999999999,0.6582699987730061,0.7593300012269937,0.05764720288097247,149.55396480000002,138.89233666110923,160.2155929388908,12.163329219073663,0.7852,0.7724615077815308,0.7979384922184692,0.014532721699667973,82.83702960000001,81.49314414793595,84.18091505206407,1.5331730738715716
primary,uptake(mmol/g) methane at 65 bar,17,2000,enriched_interpretable,hgb,enriched_interpretable | hgb,5,1.2522368597820246,1.243727157247986,1.2607465623160632,0.009708302721638947,0.9001896683128134,0.8940774129411484,0.9063019236844785,0.00697317270759254,0.9648853768080364,0.9644089149310933,0.9653618386849796,0.000543572013026501,0.9860285576949126,0.9858824889521458,0.9861746264376794,0.00016664267255845513,0.7851346226772847,0.7774440344094938,0.7928252109450756,0.008773815384562672,15.70537209389613,15.551534080798785,15.859210106993476,0.17550625245365764,0.41600000000000004,0.30836048309287156,0.5236395169071285,0.12280065146407,438.87168,325.31414245331763,552.4292175466824,129.55223128156456,0.49400000000000005,0.422091769594851,0.565908230405149,0.08203657720797475,260.58006,222.64918754358794,298.5109324564121,43.273474111434595,0.5416000000000001,0.5052812475985202,0.5779187524014799,0.041434285320251396,114.2754336,106.61232211829736,121.93854508170264,8.742468465431765,0.7096000000000001,0.6698279342251374,0.7493720657748628,0.04537400136642128,74.8613808,70.66550740488356,79.05725419511646,4.786866396154711
primary,uptake(mmol/g) methane at 65 bar,17,2000,enriched_interpretable,mlp,enriched_interpretable | mlp,5,1.2665498978605418,1.219292420670955,1.3138073750501287,0.05391374053115412,0.9260754799458482,0.893925116731683,0.9582258431600134,0.03667877431029699,0.9640277283718872,0.9613248884611539,0.9667305682826205,0.0030835376391321325,0.9844376957060597,0.9832547223346847,0.9856206690774346,0.0013495963642686656,0.7866514979142966,0.7811362626227054,0.7921667332058877,0.006292061746889639,15.735714775684954,15.625391246524492,15.846038304845417,0.1258627095512632,0.836,0.82816,0.8438399999999999,0.008944271909999168,881.9632799999999,873.6922367999999,890.2343232,9.436027979610918,0.794,0.78224,0.80576,0.01341640786499875,418.82705999999996,412.6237776,425.03034239999994,7.077020984708188,0.7864000000000001,0.7694757660143805,0.8033242339856197,0.01930802941783549,165.9272544,162.35630872597022,169.4982000740298,4.073916975045613,0.772,0.7581962555804593,0.7858037444195407,0.015748015748023637,81.44445600000002,79.98818857122731,82.90072342877272,1.6613841653849952
primary,uptake(mmol/g) methane at 65 bar,17,2000,geometry_only,rf,geometry_only | rf,5,1.267067560668587,1.2563325833786099,1.2778025379585642,0.012247009672094659,0.938698101986299,0.9336646665536669,0.9437315374189311,0.005742399891694639,0.9640477424498796,0.9634368564700325,0.9646586284297266,0.0006969298864487392,0.9842763563147539,0.9841896398406714,0.9843630727888363,9.89305769476201e-05,0.7918847174819871,0.7845741854714794,0.7991952494924948,0.008340227819991563,15.840397027856403,15.694161437025052,15.986632618687754,0.16683302134119635,0.692,0.6446344597835092,0.7393655402164907,0.054037024344425186,730.04616,680.0764623824066,780.0158576175934,57.00797994288169,0.744,0.7179976616436137,0.7700023383563863,0.02966479394838268,392.45256,378.7365865403898,406.1685334596102,15.647882159832372,0.7208,0.6706362514957265,0.7709637485042735,0.05722936309273413,152.0859168,141.50156652059232,162.6702670794077,12.075166695114532,0.79,0.7745172405560249,0.8054827594439752,0.01766352173265571,83.34342000000001,81.71001984417953,84.97682015582049,1.8634662157517126
primary,uptake(mmol/g) methane at 65 bar,17,2000,geometry_plus_topology,mlp,geometry_plus_topology | mlp,5,1.2772843530015865,1.1866375172926316,1.3679311887105414,0.10341453397473394,0.889687559644169,0.8685963798520135,0.9107787394363245,0.024061893745372147,0.9632767662353195,0.9579429879249957,0.9686105445456434,0.0060850463667337295,0.9847223790021704,0.9830470835075977,0.9863976744967431,0.0019112625552365932,0.7965111869548729,0.7909213306747291,0.8021010432350166,0.006377193176967118,15.932942207312323,15.821126003701666,16.04475841092298,0.12756562870376856,0.792,0.72928,0.85472,0.07155417527999323,835.54416,769.3758144000001,901.7125056,75.48822383688723,0.79,0.753859385727412,0.8261406142725881,0.04123105625617662,416.7171,397.6532873773525,435.7809126226475,21.748969864570594,0.7792,0.7439287121868225,0.8144712878131775,0.04023928428786974,164.40808320000002,156.96598255657082,171.85018384342922,8.49032802760337,0.7867999999999999,0.7606915051372163,0.8129084948627836,0.02978590270581034,83.00582640000002,80.25143240896607,85.76022039103397,3.1423531636575768
primary,uptake(mmol/g) methane at 65 bar,17,2000,geometry_only,hgb,geometry_only | hgb,5,1.285134346153162,1.2769160094832248,1.293352682823099,0.009375897681611574,0.9350914605058556,0.9298077898804902,0.940375131131221,0.006027880963793749,0.9630163545130965,0.9625428484336442,0.9634898605925488,0.0005401998884769543,0.9850815422411602,0.9849262194685092,0.9852368650138111,0.00017720014188835986,0.7915054986727342,0.7887304070370054,0.7942805903084631,0.003165966092490221,15.832811357409199,15.77730005339211,15.888322661426287,0.0633301271948296,0.23199999999999998,0.19164112984733095,0.272358870152669,0.046043457732885346,244.75535999999997,202.17755916633718,287.33316083366276,48.57492703903938,0.33799999999999997,0.25901418861592923,0.4169858113840707,0.09011104260855048,178.29162,136.62739435301654,219.95584564698345,47.53267386558428,0.5472,0.511067890402026,0.583332109597974,0.041221353689562396,115.45701120000001,107.8332806032659,123.08074179673412,8.697540743082907,0.7127999999999999,0.6940986828271374,0.7315013171728624,0.021335416564951356,75.19897440000001,73.22602284089737,77.17192595910265,2.250843776769234
primary,uptake(mmol/g) methane at 65 bar,17,2000,geometry_only,mlp,geometry_only | mlp,5,1.3934940946527141,1.3664484346859112,1.420539754619517,0.030855068460263316,1.0067520119082596,0.9937286038524024,1.019775419964117,0.014857768220211832,0.9565014544465926,0.9548069527960988,0.9581959560970864,0.0019331739175967194,0.9830702221978708,0.9824413953171536,0.983699049078588,0.0007173977813075368,0.7583617747440272,0.74744204455441,0.7692815049336444,0.012457785204051365,15.169823760323357,14.951391887827295,15.388255632819419,0.24919822211926654,0.656,0.5973308121753846,0.7146691878246154,0.06693280212272601,692.06688,630.1720602287872,753.9616997712127,70.61276758343351,0.654,0.6338205649236655,0.6741794350763346,0.023021728866442697,344.97846000000004,334.3340097915843,355.62291020841576,12.143731759759879,0.6272,0.5968965997947424,0.6575034002052575,0.03457166469813107,132.33669120000002,125.9427949702915,138.73058742970852,7.294482964646865,0.7196,0.6984392605044153,0.7407607394955847,0.02414125100321023,75.9163608,73.68394510469481,78.1487764953052,2.5468536983366747
primary,uptake(mmol/g) methane at 65 bar,17,2000,geometry_plus_topology,ridge,geometry_plus_topology | ridge,5,1.5277600411952126,1.5190330188443297,1.5364870635460954,0.009956232253945943,1.1064361646334748,1.0933234575044748,1.1195488717624749,0.014959645157903195,0.9477340061863317,0.9471351643697058,0.9483328480029577,0.0006831892906863245,0.9803231704525585,0.9793821638896059,0.981264177015511,0.0010735482867527955,0.7657186196435344,0.7632602080090451,0.7681770312780236,0.002804681393568529,15.316985766999162,15.267809143825984,15.36616239017234,0.056103200162815885,0.632,0.591641129847331,0.672358870152669,0.046043457732885394,666.7473600000001,624.1695591663372,709.325160833663,48.57492703903947,0.638,0.6153113596705312,0.6606886403294688,0.025884358211089593,336.53862000000004,324.5705891126085,348.5066508873916,13.653740112767673,0.604,0.57684144333732,0.63115855666268,0.030983866769659363,127.441584,121.71123717840118,133.17193082159883,6.537471952931047,0.6388,0.6182957393695847,0.6593042606304154,0.023392306427541535,67.3921224,65.22896391201245,69.55528088798756,2.467841543492776
primary,uptake(mmol/g) methane at 65 bar,17,2000,enriched_interpretable,ridge,enriched_interpretable | ridge,5,1.594426173151048,1.5856709620725389,1.6031813842295572,0.00998839139229891,1.155407912024949,1.1437330614349526,1.1670827626149454,0.013319265074686592,0.9430732187787587,0.942446562704939,0.9436998748525784,0.0007149212140684169,0.979636828121105,0.9788636433509182,0.9804100128912917,0.0008820886251556081,0.7423587409935533,0.7400248294124011,0.7446926525747054,0.002662645382107199,14.849708467451245,14.803022270259667,14.896394664642823,0.05326199516904542,0.6559999999999999,0.6057995059785264,0.7062004940214734,0.05727128425310541,692.06688,639.1063628172258,745.0273971827742,60.420059461341175,0.638,0.6114132664661489,0.6645867335338511,0.030331501776206228,336.53862000000004,322.51438392822894,350.56285607177114,15.999563871931047,0.5936,0.5626742059762405,0.6245257940237595,0.03528172331391991,125.24722560000001,118.72200676416284,131.77244443583717,7.44430249234385,0.6103999999999999,0.5801270401843492,0.6406729598156506,0.034536936748935945,64.3959792,61.20224248536848,67.58971591463151,3.643577753139246
primary,uptake(mmol/g) methane at 65 bar,17,2000,geometry_only,ridge,geometry_only | ridge,5,1.8570611401379096,1.8510079224440328,1.8631143578317864,0.006905819513322964,1.3338017213730862,1.3230411900145846,1.3445622527315877,0.012276163056952918,0.9227761636318134,0.9222722751976912,0.9232800520659356,0.0005748616284556965,0.9699202575857262,0.9687876404270123,0.9710528747444401,0.0012921474282484677,0.6906332954114525,0.6872158748110971,0.6940507160118078,0.0038987677398482647,13.815023018452294,13.74666294289365,13.883383094010938,0.07798866117150405,0.608,0.5983980002082899,0.61760199979171,0.010954451150103331,641.42784,631.2979222597417,651.5577577402582,11.55672687433601,0.626,0.6160059217533581,0.6359940782466419,0.01140175425099139,330.20874,324.9369636656789,335.48051633432107,6.014311349855446,0.6368,0.6280697454790826,0.6455302545209175,0.009959919678390996,134.3622528,132.52020401710448,136.2043015828955,2.1015032124617865,0.7011999999999999,0.6975647415497657,0.7048352584502342,0.004147288270665548,73.9751976,73.59168510401717,74.35871009598283,0.4375306179786757
primary,uptake(mmol/g) methane at 65 bar,17,2000,topology_only,ridge,topology_only | ridge,5,5.585719545172163,5.573315951039383,5.598123139304942,0.014150652880720295,4.340930972227703,4.330499320260184,4.351362624195222,0.011900960671934517,0.3013580709597069,0.29825094830002613,0.3044651936193877,0.003544764021161316,0.5362493177711783,0.5347099063991995,0.5377887291431572,0.0017562390168780538,0.21031475161167995,0.20582058638493006,0.21480891683842984,0.005127172933228843,4.20701283002067,4.1171141870377985,4.296911473003541,0.10256095754830802,0.10799999999999998,0.09839800020828993,0.11760199979171004,0.010954451150103316,113.93784000000001,103.80792225974173,124.06775774025829,11.556726874336,0.192,0.18057133428610322,0.20342866571389678,0.0130384048104053,101.27807999999999,95.24957312257658,107.3065868774234,6.877628153440688,0.1976,0.18388560114332386,0.21131439885667613,0.015646085772486357,41.692809600000004,38.79912629883676,44.58649290116325,3.3012615136515335,0.1564,0.1383765237537261,0.1744234762462739,0.020562101059959804,16.4998872,14.598446502970596,18.401327897029404,2.1692605376236385
primary,uptake(mmol/g) methane at 65 bar,17,2000,topology_only,rf,topology_only | rf,5,5.591781629328836,5.583857550971984,5.599705707685689,0.009040192788243808,4.349785085517705,4.339522394832393,4.360047776203016,0.011708201022658042,0.2998429310752756,0.29785812615725094,0.30182773599330026,0.002264366693254596,0.5322716376603502,0.5274796114398177,0.5370636638808828,0.005466987948506182,0.20462646947288582,0.19539197072995831,0.21386096821581332,0.010535187207817483,4.093227773312573,3.908506281393467,4.277949265231679,0.21073970042668352,0.11200000000000002,0.054388001249739665,0.16961199875026037,0.06572670690061994,118.15776000000001,57.37825355845035,178.93726644154967,69.34036124601602,0.184,0.12183369401355747,0.2461663059864425,0.07092249290598858,97.05816,64.26605525521143,129.85026474478857,37.41090578297992,0.1808,0.17405577699063857,0.1875442230093614,0.007694153624668545,38.1480768,36.725072721916774,39.57108087808322,1.6234356381905652,0.13920000000000002,0.13268760689147224,0.1457123931085278,0.007429670248402678,14.685321600000004,13.998277151836541,15.372366048163466,0.7838153518659857
primary,uptake(mmol/g) methane at 65 bar,17,2000,topology_only,mlp,topology_only | mlp,5,5.607982933288424,5.599822145685911,5.616143720890937,0.009310242769977661,4.351490305469172,4.341785895154909,4.3611947157834345,0.011071286298082114,0.2957797842546991,0.2937306337446151,0.29782893476478306,0.00233777542687558,0.5347238374712158,0.5330291404115878,0.5364185345308438,0.0019333968503046643,0.20690178232840348,0.2016639776506943,0.21213958700611266,0.005975554751134758,4.138741795995812,4.033967825975151,4.243515766016473,0.11953148940751136,0.10400000000000001,0.08479600041657989,0.12320399958342013,0.02190890230020665,109.71792,89.45808451948345,129.97775548051658,23.11345374867201,0.21000000000000002,0.1961407070887437,0.22385929291125634,0.015811388300841896,110.7729,103.4622615822414,118.08353841775862,8.340349214811095,0.188,0.17174262997899106,0.20425737002100894,0.018547236990991412,39.667248,36.2370079550472,43.097488044952804,3.9133928161512244,0.148,0.13146150188197248,0.1645384981180275,0.0188679622641132,15.613704000000004,13.868925525544338,17.35848247445567,1.990532282939414
primary,uptake(mmol/g) methane at 65 bar,17,2000,topology_only,hgb,topology_only | hgb,5,5.695723824735031,5.692365194953256,5.699082454516805,0.0038316961751549586,4.41633809922841,4.4124563118992715,4.420219886557549,0.004428540990893606,0.27357268332956775,0.27271618071252035,0.27442918594661514,0.0009771418748084032,0.5116984820656499,0.5066616928785073,0.5167352712527926,0.005746226025911656,0.1622298065984073,0.16179641009806991,0.16266320309874469,0.0004944408346759688,3.2451498173148976,3.2364804081392067,3.2538192264905885,0.009890504204900502,0.0,0.0,0.0,0.0,0.0,0.0,0.0,0.0,0.0,0.0,0.0,0.0,0.0,0.0,0.0,0.0,0.020800000000000003,0.013614521310309245,0.02798547868969076,0.00819756061276768,4.3887168,2.8726095383900088,5.904824061609991,1.7296524990515294,0.0312,0.02614943329912375,0.036250566700876244,0.005761944116355173,3.2915376000000003,2.7587129141909577,3.824362285809043,0.607873580387238
primary,uptake(mmol/g) methane at 65 bar,17,5000,geometry_plus_topology,hgb,geometry_plus_topology | hgb,5,1.1057553360091483,1.104319751782397,1.1071909202358996,0.0016377877134909093,0.7953753182190109,0.7907980120892082,0.7999526243488135,0.005222024316359789,0.9726212879815899,0.9725502130502169,0.9726923629129628,8.108590716633864e-05,0.9886345250232569,0.9884555084965204,0.9888135415499933,0.00020423118514215527,0.8243458475540388,0.8205384532406924,0.8281532418673853,0.0043436696437698236,16.489730418137274,16.413569537350504,16.565891298924043,0.08688821768646673,0.54,0.48319380315493743,0.5968061968450626,0.0648074069840786,569.6892,509.7597984523959,629.6186015476042,68.37051822006322,0.628,0.5900954039726051,0.6659045960273949,0.04324349662087935,331.26372000000003,311.2694246415095,351.2580153584906,22.810512032547663,0.6816000000000001,0.6346515557659256,0.7285484442340746,0.05356117997206559,143.8148736,133.90893966038723,153.72080753961276,11.30119472938595,0.7792000000000001,0.7665827140794861,0.7918172859205141,0.014394443372357279,82.20404160000001,80.87294316995762,83.5351400300424,1.5185849868969465
primary,uptake(mmol/g) methane at 65 bar,17,5000,geometry_plus_topology,rf,geometry_plus_topology | rf,5,1.1253246994399941,1.1183540072310576,1.1322953916489307,0.007952521239495119,0.8191600610617072,0.8161472296230142,0.8221728925004003,0.003437191786564275,0.9716425472553679,0.971291218637501,0.9719938758732348,0.00040081360815891274,0.9876124192888346,0.9875361297241028,0.9876887088535664,8.703502689498454e-05,0.8162305650360258,0.8117610525746513,0.8207000774974003,0.005099047800977381,16.327397070567052,16.23799156703082,16.416802574103283,0.1019983589130664,0.7879999999999999,0.7723199999999999,0.80368,0.017888543819998336,831.3242400000001,814.7821536000001,847.8663264000002,18.872055959221836,0.756,0.7217140028583096,0.7902859971416905,0.039115214431215926,398.78244,380.6969193677297,416.8679606322703,20.63288446032208,0.7704000000000001,0.7509416317230864,0.7898583682769138,0.022199099080818595,162.55131840000004,158.44568052704437,166.6569562729557,4.683921109656405,0.8028000000000001,0.7964066734793225,0.8091933265206777,0.007293833011524194,84.6937944,84.01931123872156,85.36827756127845,0.7694847950497796
primary,uptake(mmol/g) methane at 65 bar,17,5000,enriched_interpretable,hgb,enriched_interpretable | hgb,5,1.1491116410804167,1.1472290564379974,1.150994225722836,0.002147748588697367,0.8325791880752533,0.8288724606492486,0.8362859155012581,0.004228823723780284,0.9704321445649743,0.9703352921681936,0.970528996961755,0.00011049415458440829,0.9874475322692297,0.9872864131237352,0.9876086514147241,0.00018381293969502039,0.8165339400834281,0.8119799395651423,0.8210879406017139,0.005195436085947113,16.33346560692482,16.24237005389522,16.42456115995442,0.10392645358271636,0.492,0.425706784660872,0.558293215339128,0.07563068160475614,519.05016,449.11214368152673,588.9881763184733,79.78885647938563,0.624,0.5835460558165214,0.6644539441834786,0.04615192303685735,329.15376000000003,307.8147089826569,350.4928110173432,24.3446778827119,0.6944000000000001,0.6491855569977912,0.739614443002209,0.05158294291720859,146.51562239999998,136.97555578430593,156.05568901569404,10.883794623759341,0.7596,0.7480111115287099,0.7711888884712902,0.01322119510483074,80.13628080000001,78.91367624405585,81.35888535594417,1.3948096411694313
primary,uptake(mmol/g) methane at 65 bar,17,5000,geometry_plus_topology,mlp,geometry_plus_topology | mlp,5,1.1496581744256846,1.1367680951486174,1.1625482537027518,0.014705659948409992,0.8347771367067043,0.8268559525044981,0.8426983209089105,0.009036890988995143,0.9704002208852531,0.9697324356830043,0.971068006087502,0.0007618434217331481,0.9872943357702025,0.9870121610217286,0.9875765105186765,0.00032191934649065344,0.8095563139931741,0.8055786101184514,0.8135340178678967,0.004537967478695947,16.19388927069622,16.114321617420625,16.273456923971818,0.09077483751753236,0.828,0.8123199999999999,0.84368,0.017888543819998288,873.5234399999999,856.9813535999999,890.0655264,18.87205595922179,0.806,0.7960059217533582,0.8159940782466419,0.011401754250991356,425.15694,419.88516366567893,430.4287163343211,6.014311349855428,0.8048,0.7853732456648055,0.8242267543351944,0.022163032283512078,169.8095808,165.71061334229128,173.9085482577087,4.676311159691909,0.8076000000000001,0.7958792655520229,0.8193207344479773,0.013371611720357389,85.20018480000002,83.96367075720732,86.43669884279271,1.410678293274261
primary,uptake(mmol/g) methane at 65 bar,17,5000,enriched_interpretable,rf,enriched_interpretable | rf,5,1.1518958058616293,1.1451551316231756,1.158636480100083,0.007690105005798139,0.8421510905720868,0.8389199386248517,0.8453822425193219,0.003686262959004311,0.9702877156545616,0.9699400399591084,0.9706353913500149,0.0003966461679376864,0.9867917084792994,0.986706085145937,0.9868773318126618,9.768346625424342e-05,0.8121350018960941,0.8071512192576549,0.8171187845345333,0.005685753451343586,16.245471829737227,16.14577916747138,16.34516449200307,0.11373447432875322,0.7879999999999999,0.7723199999999999,0.80368,0.017888543819998336,831.3242400000001,814.7821536000001,847.8663264000002,18.872055959221836,0.76,0.7272029269598642,0.7927970730401358,0.03741657386773945,400.8924,383.5922719420588,418.1925280579412,19.73686854949387,0.7664,0.7480805519733809,0.7847194480266191,0.020899760764181027,161.7073344,157.84200414417546,165.57266465582455,4.409765922199146,0.8,0.7934405853919729,0.8065594146080272,0.007483314773547889,84.39840000000001,83.70639487768236,85.09040512231766,0.7894747419797535
primary,uptake(mmol/g) methane at 65 bar,17,5000,enriched_interpretable,mlp,enriched_interpretable | mlp,5,1.1696196100248557,1.147435810133544,1.1918034099161674,0.025308410487870157,0.8626985875408648,0.8486216198542217,0.8767755552275079,0.016059722787960255,0.9693559552139632,0.9682015696368995,0.9705103407910269,0.0013169819502855825,0.9864590805756512,0.9861290384098017,0.9867891227415008,0.0003765289378983965,0.8004550625711035,0.7934770384773285,0.8074330866648786,0.007960885827710335,16.01183317996327,15.872248882305879,16.151417477620658,0.15924488681300455,0.836,0.8167960004165798,0.8552039995834201,0.021908902300206617,881.9632799999999,861.7034445194835,902.2231154805164,23.11345374867197,0.8100000000000002,0.7961407070887438,0.8238592929112565,0.015811388300841858,427.26689999999996,419.9562615822414,434.57753841775855,8.340349214811068,0.8,0.7857579327343255,0.8142420672656746,0.0162480768092719,168.79680000000002,165.79178077521175,171.8018192247883,3.4282792144491347,0.7964,0.7758284017149858,0.8169715982850142,0.023469128658729514,84.0186072,81.84834472412757,86.18886967587244,2.4759461352386456
primary,uptake(mmol/g) methane at 65 bar,17,5000,geometry_only,rf,geometry_only | rf,5,1.184400307887262,1.1783900399281808,1.1904105758463432,0.0068568202650483275,0.8793547214902955,0.8766942449481901,0.8820151980324008,0.0030352073472913414,0.9685874761391755,0.9682681667972333,0.9689067854811177,0.0003642843849151203,0.9856259706080506,0.9855384525807394,0.9857134886353618,9.984502975741182e-05,0.8152445961319682,0.8110112248013409,0.8194779674625955,0.004829645953714953,16.307674327404317,16.222992452425455,16.39235620238318,0.0966094025075882,0.7959999999999999,0.7579941899178559,0.8340058100821439,0.043358966777357594,839.7640799999999,799.6687104795396,879.8594495204602,45.7428427707767,0.764,0.7259941899178559,0.8020058100821441,0.043358966777357635,403.00236,382.95467523976987,423.05004476023015,22.87142138538837,0.7784000000000001,0.7572756004582379,0.7995243995417622,0.024099792530227333,164.23928640000003,159.7821225942864,168.69645020571366,5.084959824707848,0.8075999999999999,0.796979765727631,0.8182202342723688,0.012116104984688734,85.20018480000002,84.07977132473364,86.32059827526639,1.278224843674689
primary,uptake(mmol/g) methane at 65 bar,17,5000,geometry_only,hgb,geometry_only | hgb,5,1.1873130670120975,1.1835816566367778,1.1910444773874171,0.004256983291409584,0.8737580814207633,0.8730102689958292,0.8745058938456973,0.0008531425594752936,0.9684333042011893,0.968234531103152,0.9686320772992266,0.00022677048944373446,0.986289535055526,0.9862351273425652,0.9863439427684867,6.207109422477572e-05,0.822298065984073,0.8192101438731463,0.8253859880949996,0.003522859055743207,16.448767797722358,16.38699881652051,16.510536778924205,0.07046920452461113,0.4720000000000001,0.3573106875075102,0.58668931249249,0.130843417870369,497.95056000000005,376.9556291066731,618.945490893327,138.03718898488188,0.588,0.5471679733542406,0.6288320266457593,0.046583258795408464,310.16412,288.62563426462845,331.7026057353716,24.57220318199,0.696,0.6510309190665408,0.7409690809334591,0.051303021353522646,146.85321600000003,137.3649197993639,156.34151220063617,10.82473229350787,0.7776,0.7635534852721395,0.7916465147278604,0.016024980499208117,82.03524480000002,80.55336558924019,83.51712401075984,1.6906033927054602
primary,uptake(mmol/g) methane at 65 bar,17,5000,geometry_only,mlp,geometry_only | mlp,5,1.2560857247423018,1.2243363206222222,1.2878351288623815,0.03622133972327053,0.9202967303253775,0.9022461500885847,0.9383473105621704,0.02059302267488927,0.9646473853698417,0.9628733751925481,0.9664213955471354,0.0020238813006147973,0.9853640891060162,0.9848841998764697,0.9858439783355628,0.000547482111702134,0.7948426241941601,0.7838683908994852,0.8058168574888349,0.01251996512644609,15.899565257344614,15.680043136729976,16.119087377959254,0.2504420327853261,0.692,0.67632,0.7076799999999999,0.017888543819998277,730.0461600000001,713.5040736000002,746.5882464,18.872055959221775,0.6880000000000001,0.6680118435067164,0.7079881564932837,0.022803508501982726,362.91312,352.36956733135776,373.4566726686422,12.028622699710866,0.7079999999999999,0.6951175654474784,0.7208824345525213,0.014696938456699081,149.385168,146.66702583915617,152.10331016084382,3.1009952266096854,0.7632,0.7423243897334713,0.7840756102665287,0.02381596103456673,80.5160736,78.31373846810175,82.71840873189825,2.512536257224723
primary,uptake(mmol/g) methane at 65 bar,17,5000,geometry_plus_topology,ridge,geometry_plus_topology | ridge,5,1.5110217140801296,1.5082129060882568,1.5138305220720025,0.0032044314314145514,1.0945074140952582,1.0899580682156678,1.0990567599748486,0.005190125836695313,0.9488745507569369,0.9486842537822386,0.9490648477316352,0.00021710049558054252,0.9805358425340127,0.9802383398695466,0.9808333451984789,0.00033940621491508686,0.7674630261660977,0.7652159435527228,0.7697101087794727,0.002563586466614407,15.35187985105631,15.306930529564875,15.396829172547745,0.05128047877415371,0.644,0.6211426685722065,0.6668573314277936,0.026076809620810618,679.40712,655.2930924903062,703.5211475096937,27.51051261376283,0.646,0.6381600000000001,0.65384,0.008944271909999166,340.75854,336.6230184,344.8940616,4.718013989805481,0.624,0.6131933057783613,0.6348066942216387,0.012328828005937964,131.66150399999998,129.38133474601108,133.94167325398888,2.6013333939408914,0.6588,0.6522876068914722,0.6653123931085279,0.00742967024840269,69.50208240000002,68.81503795183656,70.18912684816348,0.7838153518659882
primary,uptake(mmol/g) methane at 65 bar,17,5000,enriched_interpretable,ridge,enriched_interpretable | ridge,5,1.5807502748636093,1.5785350351223733,1.5829655146048454,0.0025272584938075583,1.1462572416456307,1.1417314448173959,1.1507830384738655,0.005163259877697007,0.9440472309866635,0.9438903143376243,0.9442041476357028,0.00017901851737412233,0.9797326522036325,0.9793874608732704,0.9800778435339945,0.00039381187751686434,0.7386423966628745,0.7375807963807399,0.739703996945009,0.0012111277529519406,14.775368897068626,14.75413326821678,14.796604525920472,0.024226688600858106,0.6880000000000001,0.6723200000000001,0.70368,0.017888543819998277,725.82624,709.2841536000001,742.3683263999999,18.872055959221775,0.644,0.6307066332330745,0.6572933667669255,0.015165750888103114,339.70356000000004,332.69144196411446,346.7156780358856,7.999781935965523,0.6064,0.5926856011433239,0.6201143988566762,0.01564608577248637,127.94797439999999,125.05429109883674,130.84165770116323,3.301261513651538,0.6235999999999999,0.6131990646574453,0.6340009353425545,0.01186591757935307,65.7885528,64.69127492323119,66.88583067676882,1.251830572786592
primary,uptake(mmol/g) methane at 65 bar,17,5000,geometry_only,ridge,geometry_only | ridge,5,1.8505353671670133,1.8490246239815928,1.8520461103524337,0.001723532887318656,1.3249489027047325,1.3202577783891187,1.3296400270203463,0.0053518739084768676,0.9233187392625686,0.9231934933424645,0.9234439851826727,0.00014288693431490187,0.9703505998547008,0.969746145364705,0.9709550543446966,0.0006895925147630569,0.6894197952218428,0.6883173493337346,0.6905222411099511,0.0012577265037373624,13.790748873021235,13.768696192645116,13.812801553397353,0.025158822656671388,0.604,0.59616,0.6118399999999999,0.008944271909999166,637.20792,628.9368767999999,645.4789632,9.436027979610918,0.628,0.62408,0.63192,0.004472135954999584,331.26372,329.1959592,333.33148079999995,2.3590069949027295,0.6336,0.6282826532932299,0.6389173467067703,0.006066300355241246,133.68706560000004,132.56512671425835,134.80900448574172,1.2799651097544824,0.698,0.6958529275745797,0.7001470724254202,0.0024494897427831805,73.637604,73.41109215326301,73.86411584673698,0.2584162688841387
primary,uptake(mmol/g) methane at 65 bar,17,5000,topology_only,ridge,topology_only | ridge,5,5.558652481470023,5.555654883406974,5.561650079533073,0.003419812774591632,4.324533200364693,4.3219078281367524,4.327158572592633,0.002995158555057815,0.30811591280147965,0.3073697422218198,0.3088620833811395,0.0008512694586377223,0.5387175322913373,0.537046829149499,0.5403882354331757,0.0019060233649862799,0.2166856276071293,0.2113589250178762,0.22201233019638242,0.0060769740232112695,4.334452093533737,4.227899861876357,4.441004325191117,0.12156022098990196,0.096,0.08816,0.10384,0.00894427190999916,101.27808,93.0070368,109.54912320000001,9.436027979610918,0.20600000000000002,0.19816000000000003,0.21384,0.008944271909999153,108.66293999999998,104.52741839999999,112.79846159999997,4.718013989805451,0.19119999999999998,0.1824697454790825,0.19993025452091745,0.009959919678390983,40.3424352,38.500386417104494,42.1844839828955,2.101503212461785,0.1464,0.13637521790760518,0.15642478209239483,0.011436782764396638,15.444907200000003,14.387312738816533,16.502501661183473,1.2065577080783167
primary,uptake(mmol/g) methane at 65 bar,17,5000,topology_only,rf,topology_only | rf,5,5.561757806052809,5.559979920294499,5.5635356918111185,0.002028302761127859,4.330272533949724,4.325659230185197,4.334885837714252,0.005263092254254101,0.30734279496151273,0.30689993154528605,0.3077856583777394,0.0005052411752197034,0.5377609849062195,0.5361448247553807,0.5393771450570582,0.0018437979386744057,0.21410693970420933,0.20652486860967434,0.2216890107987443,0.008650013457967575,4.282869534492734,4.131202235226286,4.434536833759183,0.17302979138958346,0.092,0.07632,0.10768,0.017888543819998312,97.05816,80.5160736,113.6002464,18.87205595922183,0.194,0.1738205649236655,0.21417943507633452,0.023021728866442673,102.33306,91.68860979158431,112.9775102084157,12.143731759759847,0.1848,0.17280710610402977,0.1967928938959702,0.013682105101189657,38.992060800000004,36.461608159525866,41.52251344047414,2.886869447930614,0.14479999999999998,0.13750837850680658,0.15209162149319339,0.008318653737234165,15.276110399999999,14.506858915711081,16.045361884288916,0.8776013319707292
primary,uptake(mmol/g) methane at 65 bar,17,5000,topology_only,mlp,topology_only | mlp,5,5.57660955530993,5.568719189114503,5.584499921505357,0.00900173223486761,4.330839659450608,4.325360291298081,4.336319027603135,0.006251142685101012,0.3036372266263941,0.30166798347439827,0.3056064697783899,0.002246613036779896,0.5389902011150081,0.5369537104614701,0.541026691768546,0.002323332416762219,0.2098596890405764,0.19924732959049257,0.2204720484906602,0.012107120985739649,4.197910025484022,3.9856266168255194,4.410193434142525,0.24218374094682632,0.124,0.09519400062486982,0.15280599937513017,0.03286335345030996,130.81752,100.42776677922518,161.20727322077482,34.67018062300801,0.20800000000000002,0.19232000000000002,0.22368000000000002,0.01788854381999832,109.71792,101.44687680000001,117.9889632,9.436027979610909,0.18,0.17008309725771195,0.18991690274228804,0.011313708498984772,37.97928,35.88685318898819,40.071706811011815,2.3871472384517918,0.1408,0.11945128987502993,0.1621487101249701,0.024355697485393433,14.854118399999999,12.601872179235905,17.106364620764094,2.5694773733140375
primary,uptake(mmol/g) methane at 65 bar,17,5000,topology_only,hgb,topology_only | hgb,5,5.644719216836797,5.627183902900285,5.662254530773309,0.020005180596346823,4.383986747106835,4.374147985637049,4.393825508576621,0.011224560949411632,0.2865176806254703,0.28209417408803567,0.2909411871629049,0.0050465618962339314,0.5203878899638716,0.5172587599085056,0.5235170200192377,0.0035698711807327465,0.1682973075464543,0.15746392478071627,0.17913069031219234,0.012359275658400474,3.3665205444702004,3.149815915152826,3.5832251737875747,0.24722769499619515,0.028000000000000004,-0.026879999999999994,0.08288000000000001,0.06260990336999411,29.539440000000003,-28.35786239999999,87.4367424,66.05219585727639,0.046,-0.04415999999999999,0.13616,0.10285912696499032,24.264540000000004,-23.2939584,71.8230384,54.257160882762754,0.04240000000000001,-0.02317540221759984,0.10797540221759985,0.07481176378083863,8.946230400000001,-4.8899171663046985,22.7823779663047,15.784982910701832,0.053200000000000004,0.01426352578879285,0.09213647421120716,0.04442071588797281,5.6124936000000005,1.5047734436660676,9.720213756333933,4.686296684749356
primary,uptake(mmol/g) methane at 65 bar,17,10000,geometry_plus_topology,mlp,geometry_plus_topology | mlp,5,1.0488045088105435,1.0346529698052438,1.0629560478158433,0.016144797552086726,0.7712141250569021,0.7634910899017644,0.7789371602120398,0.008810832448728876,0.9753642620396932,0.974698046303255,0.9760304777761314,0.0007600528950795297,0.9889924352424565,0.9887392519122784,0.9892456185726346,0.00028884445767757874,0.833295411452408,0.8285153199887759,0.8380755029160402,0.005453372169054985,16.668752240691344,16.573134097113364,16.764370384269323,0.10908605557280306,0.808,0.7923200000000001,0.82368,0.017888543819998277,852.4238399999998,835.8817535999999,868.9659263999997,18.872055959221775,0.828,0.820666351521923,0.8353336484780769,0.008366600265340763,436.76171999999997,432.8932937642992,440.63014623570075,4.413297973964598,0.8368,0.8315995323287227,0.8420004676712772,0.005932958789676535,176.5614528,175.46417492323118,177.65873067676884,1.2518305727865897,0.8436,0.8371112454199593,0.8500887545800407,0.007402702209328706,88.99811280000002,88.31356216931488,89.68266343068515,0.7809702776797568
primary,uptake(mmol/g) methane at 65 bar,17,10000,geometry_plus_topology,rf,geometry_plus_topology | rf,5,1.059054541117208,1.0543690978654126,1.0637399843690036,0.005345392661088131,0.7733969911683207,0.7718216995447562,0.7749722827918852,0.0017971730381001125,0.9748846249204988,0.9746625530116751,0.9751066968293224,0.00025335096123606715,0.9887095735576755,0.9886806747831843,0.9887384723321667,3.296919603504239e-05,0.8323094425483504,0.8291788773765826,0.8354400077201182,0.003571508434727661,16.64902949752861,16.58640750957048,16.711651485486737,0.0714423581431357,0.828,0.8183980002082899,0.83760199979171,0.010954451150103331,873.5234399999999,863.3935222597416,883.6533577402582,11.55672687433601,0.79,0.760275128259318,0.8197248717406821,0.033911649915626334,416.7171,401.03752740550766,432.3966725944924,17.888056213993725,0.8055999999999999,0.7964570674288824,0.8147429325711173,0.010430723848324209,169.97837760000002,168.04925539922453,171.9074998007755,2.200841009101008,0.8184000000000001,0.8093414915134998,0.8274585084865005,0.01033440854621101,86.33956320000001,85.3839086716912,87.29521772830883,1.0902594328081676
primary,uptake(mmol/g) methane at 65 bar,17,10000,geometry_plus_topology,hgb,geometry_plus_topology | hgb,5,1.0599576418569279,1.051081285933989,1.0688339977798667,0.01012659961029287,0.7634888253665628,0.7617815479302875,0.7651961028028381,0.0019477491856954973,0.9748404484800618,0.9744188341957692,0.9752620627643543,0.0004809990816138115,0.9893415326570457,0.9892884821474256,0.9893945831666658,6.0522727424342544e-05,0.8390595373530527,0.8378937656883936,0.8402253090177119,0.0013299717798066213,16.784054431488876,16.76073501945281,16.807373843524942,0.02660397474896386,0.5599999999999999,0.4664112827313035,0.6535887172686964,0.10677078252031309,590.7888,492.05457505587066,689.5230249441294,112.64104014327992,0.63,0.5601513636496747,0.6998486363503253,0.07968688725254611,332.3187,295.47424281156685,369.1631571884331,42.03403615684555,0.7432000000000001,0.7293074846050113,0.7570925153949889,0.015849290204927174,156.81222720000002,153.88096202171897,159.74349237828108,3.344136836078813,0.8092,0.7980710654598027,0.8203289345401974,0.012696456198483058,85.36898160000001,84.19490126387826,86.54306193612176,1.3394507360275671
primary,uptake(mmol/g) methane at 65 bar,17,10000,enriched_interpretable,rf,enriched_interpretable | rf,5,1.0892723610038393,1.0837849320421273,1.0947597899655512,0.0062603388673924554,0.7988856475451213,0.7962861986565664,0.8014850964336762,0.002965583887165825,0.9734307920446252,0.9731631545564355,0.9736984295328149,0.0003053344984282982,0.9878100719247994,0.9877588066596342,0.9878613371899646,5.848602948669097e-05,0.8309442548350399,0.8281891425205926,0.8336993671494871,0.0031431726636484184,16.62172108391866,16.566609434516014,16.67683273332131,0.062874180824721,0.8240000000000001,0.8093327030438462,0.8386672969561539,0.016733200530681485,869.3035199999998,853.8298150571967,884.777224942803,17.65319189585835,0.788,0.7486044875652061,0.8273955124347939,0.044944410108488465,415.6621200000001,394.88138114577066,436.4428588542295,23.707726888126572,0.8064,0.8005330812175384,0.8122669187824616,0.0066932802122726094,170.1471744,168.90927800457575,171.38507079542427,1.4122553516686807,0.8196,0.8118190221694186,0.8273809778305814,0.008876936408468825,86.46616080000001,85.64528320082933,87.2870383991707,0.9364990372206465
primary,uptake(mmol/g) methane at 65 bar,17,10000,enriched_interpretable,hgb,enriched_interpretable | hgb,5,1.1011119902834763,1.0921291066696246,1.110094873897328,0.01024813183394973,0.7991551186979688,0.7963615834665421,0.8019486539293956,0.003187007487250458,0.9728489117170035,0.9724062090329519,0.973291614401055,0.0005050578037554992,0.9881969049737964,0.9881716424523797,0.9882221674952132,2.8820773046437185e-05,0.8288964732650739,0.8257134075323084,0.8320795389978394,0.0036314037527111734,16.58075846350375,16.517086285142867,16.64443064186463,0.07264046892368681,0.56,0.4706102466722276,0.6493897533277725,0.10198039027185571,590.7888,496.48439803426663,685.0932019657334,107.58727212900237,0.6340000000000001,0.5787015949597099,0.6892984050402904,0.06308724118235001,334.4286599999999,305.2593043252972,363.59801567470265,33.27788885127782,0.7424000000000002,0.7276075175849354,0.757192482415065,0.016876018487783202,156.6434304,153.52227578035098,159.76458501964902,3.560772396848309,0.8028000000000001,0.7912642718478633,0.8143357281521368,0.01316054710108967,84.6937944,83.47679815140589,85.91079064859412,1.3884113980707555
primary,uptake(mmol/g) methane at 65 bar,17,10000,enriched_interpretable,mlp,enriched_interpretable | mlp,5,1.1115874330433724,1.0863138457988792,1.1368610202878655,0.028833397507121623,0.8249173372782979,0.8075526314230009,0.8422820431335948,0.019810542194761523,0.9723168744700044,0.9710647326289161,0.9735690163110926,0.0014285072827270103,0.9874339040952538,0.9870556752133022,0.9878121329772054,0.00043150280158036193,0.8200985968904057,0.8098787175511593,0.830318476229652,0.011659359655306413,16.40477090912856,16.200338442209368,16.60920337604775,0.23322698614249485,0.828,0.8123199999999999,0.84368,0.017888543819998333,873.5234399999999,856.9813535999999,890.0655264,18.872055959221836,0.828,0.8165713342861032,0.8394286657138967,0.01303840481040527,436.76171999999997,430.73321312257656,442.7902268774234,6.877628153440674,0.8288,0.823038800124974,0.834561199875026,0.006572670690062,174.8734848,173.657894671169,176.089074928831,1.3868072249203303,0.8168,0.8076402759866904,0.8259597240133095,0.010449880382090455,86.1707664,85.20443383604388,87.13709896395613,1.1024414805497762
primary,uptake(mmol/g) methane at 65 bar,17,10000,geometry_only,rf,geometry_only | rf,5,1.1311884498082956,1.1254094663990153,1.1369674332175759,0.006592959053058174,0.8416088894883635,0.83787177454575,0.8453460044309771,0.004263491352762239,0.9713466179796815,0.9710538738709941,0.9716393620883689,0.00033397741175383643,0.9865246602185154,0.9864729280414073,0.9865763923956234,5.901870644780019e-05,0.8313993174061434,0.8284958081934118,0.8343028266188749,0.0033124714147777946,16.630823888455307,16.572743794612922,16.688903982297692,0.0662607336587462,0.828,0.7986654060876923,0.8573345939123076,0.03346640106136301,873.5234399999999,842.5760301143936,904.4708498856063,35.30638379171674,0.7959999999999999,0.7617140028583096,0.8302859971416903,0.03911521443121589,419.8820400000001,401.79651936772984,437.9675606322703,20.63288446032206,0.82,0.810083097257712,0.8299169027422879,0.011313708498984712,173.01672000000002,170.92429318898823,175.1091468110118,2.387147238451776,0.8231999999999999,0.8174388001249739,0.8289611998750259,0.006572670690061999,86.8459536,86.2381585355845,87.4537486644155,0.6934036124601559
primary,uptake(mmol/g) methane at 65 bar,17,10000,geometry_only,hgb,geometry_only | hgb,5,1.1481219944562548,1.1385834788088793,1.1576605101036304,0.010882025199988378,0.8453949285093472,0.8403793919856622,0.8504104650330321,0.005721979903363554,0.9704810131214415,0.969992294894806,0.9709697313480771,0.0005575546819389087,0.986942383468986,0.9868494772474616,0.9870352896905104,0.00010599215656181829,0.8298824421691317,0.8268669315859539,0.8328979527523094,0.0034402482912527245,16.600481206666483,16.540160703157934,16.660801710175033,0.06881670728679981,0.528,0.41533835435251265,0.6406616456474874,0.12853015210447705,557.02944,438.17365707481383,675.8852229251862,135.59673986718118,0.616,0.5526098304151188,0.6793901695848812,0.07231873892705817,324.93384,291.49615944567097,358.371520554329,38.14741159663393,0.7472,0.7304950958099126,0.7639049041900874,0.01905780679931457,157.6562112,154.1315432355083,161.1808791644917,4.021121003428187,0.8012,0.7913921631334937,0.8110078368665063,0.01118928058455947,84.5249976,83.49029042625733,85.55970477374268,1.1804467231098559
primary,uptake(mmol/g) methane at 65 bar,17,10000,geometry_only,mlp,geometry_only | mlp,5,1.1933016630822444,1.1741657772117273,1.2124375489527615,0.0218311947021194,0.883561050965773,0.870529434970164,0.896592666961382,0.014867132256558824,0.9681058577810424,0.9670890222445517,0.9691226933175331,0.0011600578477196498,0.9862736852717952,0.9860115950805745,0.9865357754630159,0.0002990058590844194,0.8111490329920364,0.8048905502476085,0.8174075157364644,0.007139996353341992,16.22574908657449,16.100558071676563,16.350940101472414,0.14282429565507646,0.736,0.72816,0.74384,0.008944271909999166,776.46528,768.1942368,784.7363232,9.436027979610918,0.712,0.6975970003124349,0.726402999687565,0.016431676725154998,375.57288,367.9754416948063,383.1703183051937,8.667545155752006,0.7407999999999999,0.7266879999999999,0.7549119999999999,0.0160996894379985,156.3058368,153.32826124800002,159.283412352,3.3969700726599297,0.784,0.7631096730518645,0.8048903269481356,0.02383275057562595,82.71043200000001,80.5065442876256,84.91431971237442,2.514307520227388
primary,uptake(mmol/g) methane at 65 bar,17,10000,geometry_plus_topology,ridge,geometry_plus_topology | ridge,5,1.5069892523469923,1.5043233253670163,1.5096551793269684,0.003041425484835391,1.0930570871401446,1.089174697519486,1.0969394767608032,0.004429228115781766,0.9491470807447089,0.9489671317971167,0.9493270296923011,0.0002052949384162199,0.9805726082551732,0.9802787875804577,0.9808664289298887,0.00033520561319324703,0.7689799014031096,0.7668593043966123,0.7711004984096068,0.002419285234393106,15.382222532845137,15.339803355182747,15.424641710507528,0.04839396163405407,0.6479999999999999,0.6039981091315384,0.6920018908684614,0.05019960159204452,683.62704,637.2059251715904,730.0481548284096,52.95957568757517,0.652,0.6351394424765965,0.6688605575234036,0.01923538406167136,343.92348000000004,335.0297045119799,352.8172554880202,10.146472738691049,0.6224000000000001,0.6014215897647129,0.6433784102352872,0.023933240482642566,131.3239104,126.89754975399534,135.75027104600463,5.049818008875652,0.6608,0.6477634213077204,0.6738365786922798,0.014872793954062578,69.71307840000001,68.3377454211219,71.08841137887813,1.569050016565695
primary,uptake(mmol/g) methane at 65 bar,17,10000,enriched_interpretable,ridge,enriched_interpretable | ridge,5,1.5778836372539637,1.576700210091873,1.5790670644160545,0.0013501140718644568,1.145571279911585,1.1425564938722783,1.1485860659508915,0.003439421694646492,0.9442500652646035,0.9441664667288318,0.9443336638003753,9.537347388012378e-05,0.9798039340220512,0.9795051330628399,0.9801027349812625,0.0003408873757850582,0.7388699279484262,0.7381416761629344,0.7395981797339181,0.0008308267842323277,14.77992029933695,14.76535277812614,14.794487820547761,0.01661937127094117,0.68,0.6624692270564018,0.6975307729435983,0.019999999999999962,717.3864,698.8917851599626,735.8810148400373,21.099599999999953,0.642,0.6275970003124349,0.6564029996875651,0.016431676725154998,338.64858,331.05114169480623,346.24601830519373,8.667545155752038,0.6032,0.5792398517533801,0.6271601482466198,0.027334959301231844,127.2727872,122.2172917605562,132.3282826394438,5.767567072722713,0.6212000000000001,0.6062422333217824,0.6361577666782178,0.017064583206161246,65.5353576,63.957343130981386,67.11337206901861,1.8002793990835995
primary,uptake(mmol/g) methane at 65 bar,17,10000,geometry_only,ridge,geometry_only | ridge,5,1.8495419531351327,1.8488464008314098,1.8502375054388556,0.0007935215474647977,1.3242166873587302,1.3219388433026311,1.3264945314148293,0.0025986806895823907,0.9234010879085861,0.9233434669438216,0.9234587088733506,6.573693578700603e-05,0.9705418108753271,0.970144913892943,0.9709387078577112,0.00045280032279357215,0.6891922639362912,0.6879800291011229,0.6904044987714595,0.0013829793347599627,13.78619747075291,13.761948636729288,13.810446304776532,0.02766430676118858,0.6,0.6,0.6,0.0,632.9879999999999,632.9879999999999,632.9879999999999,0.0,0.626,0.621199000104145,0.630800999895855,0.005477225575051666,330.20874,327.67626056493543,332.7412194350645,2.8891817185840023,0.6328,0.6260557769906386,0.6395442230093614,0.007694153624668545,133.51826880000002,132.0952647219168,134.94127287808323,1.6234356381905641,0.6971999999999999,0.6952011843506716,0.6991988156493283,0.002280350850198278,73.5532056,73.34233454662716,73.76407665337284,0.2405724539942157
primary,uptake(mmol/g) methane at 65 bar,17,10000,topology_only,ridge,topology_only | ridge,5,5.541396111638681,5.536727683374607,5.546064539902756,0.005325981095179203,4.316287941554124,4.313007274298852,4.319568608809397,0.003742752548136103,0.3124047369952368,0.3112456655609168,0.3135638084295568,0.0013223278152641202,0.5416313247985183,0.5409203229518581,0.5423423266451785,0.0008111471741122972,0.2216913158892681,0.21791159090105747,0.22547104087747874,0.0043121030662722284,4.434582943436861,4.3589755435873645,4.510190343286357,0.08625677840075588,0.088,0.06141326646614895,0.11458673353385104,0.030331501776206204,92.83824,64.78976785645781,120.88671214354218,31.999127743862022,0.20400000000000001,0.19616000000000003,0.21184,0.008944271909999153,107.60796,103.47243840000002,111.7434816,4.718013989805451,0.2016,0.19212689195670185,0.21107310804329815,0.010807404868885035,42.5367936,40.53800569529627,44.535581504703735,2.2803191977152677,0.16040000000000001,0.15403075389076543,0.1667692461092346,0.007266360849833975,16.9218792,16.24993647396797,17.593821926032028,0.7665865369357842
primary,uptake(mmol/g) methane at 65 bar,17,10000,topology_only,mlp,topology_only | mlp,5,5.55110847200204,5.539722351554948,5.5624945924491325,0.012989866999846012,4.320638311981449,4.31686846228836,4.324408161674539,0.00430083682586987,0.3099898266181743,0.30715828636139714,0.3128213668749515,0.0032303655587658238,0.5405317020999728,0.5392534903193101,0.5418099138806355,0.0014582491995932267,0.2162305650360258,0.20531589519710886,0.22714523487494276,0.012452012097849496,4.32534928899709,4.107018640785854,4.543679937208327,0.249082740291795,0.1,0.08760387157213996,0.11239612842786005,0.014142135623730947,105.498,92.4203324311762,118.5756675688238,14.91967024032368,0.21200000000000002,0.20808000000000001,0.21592000000000003,0.004472135954999584,111.82788000000001,109.7601192,113.89564080000001,2.359006994902729,0.1896,0.173609474805373,0.20559052519462698,0.018242806801586214,40.004841600000006,36.630904746034496,43.378778453965516,3.849159263907484,0.15560000000000002,0.13827200369344456,0.17292799630655548,0.019768662069042507,16.415488800000002,14.587419845651013,18.24355775434899,2.085554310959847
primary,uptake(mmol/g) methane at 65 bar,17,10000,topology_only,rf,topology_only | rf,5,5.553367387111852,5.550603799290422,5.556130974933281,0.003152841954340231,4.325995808445747,4.3224156507910765,4.329575966100417,0.00408442647245372,0.3094309871278599,0.3087436327765989,0.3101183414791209,0.0007841689051274662,0.5394451419099136,0.5383735976362689,0.5405166861835582,0.0012224723656990414,0.21357603337125522,0.20806179984795706,0.21909026689455338,0.006290918878521868,4.272249595866644,4.161946105491045,4.382553086242244,0.12583984828333364,0.08,0.058529275745797485,0.10147072425420252,0.024494897427831782,84.3984,61.74721532630143,107.04958467369856,25.841626888413977,0.188,0.1735970003124349,0.2024029996875651,0.01643167672515498,99.16812,91.5706816948063,106.76555830519371,8.667545155751997,0.1888,0.174688,0.20291199999999998,0.016099689437998485,39.8360448,36.858469248000006,42.813620352,3.3969700726599297,0.14600000000000002,0.14074076811692052,0.15125923188307952,0.0059999999999999915,15.402708,14.84786955479888,15.957546445201121,0.6329879999999992
primary,uptake(mmol/g) methane at 65 bar,17,10000,topology_only,hgb,topology_only | hgb,5,5.587317614699249,5.582748172935452,5.5918870564630465,0.0052130522464674854,4.34725523701494,4.3420389830315544,4.352471490998325,0.005950968619772311,0.300961354351846,0.29981842111849566,0.30210428758519636,0.0013039165324056148,0.5313645934516587,0.5283729941136994,0.5343561927896179,0.0034129691230204593,0.20022753128555176,0.1948935737229734,0.20556148884813014,0.006085250866849148,4.005233996124979,3.8985366402400925,4.111931352009866,0.12172578611127262,0.084,0.06933270304384614,0.09866729695615387,0.016733200530681516,88.61832,73.1446150571968,104.09202494280319,17.653191895858384,0.196,0.18816,0.20384000000000002,0.008944271909999166,103.38804,99.2525184,107.52356160000001,4.718013989805459,0.17439999999999997,0.16969599999999996,0.17910399999999999,0.0053665631459995,36.797702400000006,35.805177216000004,37.79022758400001,1.1323233575533114,0.1336,0.12632948309953138,0.14087051690046862,0.008294576541331087,14.094532800000001,13.327507808034362,14.861557791965641,0.8750612359573473
primary,uptake(mmol/g) methane at 65 bar,17,20000,geometry_plus_topology,mlp,geometry_plus_topology | mlp,5,0.9897042168151116,0.9778317041825619,1.0015767294476612,0.013544768015360227,0.7324260787684563,0.7232172724095085,0.7416348851274042,0.010505876025632481,0.9780633617156985,0.977538142986974,0.9785885804444231,0.0005991963165735358,0.9899694710720087,0.9898356829488792,0.9901032591951382,0.00015263231525495366,0.8500568828213879,0.8411450922159572,0.8589686734268186,0.010167025303564768,17.004038874457866,16.825772646681656,17.182305102234075,0.2033752058163589,0.836,0.8071940006248698,0.8648059993751301,0.03286335345030996,881.9632799999999,851.5735267792252,912.3530332207747,34.670180623007994,0.8320000000000001,0.8093113596705312,0.8546886403294689,0.02588435821108955,438.8716799999999,426.90364911260843,450.8397108873914,13.65374011276762,0.8448,0.8288479598796894,0.8607520401203106,0.01819890106572374,178.24942080000002,174.88360414277497,181.61523745722508,3.839895329263446,0.8432000000000001,0.8379995323287228,0.8484004676712773,0.005932958789676535,88.9559136,88.40727466161559,89.50455253838442,0.6259152863932929
primary,uptake(mmol/g) methane at 65 bar,17,20000,geometry_plus_topology,rf,geometry_plus_topology | rf,5,1.0075129474729851,1.0022515581252502,1.01277433682072,0.006002461345728951,0.7351706522898818,0.7332325719240858,0.7371087326556778,0.0022110609407027864,0.9772695639287917,0.9770325614852386,0.9775065663723448,0.0002703844768460227,0.9895589765267341,0.9895322996088189,0.9895856534446492,3.0434388718535788e-05,0.8466439135381115,0.8452613535280256,0.8480264735481975,0.00157729498241071,16.93576784043301,16.908111921596443,16.963423759269574,0.03155128290753956,0.8560000000000001,0.83679600041658,0.8752039995834202,0.021908902300206663,903.0628799999998,882.8030445194833,923.3227154805164,23.113453748672015,0.806,0.7900768847269136,0.8219231152730865,0.01816590212458491,425.15694,416.75765592459965,433.5562240754004,9.58233171169729,0.8168,0.8084291706504074,0.8251708293495925,0.009549869109050615,172.3415328,170.5753212905534,174.10774430944662,2.01498418253324,0.8416,0.8347652464565283,0.8484347535434718,0.007797435475847178,88.7871168,88.06606397067083,89.50816962932919,0.8226138478309238
primary,uptake(mmol/g) methane at 65 bar,17,20000,geometry_plus_topology,hgb,geometry_plus_topology | hgb,5,1.0282378820905,1.0182760438422045,1.0381997203387956,0.011364973216350261,0.7442534392755158,0.7420766072408798,0.7464302713101518,0.0024834410229823745,0.9763231563370752,0.9758636298606381,0.9767826828135123,0.0005242512442725634,0.9897252640658987,0.9896870084639707,0.9897635196678266,4.3643942056674404e-05,0.8500568828213879,0.844872082995506,0.8552416826472699,0.00591508411244957,17.004038874457866,16.90032518237768,17.10775256653805,0.11832187024937502,0.604,0.5453308121753846,0.6626691878246154,0.06693280212272606,637.20792,575.3131002287871,699.1027397712128,70.61276758343355,0.654,0.617541892534033,0.690458107465967,0.04159326868617085,344.97846,325.74717289277703,364.20974710722294,21.94003329926828,0.756,0.7372822565462607,0.7747177434537393,0.02135415650406264,159.512976,155.56360700223485,163.46234499776517,4.505641605731199,0.8211999999999999,0.8084615077815308,0.833938492218469,0.014532721699667918,86.6349576,85.29107214793595,87.97884305206406,1.5331730738715694
primary,uptake(mmol/g) methane at 65 bar,17,20000,enriched_interpretable,rf,enriched_interpretable | rf,5,1.0429370532074418,1.0382775271172067,1.047596579297677,0.005315825041173347,0.7640575923719792,0.7626958230512013,0.7654193616927571,0.001553575903537263,0.975643247429883,0.9754260965484959,0.97586039831127,0.0002477368021201557,0.9885826685255241,0.9885467863319116,0.9886185507191366,4.093623678544e-05,0.8426241941600304,0.8410829190347926,0.8441654692852683,0.0017583652816639435,16.85535973369262,16.824528970863202,16.886190496522037,0.03517330687997394,0.852,0.83632,0.86768,0.017888543819998333,898.84296,882.3008735999999,915.3850464,18.872055959221836,0.8019999999999999,0.7863199999999999,0.81768,0.01788854381999829,423.04697999999996,414.77593679999995,431.31802319999997,9.436027979610895,0.8168,0.806458329728714,0.8271416702712859,0.011798304963002063,172.34153279999998,170.15948173943974,174.52358386056022,2.489395153973584,0.8384,0.8344023687013433,0.8423976312986567,0.004560701700396556,88.44952320000002,88.02778109325433,88.8712653067457,0.4811449079884345
primary,uptake(mmol/g) methane at 65 bar,17,20000,enriched_interpretable,mlp,enriched_interpretable | mlp,5,1.0523447879926155,1.0451989249843212,1.0594906510009099,0.00815236502267724,0.7854579652984743,0.7797972872811605,0.7911186433157882,0.006457990227271648,0.9752011738977832,0.9748628622595679,0.9755394855359985,0.00038596317379014787,0.9884177789891225,0.9883105686885416,0.9885249892897034,0.0001223109795852415,0.8320819112627985,0.8284910686742213,0.8356727538513757,0.004096616390081574,16.64447809526028,16.57264898805328,16.716307202467277,0.08194630942753589,0.828,0.8080118435067163,0.8479881564932836,0.022803508501982747,873.5234399999999,852.4363346627155,894.6105453372844,24.05724539942175,0.826,0.8211990001041449,0.830800999895855,0.005477225575051666,435.70673999999997,433.1742605649354,438.2392194350645,2.8891817185840023,0.8336,0.8277330812175384,0.8394669187824616,0.0066932802122726094,175.88626560000003,174.64836920457577,177.1241619954243,1.4122553516686807,0.8335999999999999,0.8255282259694661,0.8416717740305337,0.009208691546577078,87.9431328,87.09157678332674,88.79468881667326,0.9714985407807921
primary,uptake(mmol/g) methane at 65 bar,17,20000,enriched_interpretable,hgb,enriched_interpretable | hgb,5,1.0749049209344705,1.0661592546080598,1.0836505872608813,0.009977502252237256,0.7815880361749173,0.7792938742011903,0.7838821981486443,0.00261729700237175,0.9741259626974077,0.9737045425401994,0.974547382854616,0.000480777611533786,0.9885375917257276,0.9884759616798405,0.9885992217716147,7.031070003058256e-05,0.8414865377322716,0.8396209476844823,0.8433521277800609,0.0021283602882673277,16.832602722351005,16.79528455419369,16.86992089050832,0.04257446979363507,0.5760000000000001,0.5054400000000001,0.64656,0.08049844718999244,607.66848,533.2290912000001,682.1078688,84.92425181649821,0.65,0.6122986472391242,0.6877013527608759,0.043011626335213146,342.8685,322.9814134321656,362.75558656783437,22.688202775561603,0.76,0.748371400772234,0.771628599227766,0.013266499161421611,160.35696000000002,157.9033720773383,162.81054792266173,2.7991782570633084,0.8172,0.8055318251641485,0.8288681748358516,0.013311649033834944,86.2129656,84.98199649116734,87.44393470883267,1.4043523497715158
primary,uptake(mmol/g) methane at 65 bar,17,20000,geometry_only,rf,geometry_only | rf,5,1.0890207036692732,1.0867507998248942,1.0912906075136521,0.0025896220910302937,0.8088240133897863,0.8071428774421977,0.8105051493373748,0.001917925641952302,0.9734436489415973,0.9733329288938526,0.973554368989342,0.00012631507817818162,0.9872850336397537,0.9872595324684692,0.9873105348110383,2.9093036988844578e-05,0.8395904436860068,0.8376954724598706,0.8414854149121429,0.0021618798352277687,16.79467437011497,16.75676847811366,16.832580262116277,0.04324497513402727,0.86,0.8385292757457975,0.8814707242542025,0.024494897427831803,907.2828,884.6316153263014,929.9339846736985,25.841626888413984,0.8099999999999999,0.7936014634799321,0.8263985365200678,0.01870828693386968,427.26689999999996,418.6168359710294,435.91696402897054,9.868434274746914,0.8263999999999999,0.8210826532932297,0.8317173467067701,0.0060663003552412454,174.36709439999998,173.2451555142583,175.48903328574167,1.27996510975449,0.8448,0.8400634459783509,0.8495365540216491,0.005403702434442523,89.1247104,88.62501342382407,89.62440737617592,0.5700797994288138
primary,uptake(mmol/g) methane at 65 bar,17,20000,geometry_only,hgb,geometry_only | hgb,5,1.127258527285645,1.1218422841044218,1.1326747704668683,0.006179126497900335,0.8303971840295896,0.8294148103328375,0.8313795577263418,0.0011207420230844511,0.971545453927998,0.9712719582890061,0.9718189495669898,0.0003120177756813227,0.9872445718727343,0.9872052353204568,0.9872839084250118,4.487714535360191e-05,0.8378460371634434,0.836311947509159,0.8393801268177278,0.0017501677298770273,16.75978028605782,16.729093257171264,16.790467314944372,0.03500932786624256,0.5,0.40160878087959273,0.5983912191204073,0.11224972160321824,527.49,423.68923165235276,631.2907683476473,118.42121129696318,0.6439999999999999,0.6035460558165213,0.6844539441834785,0.046151923036857306,339.70356000000004,318.3645089826569,361.0426110173432,24.34467788271188,0.7535999999999999,0.7316200178344021,0.7755799821655978,0.02507588482985199,159.00658560000002,154.36889728298752,163.64427391701253,5.290911395559452,0.8131999999999999,0.8089780307912066,0.8174219692087933,0.004816637831516868,85.79097360000002,85.34556429241073,86.2363829075893,0.5081456579493646
primary,uptake(mmol/g) methane at 65 bar,17,20000,geometry_only,mlp,geometry_only | mlp,5,1.13523126037453,1.1271600202623813,1.1433025004866788,0.009208082425248698,0.8500431116328333,0.8443406140503401,0.8557456092153265,0.006505700120399509,0.971140705850914,0.9707304776060359,0.9715509340957922,0.00046800930706014,0.9870236259208728,0.9869420492201261,0.9871052026216195,9.306686135193495e-05,0.8238149412210845,0.821255245832299,0.8263746366098699,0.0029202310668454403,16.479110479511185,16.427907835573738,16.530313123448632,0.05841458799583984,0.744,0.7293327030438461,0.7586672969561539,0.016733200530681527,784.90512,769.4314150571968,800.3788249428032,17.65319189585839,0.7399999999999999,0.7236014634799319,0.7563985365200678,0.018708286933869726,390.3426,381.6925359710294,398.99266402897064,9.868434274746937,0.7832000000000001,0.7731599011957054,0.7932400988042948,0.011454256850621092,165.2520672,163.13364651268904,167.37048788731096,2.416802378453646,0.8156000000000001,0.8017740094025781,0.8294259905974221,0.015773395322504248,86.0441688,84.58555444395319,87.5027831560468,1.6640616597335511
primary,uptake(mmol/g) methane at 65 bar,17,20000,geometry_plus_topology,ridge,geometry_plus_topology | ridge,5,1.5030698971227185,1.5018562882599136,1.5042835059855235,0.0013845468955755375,1.0914706890729071,1.088585181773802,1.0943561963720123,0.0032919339134546135,0.9494113823081556,0.9493296659540791,0.9494930986622321,9.322618499413726e-05,0.9806859935193188,0.980611857927614,0.9807601291110237,8.457766459402169e-05,0.769283276450512,0.7685180343164075,0.7700485185846164,0.0008730272607676312,15.388291069202904,15.372983614772917,15.40359852363289,0.017463524830577185,0.664,0.6493327030438462,0.6786672969561539,0.016733200530681527,700.5067200000001,685.0330150571968,715.9804249428033,17.65319189585843,0.65,0.64380193578607,0.65619806421393,0.007071067811865481,342.8685,339.599083107794,346.13791689220596,3.729917560080941,0.628,0.619777338630346,0.636222661369654,0.009380831519646868,132.505488,130.7705393416485,134.24043665835154,1.9793179273194228,0.6672,0.6606876068914722,0.6737123931085278,0.00742967024840269,70.38826560000001,69.70122115183655,71.07531004816347,0.7838153518659856
primary,uptake(mmol/g) methane at 65 bar,17,20000,enriched_interpretable,ridge,enriched_interpretable | ridge,5,1.5769653511288761,1.5757777263570825,1.5781529759006698,0.0013549029191292357,1.1453753440132612,1.1430402597741927,1.1477104282523298,0.002663983210074443,0.9443149360578585,0.9442310332635153,0.9443988388522018,9.572058757837625e-05,0.9798668974924679,0.979770874330097,0.9799629206548388,0.00010954812167138078,0.7393249905195297,0.7379829836417472,0.7406669973973122,0.001531029900507134,14.789023103873598,14.762178386089696,14.8158678216575,0.030625823368165123,0.684,0.6761600000000001,0.69184,0.008944271909999116,721.6063200000002,713.3352768000002,729.8773632000002,9.436027979610866,0.646,0.6381600000000001,0.65384,0.008944271909999166,340.75854,336.6230184,344.8940616,4.718013989805459,0.6128,0.6000615077815308,0.6255384922184692,0.014532721699667973,129.29834879999999,126.61057789587186,131.9861197041281,3.0663461477431433,0.6255999999999999,0.6156521552082875,0.6355478447917123,0.011349008767288895,65.9995488,64.95007107016393,67.04902652983607,1.197297726931442
primary,uptake(mmol/g) methane at 65 bar,17,20000,geometry_only,ridge,geometry_only | ridge,5,1.8488315290364579,1.8482223713536072,1.8494406867193085,0.0006949581570767425,1.322668380397572,1.321941177812213,1.3233955829829311,0.000829629803202365,0.9234599237562726,0.9234094765675576,0.9235103709449877,5.7552726143184916e-05,0.9706334693893804,0.970607251147275,0.9706596876314859,2.9911107958332804e-05,0.6897990140310959,0.6889515571356866,0.6906464709265052,0.0009668220541510693,13.798334543468442,13.781382513215904,13.81528657372098,0.01933974081699444,0.6,0.6,0.6,0.0,632.9879999999999,632.9879999999999,632.9879999999999,0.0,0.624,0.619199000104145,0.628800999895855,0.005477225575051666,329.15376,326.62128056493543,331.6862394350645,2.8891817185840023,0.632,0.629520774314428,0.634479225685572,0.0028284271247461927,133.34947200000002,132.82636529724707,133.87257870275297,0.5967868096129514,0.6975999999999999,0.6942278884953191,0.7009721115046806,0.0038470768123342724,73.59540480000001,73.2396537804792,73.95115581952082,0.4058589095476418
primary,uptake(mmol/g) methane at 65 bar,17,20000,topology_only,ridge,topology_only | ridge,5,5.534252072227362,5.5317653849009805,5.536738759553744,0.0028369397451926555,4.31000108965128,4.308951604339723,4.311050574962837,0.0011973063765451971,0.3141768702023592,0.31356060004049996,0.3147931403642184,0.0007030724359295713,0.54288896733355,0.5421090032780629,0.543668931389037,0.0008898227796303886,0.22351156617368223,0.22110769171085018,0.22591544063651428,0.0027424626062593207,4.470994161583451,4.422908467977107,4.519079855189794,0.05485861206582215,0.1,0.08246922705640165,0.11753077294359836,0.019999999999999997,105.498,87.00338515996262,123.99261484003739,21.099600000000002,0.192,0.18466635152192307,0.19933364847807694,0.008366600265340763,101.27808,97.40965376429921,105.1465062357008,4.413297973964598,0.1968,0.18163816158904206,0.21196183841095795,0.017297398648351725,41.5240128,38.324925542641516,44.72310005735849,3.649681925207619,0.15999999999999998,0.14603027272993488,0.17396972727006507,0.01593737745050923,16.87968,15.405901712462674,18.353458287537325,1.681361446273823
primary,uptake(mmol/g) methane at 65 bar,17,20000,topology_only,mlp,topology_only | mlp,5,5.538966796036728,5.533020128850968,5.544913463222489,0.0067842612586368955,4.313340555011453,4.310459990709257,4.316221119313649,0.0032862946904440014,0.3130071635166459,0.31153162297861653,0.3144827040546753,0.0016833719115257057,0.5424670583081863,0.541766817370275,0.5431672992460976,0.0007988705805091887,0.21971937808115283,0.21528087412838925,0.2241578820339164,0.0050636717126433025,4.395137457111387,4.306352229578461,4.483922684644313,0.10129071640888206,0.1,0.08246922705640165,0.11753077294359836,0.019999999999999997,105.498,87.00338515996262,123.99261484003739,21.099600000000002,0.18800000000000003,0.17232000000000003,0.20368000000000003,0.017888543819998312,99.16812,90.89707680000001,107.4391632,9.436027979610905,0.184,0.17319330577836126,0.19480669422163874,0.012328828005937964,38.82326400000001,36.54309474601112,41.1034332539889,2.601333393940888,0.1496,0.14172089751304123,0.1574791024869588,0.008988882021697692,15.782500800000003,14.951271245830826,16.613730354169178,0.9483090755250626
primary,uptake(mmol/g) methane at 65 bar,17,20000,topology_only,rf,topology_only | rf,5,5.549753290771081,5.5471019726847794,5.552404608857382,0.0030247589137474325,4.322049092878385,4.320018764479699,4.32407942127707,0.002316302202096616,0.3103295444759821,0.30967065983118613,0.31098842912077806,0.0007516892117829508,0.5395046277050946,0.5380298036052283,0.5409794518049608,0.001682554562324351,0.21911262798634815,0.2158608797880709,0.2223643761846254,0.0037097602127859263,4.383000384395857,4.317954322313595,4.44804644647812,0.07420786555337325,0.09200000000000001,0.0626654060876923,0.12133459391230772,0.033466401061363026,97.05816000000002,66.11075011439364,128.0055698856064,35.30638379171676,0.21200000000000002,0.19899883082180686,0.22500116917819318,0.01483239697419133,111.82788000000001,104.96989327019489,118.68586672980513,7.823941079916185,0.18,0.17570585514915948,0.1842941448508405,0.004898979485566361,37.979279999999996,37.07323261305205,38.88532738694794,1.0336650755365604,0.14440000000000003,0.13723593858206118,0.15156406141793888,0.008173126696681018,15.2339112,14.478117048530287,15.989705351469713,0.8622485202464542
primary,uptake(mmol/g) methane at 65 bar,17,20000,topology_only,hgb,topology_only | hgb,5,5.563195971280604,5.558794415986041,5.567597526575167,0.00502151879865631,4.3290587729698355,4.326118722796937,4.331998823142734,0.0033541592060514496,0.3069841546099509,0.3058874169628964,0.30808089225700536,0.0012512142511719576,0.5377548397305478,0.5370831558477968,0.5384265236132989,0.0007662912353175379,0.21274175199089873,0.20996069454756278,0.21552280943423469,0.003172772190117837,4.255561120882791,4.199930480352443,4.311191761413139,0.06346627237638436,0.088,0.051647415497656834,0.12435258450234316,0.041472882706655445,92.83824,54.48699040171801,131.189489598282,43.75306179786736,0.20600000000000002,0.18314266857220643,0.2288573314277936,0.026076809620810597,108.66294,96.60592624515317,120.71995375484684,13.755256306881382,0.17839999999999998,0.17308265329322975,0.1837173467067702,0.0060663003552412454,37.641686400000005,36.51974751425831,38.763625285741696,1.2799651097544829,0.1368,0.13206344597835093,0.14153655402164908,0.0054037024344425165,14.432126400000001,13.932429423824068,14.931823376175934,0.5700797994288167
primary,uptake(mmol/g) methane at 65 bar,17,40000,geometry_plus_topology,mlp,geometry_plus_topology | mlp,5,0.9538556195499822,0.9468450604007346,0.9608661786992299,0.007998003478571856,0.7076216797498169,0.7039506582412705,0.7112927012583634,0.00418808859182335,0.9796256446893293,0.9793254019079422,0.9799258874707165,0.00034253228006902233,0.9904987125788809,0.9904451709984059,0.9905522541593559,6.108296610455486e-05,0.8590822904816079,0.8561409735671353,0.8620236073960805,0.0033556043694545016,17.184577831101375,17.12574145418764,17.24341420801511,0.06712353996372947,0.8400000000000001,0.8049384541128034,0.8750615458871968,0.03999999999999998,886.1832,849.1939703199253,923.1724296800749,42.19919999999996,0.836,0.8311990001041449,0.840800999895855,0.005477225575051666,440.98163999999997,438.4491605649354,443.5141194350645,2.8891817185840023,0.8544,0.8442988665982475,0.8645011334017526,0.011523888232710357,180.2749824,178.14368365676384,182.40628114323616,2.4314943215489464,0.8583999999999999,0.8500475479049562,0.8667524520950437,0.009528903399657285,90.5594832,89.67831620887708,91.44065019112293,1.0052802508570424
primary,uptake(mmol/g) methane at 65 bar,17,40000,geometry_plus_topology,rf,geometry_plus_topology | rf,5,0.9580100151342217,0.9554960693519362,0.9605239609165072,0.002868037582111796,0.6989167452548192,0.6972085881589617,0.7006249023506766,0.0019487527462172778,0.9794487909835523,0.9793410521037653,0.9795565298633393,0.00012291400970574864,0.9903675795980409,0.9903395632423259,0.9903955959537559,3.1962487684004525e-05,0.8605233219567691,0.8594617216746345,0.8615849222389036,0.0012111277529519406,17.213403378800763,17.19216774994892,17.234639007652607,0.024226688600857273,0.8640000000000001,0.8411426685722065,0.8868573314277937,0.026076809620810618,911.5027200000001,887.3886924903064,935.6167475096937,27.510512613762774,0.834,0.8158237077488284,0.8521762922511715,0.02073644135332771,439.92665999999997,430.33884760042946,449.5144723995705,10.938265449466828,0.8455999999999999,0.8379184001666319,0.8532815998333679,0.008763560920082666,178.41821760000002,176.7974307615587,180.03900443844134,1.8490762998937627,0.8543999999999998,0.8462335946708479,0.8625664053291517,0.0093166517590817,90.13749120000001,89.27595177058515,90.99903062941488,0.9828881272796
primary,uptake(mmol/g) methane at 65 bar,17,40000,geometry_plus_topology,hgb,geometry_plus_topology | hgb,5,0.9973574705577295,0.9947814248371412,0.9999335162783178,0.002938884359379068,0.7296759282591532,0.7291573901570183,0.730194466361288,0.0005915747169884123,0.9777259663888227,0.9776108207185563,0.9778411120590891,0.00013136405409718468,0.9900022352951805,0.9899824449157042,0.9900220256746568,2.2577874392613156e-05,0.8593098217671598,0.8566925020061547,0.8619271415281649,0.0029859718900310315,17.1891292333697,17.13677390531765,17.241484561421753,0.05972962883096189,0.724,0.6979976616436137,0.7500023383563863,0.029664793948382635,763.8055200000001,736.3735730807797,791.2374669192205,31.295764319664702,0.6940000000000001,0.6703172298917547,0.7176827701082454,0.027018512172212565,366.07806,353.5856355956017,378.5704844043983,14.251994985720401,0.7656000000000001,0.7564570674288826,0.7747429325711175,0.010430723848324247,161.5385376,159.60941539922453,163.4676598007755,2.2008410091010115,0.8304,0.8229211166608912,0.8378788833391089,0.008532291603080623,87.6055392,86.81653196549068,88.39454643450931,0.9001396995418004
primary,uptake(mmol/g) methane at 65 bar,17,40000,enriched_interpretable,rf,enriched_interpretable | rf,5,0.9976724242407566,0.9950810700752104,1.0002637784063029,0.0029563490142543824,0.7310563758009359,0.7291150819310733,0.7329976696707984,0.0022147270700592497,0.9777118946686908,0.9775961332268522,0.9778276561105294,0.00013206655771651004,0.9893148853124885,0.9892657932875608,0.9893639773374161,5.6006686169001134e-05,0.8559726962457338,0.8549644773024706,0.856980915188997,0.0011502275986426279,17.122375333434285,17.102207513548738,17.14254315331983,0.02300847766431538,0.8720000000000001,0.8520118435067163,0.8919881564932839,0.02280350850198278,919.9425599999998,898.8554546627154,941.0296653372843,24.05724539942178,0.8260000000000002,0.7992691638739079,0.8527308361260925,0.030495901363953793,435.70673999999997,421.60649125184756,449.8069887481524,16.08628301047198,0.8455999999999999,0.8392307538907653,0.8519692461092345,0.0072663608498339865,178.41821760000002,177.07433214793596,179.76210305206408,1.5331730738715665,0.8496,0.841918400166632,0.857281599833368,0.008763560920082665,89.6311008,88.82070738077934,90.44149421922066,0.9245381499468813
primary,uptake(mmol/g) methane at 65 bar,17,40000,enriched_interpretable,mlp,enriched_interpretable | mlp,5,1.0255308925559914,1.0112772884703998,1.039784496641583,0.016261238601914096,0.7659537381385293,0.7546029208286575,0.777304555448401,0.012949591380129844,0.9764452226172804,0.975790651309747,0.9770997939248138,0.0007467683366151143,0.9888216327487921,0.9885666118917341,0.9890766536058501,0.0002909408020724153,0.8392112248767539,0.8353634173611122,0.8430590323923957,0.004389775086382347,16.787088699667763,16.71011941690607,16.864057982429454,0.08781048389517752,0.828,0.80448,0.8515199999999999,0.02683281572999745,873.5234399999999,848.7103104,898.3365695999998,28.3080839388327,0.8320000000000001,0.82808,0.8359200000000001,0.004472135954999583,438.8716799999999,436.80391919999994,440.9394407999999,2.359006994902729,0.8400000000000001,0.8310610246672229,0.8489389753327773,0.01019803902718558,177.23664000000002,175.35055196068535,179.1227280393147,2.151745442580051,0.8443999999999999,0.8333542218019733,0.8554457781980266,0.012601587201618702,89.08251120000001,87.9172036916646,90.24781870833543,1.3294422465963704
primary,uptake(mmol/g) methane at 65 bar,17,40000,geometry_only,rf,geometry_only | rf,5,1.0477749588893128,1.0466597526503736,1.048890165128252,0.0012722841628571996,0.7774415139935897,0.7769017552108266,0.7779812727763529,0.000615784351893275,0.9754172363349897,0.9753648888134159,0.9754695838565635,5.972072280236901e-05,0.9880459471108558,0.9880193128563179,0.9880725813653937,3.0385716161638704e-05,0.8530906332954113,0.850404562035707,0.8557767045551157,0.0030644071066874183,17.064724238035517,17.010993645362728,17.118454830708306,0.06129860086107577,0.8720000000000001,0.8520118435067163,0.8919881564932839,0.02280350850198278,919.9425599999998,898.8554546627154,941.0296653372843,24.05724539942178,0.8200000000000001,0.790275128259318,0.8497248717406821,0.03391164991562631,432.54179999999997,416.8622274055076,448.2213725944923,17.888056213993718,0.8464,0.8424023687013433,0.8503976312986568,0.004560701700396555,178.5870144,177.74353018650862,179.43049861349135,0.9622898159768678,0.85,0.8435587827237392,0.8564412172762608,0.007348469228349541,89.6733,88.99376445978903,90.35283554021096,0.7752488066524218
primary,uptake(mmol/g) methane at 65 bar,17,40000,enriched_interpretable,hgb,enriched_interpretable | hgb,5,1.0506533458678913,1.048113988158934,1.0531927035768485,0.0028970288042942075,0.7692039529525461,0.7685625088924086,0.7698453970126835,0.0007317921031789389,0.9752818649221972,0.9751622374080109,0.9754014924363834,0.00013647717025501248,0.9887749516851976,0.9887322219647584,0.9888176814056368,4.8748244674213055e-05,0.8489950701554797,0.846210042606706,0.8517800977042534,0.0031773014889121434,16.982798997205688,16.927088941016734,17.03850905339464,0.06355687381062754,0.684,0.650278884953193,0.7177211150468071,0.03847076812334267,721.6063200000001,686.0312180479195,757.1814219520807,40.58589095476407,0.6719999999999999,0.6316411298473309,0.712358870152669,0.04604345773288534,354.47328,333.1843795831686,375.76218041683137,24.287463519519704,0.772,0.762083097257712,0.7819169027422881,0.011313708498984769,162.88891200000003,160.7964851889882,164.98133881101185,2.387147238451791,0.8272,0.8218538327747816,0.8325461672252185,0.0060991802727907675,87.2679456,86.7039356500739,87.8319555499261,0.643451320418881
primary,uptake(mmol/g) methane at 65 bar,17,40000,geometry_only,mlp,geometry_only | mlp,5,1.0887362499624476,1.0806507296173966,1.0968217703074985,0.00922437404336306,0.8189508405894784,0.8130591155792085,0.8248425655997483,0.0067215804222954334,0.9734561160532544,0.973061506900756,0.9738507252057529,0.00045019024976028163,0.9876068526134603,0.9874284819896746,0.9877852232372459,0.00020349430610902867,0.8344330678801668,0.8310059616091829,0.8378601741511507,0.003909817646957016,16.69150925203296,16.62295543000485,16.760063074061073,0.0782096970266731,0.7799999999999999,0.7552077431442799,0.80479225685572,0.028284271247461926,822.8844000000001,796.7290648623525,849.0397351376478,29.83934048064737,0.774,0.7661600000000001,0.78184,0.008944271909999166,408.27726,404.1417384,412.4127816,4.718013989805459,0.812,0.8054405853919729,0.8185594146080272,0.00748331477354783,171.328752,169.94474175536473,172.7127622446353,1.57894948395949,0.8363999999999999,0.8299112454199592,0.8428887545800406,0.007402702209328706,88.2385272,87.55397656931486,88.92307783068513,0.7809702776797603
primary,uptake(mmol/g) methane at 65 bar,17,40000,geometry_only,hgb,geometry_only | hgb,5,1.1048549212324725,1.104141099080744,1.105568743384201,0.000814364721994898,0.8168653402780919,0.8154976941741311,0.8182329863820527,0.001560280437560806,0.9726658948011287,0.9726305715835003,0.9727012180187572,4.0298528469967805e-05,0.9875380910249743,0.9874839681701315,0.987592213879817,6.174611355339152e-05,0.8461888509670079,0.8439270653661571,0.8484506365678587,0.00258036038471051,16.926665035896363,16.881421604474568,16.97190846731816,0.05161601438494265,0.58,0.5045972944782483,0.6554027055217516,0.08602325267042628,611.8884,532.3400537286625,691.4367462713376,90.75281110224635,0.662,0.647597000312435,0.6764029996875651,0.016431676725154998,349.19838,341.60094169480624,356.79581830519373,8.667545155752036,0.7527999999999999,0.7317047174941883,0.7738952825058115,0.02406657433038614,158.83778880000006,154.38676857240384,163.28880902759627,5.077950917414154,0.8240000000000001,0.815501642511638,0.8324983574883621,0.009695359714832631,86.930352,86.03379228169278,87.82691171830722,1.0228410591954114
primary,uptake(mmol/g) methane at 65 bar,17,40000,geometry_plus_topology,ridge,geometry_plus_topology | ridge,5,1.5015445305127773,1.5010906125316668,1.5019984484938878,0.0005178527867207429,1.0898274813083444,1.0882660821796166,1.0913888804370722,0.0017813237713492202,0.9495140377840767,0.9494835147420784,0.9495445608260751,3.482224325941482e-05,0.9808745499659877,0.9807912671132675,0.9809578328187079,9.501332655223353e-05,0.769283276450512,0.7689859689040577,0.7695805839969663,0.0003391836143344055,15.388291069202902,15.382343903572293,15.39423823483351,0.006784829909944679,0.668,0.65232,0.6836800000000001,0.017888543819998333,704.7266400000001,688.1845536000001,721.2687264000001,18.87205595922188,0.6479999999999999,0.6440799999999999,0.6519199999999999,0.004472135954999583,341.81352000000004,339.74575920000007,343.8812808,2.359006994902729,0.6264000000000001,0.6195652464565283,0.6332347535434718,0.007797435475847178,132.1678944,130.7257887413416,133.6100000586584,1.6452276956618614,0.6648000000000001,0.6607641129847331,0.668835887015267,0.004604345773288539,70.1350704,69.70929239166337,70.56084840833664,0.4857492703903999
primary,uptake(mmol/g) methane at 65 bar,17,40000,enriched_interpretable,ridge,enriched_interpretable | ridge,5,1.5765847198104714,1.5757816436619962,1.5773877959589466,0.0009161902342342162,1.14454884598115,1.1434167695989588,1.145680922363341,0.0012915304828067576,0.9443418319968926,0.9442851272908414,0.9443985367029438,6.469162110958912e-05,0.9799652743679381,0.979859064672875,0.9800714840630013,0.00012116943777082082,0.7398558968524839,0.7393858123463078,0.7403259813586599,0.0005362963831525075,14.799643042499685,14.790239747992185,14.809046337007185,0.010727758026132975,0.676,0.6681600000000001,0.68384,0.008944271909999166,713.1664800000001,704.8954368000001,721.4375232000001,9.436027979610918,0.6519999999999999,0.6480799999999999,0.65592,0.004472135954999584,343.92348000000004,341.8557192,345.99124080000007,2.359006994902755,0.6104,0.605696,0.6151040000000001,0.005366563145999499,128.7919584,127.79943321600001,129.784483584,1.1323233575533027,0.6284,0.6250278884953192,0.6317721115046807,0.0038470768123342724,66.2949432,65.9391921804792,66.65069421952082,0.4058589095476392
primary,uptake(mmol/g) methane at 65 bar,17,40000,geometry_only,ridge,geometry_only | ridge,5,1.8484216602852235,1.8480982903186678,1.8487450302517792,0.00036891695260230623,1.3218509901972777,1.3210549562892218,1.3226470241053336,0.0009081560871467772,0.9234938626501755,0.9234670924013828,0.9235206328989682,3.054086534443812e-05,0.9707294220032449,0.9705833151124265,0.9708755288940633,0.00016668619380151567,0.6897990140310959,0.6883693078209755,0.6912287202412163,0.001631081772287181,13.798334543468442,13.769735539722655,13.82693354721423,0.03262720227773091,0.6,0.6,0.6,0.0,632.9879999999999,632.9879999999999,632.9879999999999,0.0,0.624,0.619199000104145,0.628800999895855,0.005477225575051666,329.15376,326.62128056493543,331.6862394350645,2.8891817185840023,0.6336,0.628896,0.6383040000000001,0.0053665631459995,133.6870656,132.69454041600002,134.679590784,1.1323233575533092,0.6971999999999999,0.6956319999999999,0.698768,0.0017888543819998333,73.5532056,73.387784736,73.718626464,0.18872055959221323
primary,uptake(mmol/g) methane at 65 bar,17,40000,topology_only,ridge,topology_only | ridge,5,5.529558006776063,5.527198420754365,5.531917592797761,0.002691936093507453,4.307021434109174,4.305082763019599,4.308960105198749,0.002211734868521996,0.3153397996828732,0.3147554076446876,0.31592419172105873,0.0006667042463737203,0.5438113997490419,0.543214053056183,0.5444087464419008,0.0006814835772281868,0.22935153583617746,0.22778537115240108,0.23091770051995383,0.0017867605596344,4.58781348647043,4.5564848475229445,4.619142125417915,0.03574130935159453,0.10800000000000001,0.08448000000000001,0.13152000000000003,0.02683281572999748,113.93784000000001,89.12471040000001,138.75096960000002,28.30808393883274,0.198,0.18839800020828995,0.20760199979171007,0.010954451150103324,104.44302,99.37806112987087,109.50797887012914,5.778363437168,0.1928,0.18216530658645957,0.20343469341354042,0.01213260071048248,40.6800288,38.436151028516626,42.92390657148338,2.5599302195089617,0.1592,0.1565413266466149,0.1618586733533851,0.003033150177620623,16.7952816,16.514796878564578,17.07576632143542,0.3199912774386209
primary,uptake(mmol/g) methane at 65 bar,17,40000,topology_only,mlp,topology_only | mlp,5,5.531959163639368,5.529307299402716,5.5346110278760206,0.0030253819899257596,4.308794597884803,4.306593878517539,4.3109953172520665,0.002510692910511422,0.31474502245644814,0.3140878270613308,0.31540221785156547,0.0007497620295827288,0.5438143270952419,0.5434647124959681,0.5441639416945158,0.00039885816831767,0.22396662874478576,0.22110142608084213,0.2268318314087294,0.003268769349944627,4.480096966120099,4.422783133992544,4.537410798247654,0.06538654320827797,0.12,0.10760387157213995,0.13239612842786005,0.014142135623730954,126.59760000000001,113.51993243117622,139.6752675688238,14.91967024032368,0.194,0.1738205649236655,0.21417943507633452,0.02302172886644268,102.33306,91.6886097915843,112.97751020841571,12.143731759759849,0.18719999999999998,0.1819995323287227,0.19240046767127725,0.005932958789676535,39.4984512,38.40117332323118,40.59572907676882,1.2518305727865904,0.1584,0.1550278884953193,0.16177211150468074,0.0038470768123342724,16.7108832,16.355132180479195,17.066634219520807,0.4058589095476406
primary,uptake(mmol/g) methane at 65 bar,17,40000,topology_only,hgb,topology_only | hgb,5,5.541967666433725,5.540064635355598,5.543870697511852,0.002171074925503317,4.316543772037771,4.313439832522098,4.3196477115534435,0.003541132528108318,0.31226331256494283,0.3117910139219767,0.31273561120790894,0.0005388223833434074,0.541549727331189,0.5412664012115322,0.5418330534508458,0.0003232328894661741,0.2212362533181646,0.21931810115395486,0.22315440548237434,0.0021883258318169912,4.425480138900213,4.387110549021601,4.4638497287788255,0.043773985325185706,0.08,0.06246922705640165,0.09753077294359835,0.020000000000000004,84.39840000000001,65.90378515996262,102.8930148400374,21.099600000000002,0.196,0.18600592175335814,0.20599407824664187,0.011401754250991382,103.38804,98.11626366567889,108.65981633432112,6.014311349855442,0.188,0.18098769082256067,0.19501230917743934,0.008000000000000007,39.66724800000001,38.18767881279702,41.146817187203,1.6879680000000015,0.156,0.1507407681169205,0.1612592318830795,0.006000000000000005,16.457688,15.902849554798879,17.01252644520112,0.6329880000000007
primary,uptake(mmol/g) methane at 65 bar,17,40000,topology_only,rf,topology_only | rf,5,5.547772061286313,5.546899509522881,5.5486446130497455,0.000995451559654518,4.320059929466911,4.318212709652787,4.321907149281035,0.0021074025886559213,0.3108220192505452,0.31060523023686926,0.31103880826422114,0.00024732396497682493,0.5400542280064327,0.5391251638527218,0.5409832921601435,0.0010599237771202529,0.21880925293894576,0.21648245334461153,0.22113605253328,0.0026545316647705697,4.376931848038093,4.330387914855864,4.423475781220322,0.05309969313044473,0.08800000000000001,0.0680118435067163,0.10798815649328372,0.022803508501982758,92.83823999999998,71.75113466271553,113.92534533728444,24.057245399421774,0.202,0.1946663515219231,0.20933364847807692,0.00836660026534075,106.55298,102.68455376429921,110.4214062357008,4.413297973964591,0.18239999999999998,0.17359962182630767,0.1912003781736923,0.010039920318408916,38.485670400000004,36.628825806863624,40.34251499313638,2.118383027503006,0.1456,0.1422278884953193,0.1489721115046807,0.0038470768123342624,15.360508800000002,15.004757780479197,15.716259819520806,0.40585890954763953
primary,uptake(mmol/g) methane at 65 bar,17,210995,geometry_plus_topology,rf,geometry_plus_topology | rf,5,0.8668475012835775,0.8666876467519404,0.8670073558152145,0.00018237020369989658,0.6318108617042282,0.6317269400953937,0.6318947833130627,9.574205210980367e-05,0.9831740504446126,0.9831678443938285,0.9831802564953966,7.080179298492418e-06,0.9918558650510769,0.9918527159709205,0.9918590141312333,3.592631273690371e-06,0.8775881683731512,0.8767945743885482,0.8783817623577542,0.0009053724980139096,17.554758548925047,17.538883960721094,17.570633137129,0.018110539968804306,0.8640000000000001,0.8561600000000001,0.8718400000000001,0.008944271909999166,911.5027200000001,903.2316768000001,919.7737632000001,9.436027979610918,0.868,0.86408,0.87192,0.004472135954999583,457.86132,455.7935592,459.92908079999995,2.3590069949027295,0.8784000000000001,0.875264,0.8815360000000001,0.0035777087639996667,185.3388864,184.67720294400002,186.000569856,0.7548822383688674,0.8775999999999999,0.8753142668572206,0.8798857331427793,0.0026076809620810618,92.5850448,92.34390452490307,92.82618507509694,0.27510512613762633
primary,uptake(mmol/g) methane at 65 bar,17,210995,geometry_plus_topology,mlp,geometry_plus_topology | mlp,5,0.8815057497708126,0.8748828406253378,0.8881286589162875,0.007555752580656466,0.6569634463819989,0.6511350072606578,0.66279188550334,0.006649380652060147,0.982599169054601,0.9823378160141528,0.9828605220950491,0.0002981648798818397,0.9915373391003932,0.9914524035722133,0.9916222746285731,9.689878301793771e-05,0.8776640121350019,0.8747988094710583,0.8805292147989455,0.003268769349944634,17.55627568301449,17.498961850886936,17.613589515142046,0.06538654320827786,0.8880000000000001,0.8723200000000001,0.9036800000000001,0.017888543819998333,936.8222399999999,920.2801535999998,953.3643263999999,18.872055959221836,0.8619999999999999,0.8546663515219229,0.8693336484780768,0.008366600265340763,454.69638,450.8279537642992,458.56480623570076,4.413297973964598,0.8672000000000001,0.8614388001249741,0.8729611998750261,0.006572670690062,182.9757312,181.76014107116902,184.191321328831,1.3868072249203225,0.8848,0.8789069478196778,0.8906930521803222,0.0067230945255886505,93.3446304,92.72292518108037,93.96633561891963,0.7092730262605529
primary,uptake(mmol/g) methane at 65 bar,17,210995,enriched_interpretable,rf,enriched_interpretable | rf,5,0.9132610541547516,0.9129361182103914,0.9135859900991117,0.0003707034999603177,0.6693978728912968,0.6692447881564162,0.6695509576261774,0.00017464687424012702,0.9813239900608657,0.9813106999670007,0.9813372801547307,1.5162016994551216e-05,0.9906798486592976,0.990674207120704,0.9906854901978912,6.436154996457663e-06,0.8725824800910125,0.8720569096355231,0.8731080505465019,0.0005995975844080871,17.454627699021923,17.444114496156313,17.465140901887533,0.011993998096299393,0.884,0.87616,0.89184,0.008944271909999166,932.60232,924.3312768,940.8733632,9.436027979610918,0.866,0.861199000104145,0.870800999895855,0.005477225575051666,456.80634,454.27386056493543,459.3388194350645,2.8891817185840023,0.8704000000000001,0.867264,0.8735360000000001,0.0035777087639996667,183.65091840000002,182.98923494400003,184.31260185600001,0.7548822383688785,0.8764,0.8749332703043846,0.8778667296956153,0.0016733200530681526,92.4584472,92.30371015057196,92.61318424942803,0.17653191895858422
primary,uptake(mmol/g) methane at 65 bar,17,210995,enriched_interpretable,mlp,enriched_interpretable | mlp,5,0.963182984928381,0.9524996365203416,0.9738663333364203,0.012188108810045933,0.7212363455340715,0.7133380717458333,0.7291346193223096,0.009010753620104707,0.979223738789648,0.9787633848400871,0.9796840927392089,0.0005251952678208103,0.9898502405759195,0.989656629820131,0.990043851331708,0.00022088102608068357,0.8554417899127797,0.8525497193888242,0.8583338604367353,0.003299421575146953,17.111755394808192,17.05390411378122,17.169606675835166,0.06599969232742718,0.8480000000000001,0.8323200000000001,0.8636800000000001,0.017888543819998333,894.6230400000001,878.0809536,911.1651264000001,18.872055959221832,0.8379999999999999,0.8265713342861031,0.8494286657138966,0.013038404810405309,442.03661999999997,436.00811312257656,448.0651268774234,6.877628153440694,0.86,0.8510610246672228,0.8689389753327772,0.01019803902718558,181.45656,179.57047196068532,183.34264803931467,2.1517454425800477,0.8695999999999999,0.8633525480394003,0.8758474519605995,0.007127411872482191,91.74106080000001,91.08196711306067,92.40015448693936,0.7519276977231292
primary,uptake(mmol/g) methane at 65 bar,17,210995,geometry_only,rf,geometry_only | rf,5,0.9672496380286333,0.9667715779937948,0.9677276980634718,0.0005453952730738595,0.7157533005038901,0.7154544525346378,0.7160521484731424,0.00034094100723765485,0.9790506078641524,0.9790298940404718,0.9790713216878331,2.3631386644844513e-05,0.9894981881529926,0.9894919098695243,0.989504466436461,7.162586029191466e-06,0.8710656048540008,0.8703604780947368,0.8717707316132647,0.0008044445747287219,17.4242850172331,17.41018007547185,17.43838995899435,0.01609163703919878,0.9,0.9,0.9,0.0,949.482,949.482,949.482,0.0,0.8720000000000001,0.8680800000000001,0.8759200000000001,0.004472135954999584,459.9712799999999,457.90351919999995,462.0390407999999,2.3590069949027295,0.8752000000000001,0.8722665406087693,0.8781334593912309,0.003346640106136305,184.66369920000002,184.04475100228788,185.28264739771217,0.7061276758343403,0.8732000000000001,0.8712011843506717,0.8751988156493284,0.002280350850198278,92.1208536,91.90998254662716,92.33172465337285,0.2405724539942157
primary,uptake(mmol/g) methane at 65 bar,17,210995,geometry_plus_topology,hgb,geometry_plus_topology | hgb,5,0.9751005747023622,0.9746895471638561,0.9755116022408683,0.0004689211820020928,0.721399879519159,0.7209389863632257,0.7218607726750922,0.0005258104219546301,0.9787091466278893,0.9786911983370241,0.9787270949187545,2.0476325742102358e-05,0.9901973491593259,0.9901857812960703,0.9902089170225815,1.3197208466307373e-05,0.8605233219567691,0.8589571572729927,0.8620894866405454,0.0017867605596343828,17.213403378800763,17.182074739853277,17.244732017748248,0.03574130935159453,0.8039999999999999,0.79616,0.8118399999999999,0.008944271909999118,848.2039199999999,839.9328767999999,856.4749631999999,9.436027979610866,0.714,0.70224,0.72576,0.01341640786499875,376.62786,370.4245776,382.8311424,7.077020984708188,0.7896000000000001,0.7786240000000001,0.8005760000000001,0.012521980673998834,166.60244160000002,164.28654950400002,168.91833369600002,2.6420878342910643,0.8392,0.8353592000833159,0.843040799916684,0.004381780460041332,88.53392160000001,88.12872489038969,88.93911830961034,0.4622690749734356
primary,uptake(mmol/g) methane at 65 bar,17,210995,enriched_interpretable,hgb,enriched_interpretable | hgb,5,1.0254616965055865,1.0250336593033451,1.0258897337078279,0.0004883266740358894,0.7573976580278942,0.7569113228313892,0.7578839932243991,0.0005548359996101759,0.9764531331098973,0.9764334796459493,0.9764727865738454,2.2421674174060766e-05,0.9890076669325761,0.9889964171013454,0.9890189167638068,1.28343813097731e-05,0.8521046643913539,0.850929453125914,0.8532798756567939,0.0013407409578812136,17.04500149487278,17.02149325860403,17.06850973114153,0.02681939506533027,0.728,0.7183980002082899,0.73760199979171,0.010954451150103331,768.02544,757.8955222597417,778.1553577402583,11.55672687433601,0.702,0.694666351521923,0.7093336484780769,0.008366600265340763,370.29798,366.4295537642992,374.1664062357008,4.413297973964598,0.7767999999999999,0.7729592000833159,0.780640799916684,0.004381780460041332,163.9016928,163.09129938077933,164.71208621922068,0.9245381499468868,0.8368,0.8348011843506716,0.8387988156493283,0.002280350850198278,88.2807264,88.06985534662716,88.49159745337285,0.2405724539942207
primary,uptake(mmol/g) methane at 65 bar,17,210995,geometry_only,mlp,geometry_only | mlp,5,1.028769624726312,1.0071717278732604,1.0503675215793637,0.02463998241553686,0.7764287882319554,0.7599950504627269,0.7928625260011839,0.018748446314490113,0.97629010180783,0.9752849368350843,0.9772952667805758,0.0011467434732964476,0.9885124854295585,0.988189047966156,0.988835922892961,0.0003689939564479906,0.8525597269624573,0.8447912338094229,0.8603282201154917,0.008862693251493203,17.054104299409428,16.89870792272023,17.209500676098624,0.17728411312969877,0.8160000000000001,0.8013327030438463,0.8306672969561538,0.01673320053068147,860.86368,845.3899750571969,876.3373849428032,17.653191895858335,0.82,0.8036014634799321,0.8363985365200678,0.01870828693386968,432.54179999999997,423.8917359710294,441.19186402897054,9.868434274746914,0.8464,0.843264,0.8495360000000001,0.0035777087639996667,178.5870144,177.925330944,179.24869785599998,0.7548822383688785,0.868,0.8579293376583266,0.8780706623416734,0.011489125293076068,91.57226399999999,90.50982926427812,92.63469873572186,1.2120797401689378
primary,uptake(mmol/g) methane at 65 bar,17,210995,geometry_only,hgb,geometry_only | hgb,5,1.0877034334114923,1.0868498331192833,1.0885570337037014,0.0009738307545883865,0.8078380150471478,0.8071780472470377,0.8084979828472579,0.000752924930615985,0.9735079576159057,0.9734663731806387,0.9735495420511727,4.744164493009687e-05,0.9877337296550268,0.9877139252270708,0.9877535340829828,2.2593901614862477e-05,0.8494501327265832,0.8480012349703583,0.8508990304828081,0.0016529764670233835,16.991901801742337,16.9629189015743,17.020884701910372,0.03306517089837546,0.648,0.63839800020829,0.6576019997917101,0.010954451150103331,683.62704,673.4971222597417,693.7569577402583,11.556726874336071,0.7139999999999999,0.7022399999999999,0.7257599999999998,0.013416407864998751,376.62785999999994,370.42457759999996,382.8311423999999,7.077020984708188,0.7576,0.7512307538907654,0.7639692461092347,0.0072663608498339865,159.85056960000003,158.50668414793597,161.1944550520641,1.533173073871572,0.8356,0.8307354079307716,0.8404645920692284,0.005549774770204648,88.1541288,87.64092406588054,88.66733353411945,0.5854901387070498
primary,uptake(mmol/g) methane at 65 bar,17,210995,geometry_plus_topology,ridge,geometry_plus_topology | ridge,5,1.4999530384158728,1.4999530384158728,1.4999530384158728,0.0,1.088578860034121,1.088578860034121,1.088578860034121,0.0,0.9496210063443737,0.9496210063443736,0.9496210063443739,1.2412670766236366e-16,0.9809066105784078,0.9809066105784078,0.9809066105784078,0.0,0.769814182783466,0.769814182783466,0.769814182783466,0.0,15.39891100782899,15.39891100782899,15.39891100782899,0.0,0.68,0.68,0.68,0.0,717.3864000000001,717.3864000000001,717.3864000000001,0.0,0.64,0.64,0.64,0.0,337.5936,337.5936,337.5936,0.0,0.624,0.624,0.624,0.0,131.661504,131.661504,131.661504,0.0,0.668,0.668,0.668,0.0,70.47266400000001,70.47266400000001,70.47266400000001,0.0
primary,uptake(mmol/g) methane at 65 bar,17,210995,enriched_interpretable,ridge,enriched_interpretable | ridge,5,1.575741649609791,1.575741649609791,1.575741649609791,0.0,1.1434737821048968,1.1434737821048968,1.1434737821048968,0.0,0.9444013569141276,0.9444013569141276,0.9444013569141276,0.0,0.9800047873690865,0.9800047873690865,0.9800047873690865,0.0,0.7406143344709898,0.7406143344709898,0.7406143344709898,0.0,14.814814383394099,14.814814383394099,14.814814383394099,0.0,0.68,0.68,0.68,0.0,717.3864000000001,717.3864000000001,717.3864000000001,0.0,0.65,0.65,0.65,0.0,342.8685,342.8685,342.8685,0.0,0.612,0.612,0.612,0.0,129.12955200000002,129.12955200000002,129.12955200000002,0.0,0.632,0.632,0.632,0.0,66.67473600000001,66.67473600000001,66.67473600000001,0.0
primary,uptake(mmol/g) methane at 65 bar,17,210995,geometry_only,ridge,geometry_only | ridge,5,1.8479231412326267,1.8479231412326267,1.8479231412326267,0.0,1.3215082605293893,1.3215082605293893,1.3215082605293893,0.0,0.9235351269102031,0.9235351269102031,0.9235351269102031,0.0,0.970760811491421,0.970760811491421,0.970760811491421,0.0,0.6901782328403488,0.6901782328403488,0.6901782328403488,0.0,13.805920213915646,13.805920213915646,13.805920213915646,0.0,0.6,0.6,0.6,0.0,632.9879999999999,632.9879999999999,632.9879999999999,0.0,0.63,0.63,0.63,0.0,332.3187,332.3187,332.3187,0.0,0.636,0.636,0.636,0.0,134.19345600000003,134.19345600000003,134.19345600000003,0.0,0.696,0.696,0.696,0.0,73.426608,73.426608,73.426608,0.0
primary,uptake(mmol/g) methane at 65 bar,17,210995,topology_only,ridge,topology_only | ridge,5,5.524146303460037,5.524146303460037,5.524146303460037,0.0,4.30328377202033,4.30328377202033,4.30328377202033,0.0,0.3166794087317629,0.3166794087317629,0.3166794087317629,0.0,0.5444805285619521,0.5444805285619521,0.5444805285619521,0.0,0.23094425483503983,0.23094425483503983,0.23094425483503983,0.0,4.619673302348698,4.619673302348698,4.619673302348698,0.0,0.1,0.1,0.1,0.0,105.498,105.498,105.498,0.0,0.17,0.17,0.17,0.0,89.67330000000001,89.67330000000001,89.67330000000001,0.0,0.18,0.18,0.18,0.0,37.97928,37.97928,37.97928,0.0,0.156,0.156,0.156,0.0,16.457688,16.457688,16.457688,0.0
primary,uptake(mmol/g) methane at 65 bar,17,210995,topology_only,hgb,topology_only | hgb,5,5.524882754628317,5.524645704774826,5.525119804481808,0.0002704385645221397,4.305349656740032,4.3050570570149524,4.305642256465111,0.0003338126915686152,0.31649720160580275,0.31643855001924304,0.31655585319236246,6.691272170188262e-05,0.5447935183838979,0.544731122533229,0.5448559142345668,7.118436918855385e-05,0.2229048160788775,0.22065773346550255,0.22515189869225244,0.0025635864666144178,4.458857088867922,4.413907767376487,4.503806410359357,0.05128047877415404,0.096,0.06999766164361367,0.12200233835638634,0.02966479394838266,101.27808,73.84613308077954,128.71002691922047,31.295764319664737,0.20400000000000001,0.19400592175335815,0.21399407824664188,0.011401754250991377,107.60796,102.3361836656789,112.87973633432111,6.014311349855439,0.188,0.18552077431442798,0.19047922568557202,0.0028284271247461927,39.667248,39.144141297247046,40.190354702752956,0.5967868096129488,0.156,0.154760387157214,0.157239612842786,0.0014142135623730963,16.457688,16.326911324311762,16.58846467568824,0.14919670240323785
primary,uptake(mmol/g) methane at 65 bar,17,210995,topology_only,mlp,topology_only | mlp,5,5.526109983558206,5.525050190416238,5.527169776700175,0.00120906607527024,4.3065926095303215,4.303234380135674,4.309950838924969,0.0038312393930972125,0.3161934933368678,0.315931205811188,0.3164557808625476,0.00029923098830117787,0.5446219290642409,0.5445356181891302,0.5447082399393516,9.846784895147287e-05,0.2260144103147516,0.22271543508521066,0.22931338554429256,0.0037636392190518063,4.5210595865350145,4.455068822643071,4.587050350426958,0.07528562956608396,0.10400000000000001,0.07799766164361367,0.13000233835638636,0.029664793948382655,109.71792,82.28597308077954,137.14986691922047,31.295764319664734,0.196,0.18600592175335814,0.20599407824664187,0.01140175425099138,103.38804,98.11626366567889,108.65981633432112,6.014311349855442,0.1848,0.18022853371444128,0.1893714662855587,0.0052153619241621235,38.992060800000004,38.02749969961226,39.95662190038775,1.1004205045505115,0.1552,0.153632,0.15676800000000002,0.0017888543819998333,16.3732896,16.207868735999998,16.538710464,0.18872055959221803
primary,uptake(mmol/g) methane at 65 bar,17,210995,topology_only,rf,topology_only | rf,5,5.5473147060498365,5.547171277718604,5.547458134381069,0.00016363035639559593,4.318529304250982,4.318472372109367,4.318586236392596,6.495109120075457e-05,0.31093566273240203,0.3109000309470981,0.31097129451770594,4.065055821390634e-05,0.5413616490079106,0.5410876732440325,0.5416356247717887,0.0003125655266423085,0.21767159651118698,0.21599305908307573,0.21935013393929823,0.0019149611183849136,4.354174836696474,4.320598359337566,4.387751314055382,0.03830575807117428,0.1,0.08760387157213996,0.11239612842786005,0.014142135623730947,105.498,92.4203324311762,118.5756675688238,14.91967024032368,0.22000000000000003,0.22,0.22000000000000006,3.1031676915590914e-17,116.04780000000001,116.0478,116.04780000000002,1.5888218580782548e-14,0.17679999999999998,0.17523199999999997,0.178368,0.0017888543819998333,37.30409280000001,36.973251072000004,37.63493452800001,0.37744111918443607,0.13720000000000002,0.1326285337144413,0.14177146628555873,0.005215361924162112,14.474325600000004,13.992045049806132,14.956606150193876,0.5502102522752546
robustness_alt_test,uptake(mmol/g) CO2 at 0.15 bar,29,500,geometry_plus_topology,rf,geometry_plus_topology | rf,5,0.6339504989339619,0.6252605444765134,0.6426404533914105,0.009913943310322639,0.37115125895509826,0.36554612551733573,0.3767563923928608,0.006394622137650056,0.6018649801939053,0.5909440049776619,0.6127859554101488,0.0124592055939341,0.8296050549729819,0.8203538549616396,0.8388562549843241,0.010554240866738899,0.4378460371634433,0.41977283148233463,0.45591924284455193,0.020618834935864437,8.758415098344509,8.396889301426496,9.119940895262522,0.4124470701675819,0.06,-0.020336094005123248,0.14033609400512326,0.0916515138991168,63.29880000000001,-21.454172453524926,148.05177245352493,96.69051413329025,0.05,-0.006806196845062597,0.1068061968450626,0.06480740698407861,26.3745,-3.59020077380206,56.33920077380206,34.185259110031616,0.09359999999999999,0.03584947224483572,0.15135052775516425,0.06588474785563044,19.7492256,7.564095245771357,31.934355954228643,13.9014182585466,0.13799999999999998,0.10265472704872686,0.1733452729512731,0.04032369030731191,14.558724000000002,10.829868394186589,18.287579605813413,4.254068680040792
robustness_alt_test,uptake(mmol/g) CO2 at 0.15 bar,29,500,geometry_plus_topology,hgb,geometry_plus_topology | hgb,5,0.665099961715276,0.6526814454154667,0.6775184780150852,0.014167676850032038,0.38991121320119804,0.37895322033301404,0.40086920606938203,0.012501437219498633,0.5617053270868725,0.5453959176217135,0.5780147365520315,0.018606606243354144,0.8137123261119912,0.8018800160261219,0.8255446361978604,0.013498902899418437,0.4059158134243458,0.371154502445774,0.44067712440291756,0.03965747670157968,8.11970164668973,7.424356787831679,8.815046505547782,0.7932848837814283,0.044,-0.024347535434717765,0.11234753543471776,0.07797435475847171,46.41912,-25.686162932918556,118.52440293291855,82.2613847830925,0.038,-0.0060018908684615485,0.08200189086846155,0.05019960159204453,20.044620000000002,-3.1659374142047767,43.25517741420478,26.47978784378757,0.09280000000000001,0.04257502390244472,0.1430249760975553,0.05729921465430395,19.580428800000004,8.983159743320225,30.17769785667978,12.089905095199518,0.1244,0.10169781825462583,0.14710218174537415,0.02589980694908748,13.123951200000002,10.72891643022652,15.518985969773485,2.732377833514831
robustness_alt_test,uptake(mmol/g) CO2 at 0.15 bar,29,500,enriched_interpretable,rf,enriched_interpretable | rf,5,0.6690836174728982,0.6612067638089631,0.6769604711368333,0.008986316449682232,0.40068883407018896,0.394172849354518,0.4072048187858599,0.007433767737035649,0.5565361895379978,0.5461577270484506,0.566914652027545,0.011840279402326176,0.8125295637580725,0.8005428683539388,0.8245162591622062,0.013675033545524112,0.39249146757679176,0.3737897239863165,0.41119321116726704,0.02133590304391514,7.851168912858624,7.4770702125727,8.225267613144547,0.4267908796600227,0.072,0.004557769906385803,0.13944223009361417,0.07694153624668539,75.95856,4.808356095838889,147.10876390416112,81.17178190952815,0.062,0.01463445978350928,0.10936554021649073,0.054037024344425186,32.70438,7.719531191203313,57.689228808796685,28.50398997144084,0.11200000000000002,0.07225498874072372,0.1517450112592763,0.04534313619501853,23.631552,15.245513604337738,32.01759039566226,9.56722036460413,0.1552,0.13678851488879837,0.17361148511120164,0.021004761364985792,16.3732896,14.430914743738448,18.31566445626155,2.2159603144832714
robustness_alt_test,uptake(mmol/g) CO2 at 0.15 bar,29,500,geometry_only,rf,geometry_only | rf,5,0.6749139502768874,0.6672691424032982,0.6825587581504766,0.00872158677564851,0.4044330410355741,0.3955123454190316,0.4133537366521166,0.010177184594476243,0.5487787454980921,0.5385115413237773,0.559045949672407,0.011713350241141562,0.8099344698427009,0.792271143216731,0.8275977964686708,0.020151224002270807,0.38065984072810016,0.35967200204476274,0.4016476794114376,0.023943996937113368,7.614495994905783,7.194667590390286,8.03432439942128,0.47896165886833253,0.044,-0.01466918782461539,0.10266918782461538,0.06693280212272604,46.41912,-15.475699771212746,108.31393977121274,70.61276758343351,0.06000000000000001,0.007407681169204955,0.11259231883079507,0.060000000000000005,31.649399999999996,3.907477739943918,59.39132226005607,31.649399999999996,0.1016,0.057486499844152016,0.14571350015584797,0.05032693116016513,21.437193600000004,12.129421521116702,30.744965678883304,10.618781167070203,0.1396,0.11807923570130466,0.16112076429869535,0.02455198566307825,14.727520800000002,12.457123208016242,16.997918391983763,2.59018538348343
robustness_alt_test,uptake(mmol/g) CO2 at 0.15 bar,29,500,geometry_plus_topology,mlp,geometry_plus_topology | mlp,5,0.6894010599435262,0.6394312799867484,0.7393708399003039,0.057008073879623256,0.406374300280895,0.3751685546138425,0.43758004594794747,0.03560110642862185,0.5266875743623249,0.458207163171681,0.5951679855529689,0.0781259461986823,0.7987409406665805,0.7712690972287243,0.8262127841044368,0.03134128030320314,0.37034508911642017,0.301382073860745,0.43930810437209533,0.07867652553318609,7.408165758741769,6.028670084975516,8.787661432508022,1.573799031228681,0.012,0.0023980002082899434,0.021601999791710055,0.010954451150103323,12.65976,2.5298422597417254,22.789677740258277,11.556726874336002,0.01,0.0038019357860699767,0.016198064213930025,0.007071067811865475,5.2749,2.005483107794052,8.544316892205948,3.7299175600809193,0.0312,0.016658966199062736,0.04574103380093726,0.016589153082662175,6.583075200000001,3.514975232137442,9.65117516786256,3.5002449438293883,0.06960000000000001,0.040997427807975044,0.09820257219202497,0.03263127334322091,7.342660800000002,4.325146638885752,10.360174961114252,3.4425340751631204
robustness_alt_test,uptake(mmol/g) CO2 at 0.15 bar,29,500,enriched_interpretable,hgb,enriched_interpretable | hgb,5,0.7049502015316642,0.6994299688457141,0.7104704342176144,0.006297763029286058,0.4199832686949153,0.41044235333985973,0.4295241840499709,0.010884762908916257,0.5077572484734862,0.5000393498585969,0.5154751470883756,0.00880497242160415,0.7957334291441251,0.7828227035243236,0.8086441547639267,0.014729214349349217,0.36496018202502845,0.3428042858670801,0.3871160781829768,0.02527657648550964,7.300449238391439,6.8572556978394426,7.743642778943436,0.5056177978893239,0.044,-0.024347535434717765,0.11234753543471776,0.07797435475847171,46.41912,-25.686162932918556,118.52440293291855,82.2613847830925,0.042,0.008969492889148674,0.07503050711085132,0.037682887362833546,22.15458,4.731317804097031,39.57784219590297,19.877346255021067,0.0872,0.036125543918706295,0.1382744560812937,0.05826834475081646,18.398851200000003,7.622345264671354,29.175357135328653,12.294387669043273,0.11320000000000001,0.09152980886101833,0.1348701911389817,0.024722459424579915,11.9423736,9.65621177521971,14.22853542478029,2.6081700243743327
robustness_alt_test,uptake(mmol/g) CO2 at 0.15 bar,29,500,geometry_only,hgb,geometry_only | hgb,5,0.7079829534472089,0.6956480888180285,0.7203178180763892,0.014072242757196452,0.42157539878364086,0.41001836555697846,0.43313243201030327,0.01318485301685756,0.503387590366671,0.4860567545381854,0.5207184261951566,0.019771901540501367,0.7976558987834965,0.783201915819027,0.8121098817479661,0.0164898410480499,0.3545695866514979,0.33021462679257657,0.37892454651041924,0.027785380527462617,7.092601868137985,6.605419548229665,7.579784188046305,0.5558024411995169,0.024,0.004796000416579887,0.04320399958342011,0.021908902300206645,25.31952,5.059684519483451,45.579355480516554,23.113453748672004,0.026000000000000002,0.01007688472691352,0.04192311527308648,0.01816590212458495,13.71474,5.315455924599615,22.114024075400387,9.582331711697314,0.0872,0.05192871218682255,0.12247128781317745,0.040239284287869735,18.398851200000003,10.956750556570814,25.840951843429192,8.490328027603363,0.10840000000000001,0.08111725057843328,0.13568274942156675,0.03112555220393688,11.4359832,8.557707701523553,14.314258698476449,3.2836835064109335
robustness_alt_test,uptake(mmol/g) CO2 at 0.15 bar,29,500,geometry_plus_topology,ridge,geometry_plus_topology | ridge,5,0.7124313775169352,0.6259145861964265,0.7989481688374439,0.09870276866725573,0.40707559682370825,0.390497269658767,0.4236539239886495,0.018913401272469356,0.4895668097044233,0.3567299289742281,0.6224036904346184,0.15154708940395323,0.8136893855573684,0.7961799621012058,0.8311988090135309,0.019975643415718815,0.3726204019719378,0.33936495476184636,0.40587584918202924,0.03793951050200012,7.4536797814250075,6.788457337403349,8.118902225446666,0.7589196964239683,0.02,-0.0014707242542025094,0.04147072425420251,0.02449489742783178,21.0996,-1.5515846736985637,43.75078467369856,25.841626888413973,0.012,-0.0024029996875650876,0.026402999687565088,0.016431676725154984,6.329879999999999,-1.2675583051937078,13.927318305193706,8.667545155752002,0.024,0.010881170783945697,0.037118829216054305,0.014966629547095765,5.063904000000001,2.295883510729406,7.8319244892705955,3.1578989679190186,0.0524,0.04156490443050916,0.06323509556949083,0.012361229712289954,5.5280952,4.385014287609856,6.671176112390144,1.3040850121871657
robustness_alt_test,uptake(mmol/g) CO2 at 0.15 bar,29,500,enriched_interpretable,mlp,enriched_interpretable | mlp,5,0.7151683859516549,0.6681590041299044,0.7621777677734054,0.0536307006804475,0.4231014850897957,0.4118429363378688,0.43436003384172267,0.012844326702706176,0.4911371116328662,0.421460762933619,0.5608134603321134,0.07949033271198769,0.7905412967609788,0.777677549647797,0.8034050438741607,0.014675618872674174,0.3678422449753508,0.33693351842896424,0.39875097152173733,0.03526225186513911,7.358100333790207,6.739820312328188,7.9763803552522266,0.7053653862852571,0.028000000000000004,0.0014132664661489526,0.05458673353385106,0.030331501776206204,29.539440000000003,1.490967856457825,57.587912143542184,31.99912774386202,0.022,0.0029970949589279913,0.041002905041072006,0.0216794833886788,11.60478,1.580937619884926,21.628622380115075,11.43571069269418,0.04240000000000001,0.031999064657445474,0.05280093534255454,0.01186591757935306,8.946230400000001,6.751674646462364,11.140786153537638,2.5036611455731785,0.0932,0.0734205019275008,0.11297949807249921,0.022565460332109336,9.832413599999999,7.745716112347477,11.91911108765252,2.380610934116871
robustness_alt_test,uptake(mmol/g) CO2 at 0.15 bar,29,500,geometry_only,mlp,geometry_only | mlp,5,0.7331233743590385,0.6923158738721322,0.7739308748459448,0.04655527810233577,0.4397393694470906,0.4215682445750029,0.45791049431917824,0.020730546143686315,0.4659429337508879,0.40472802978219224,0.5271578377195836,0.06983708495414548,0.7853337987693598,0.7701787486604406,0.8004888488782791,0.017289654207121936,0.22055365946150932,0.20335762382595887,0.23774969509705976,0.019618114604387546,4.411825932095242,4.067846529842815,4.755805334347669,0.3924292481102917,0.0,0.0,0.0,0.0,0.0,0.0,0.0,0.0,0.012,-0.007002905041072011,0.03100290504107201,0.021679483388678804,6.32988,-3.6939623801150754,16.353722380115077,11.435710692694181,0.0176,0.0001394909581650533,0.03506050904183495,0.019919839356781974,3.7135296,0.029432034208992874,7.3976271657910075,4.2030064249235695,0.0216,0.0029892865263042682,0.04021071347369573,0.02123205124334434,2.2787568,0.3153637499520474,4.242149850047952,2.2399389420703413
robustness_alt_test,uptake(mmol/g) CO2 at 0.15 bar,29,500,geometry_only,ridge,geometry_only | ridge,5,0.7518183257907036,0.7486616282259632,0.7549750233554441,0.003601321601616132,0.4940102885375883,0.4861338819080868,0.5018866951670898,0.00898580644999762,0.4401540885199572,0.43545723684073756,0.4448509401991768,0.005358407977025049,0.7952061343936807,0.7894877015388325,0.8009245672485289,0.006523879891943198,0.18179749715585894,0.1751970352646773,0.18839795904704057,0.00753014360794844,3.6365704123907485,3.504538647393426,3.768602177388071,0.15062857230780136,0.004,-0.0038399999999999997,0.01184,0.00894427190999916,4.21992,-4.051123199999999,12.4909632,9.436027979610913,0.002,-0.0019199999999999998,0.00592,0.00447213595499958,1.05498,-1.0127807999999998,3.1227408,2.359006994902728,0.011200000000000002,0.0024697454790825277,0.019930254520917477,0.009959919678390987,2.3631552000000005,0.5211064171044968,4.205203982895505,2.1015032124617847,0.0228,0.003412835586398922,0.04218716441360108,0.022117866081518806,2.4053544000000002,0.36004732869391365,4.450661471306087,2.333390635868071
robustness_alt_test,uptake(mmol/g) CO2 at 0.15 bar,29,500,enriched_interpretable,ridge,enriched_interpretable | ridge,5,0.7622287892983679,0.6812453678587249,0.8432122107380109,0.09239001805589571,0.4492642750081437,0.42783639580599503,0.47069215421029237,0.02444601760696855,0.41778932968697174,0.2857051777098845,0.5498734816640589,0.15068833804652057,0.7973954426361473,0.7761751800512147,0.8186157052210798,0.024209157979747334,0.2653014789533561,0.25652398029010554,0.27407897761660666,0.010013818205837648,5.306935044865598,5.131355114267265,5.48251497546393,0.20031054097069784,0.008,-0.0016019997917100567,0.01760199979171006,0.010954451150103323,8.43984,-1.6900777402582747,18.569757740258275,11.556726874336002,0.01,0.0038019357860699767,0.016198064213930025,0.007071067811865475,5.2749,2.005483107794052,8.544316892205948,3.7299175600809193,0.0304,0.026402368701343257,0.03439763129865674,0.004560701700396551,6.414278400000001,5.570794186508623,7.257762613491378,0.9622898159768707,0.053200000000000004,0.04549842197987971,0.0609015780201203,0.00878635305459552,5.6124936000000005,4.7999925220333495,6.424994677966652,0.9269426745537181
robustness_alt_test,uptake(mmol/g) CO2 at 0.15 bar,29,500,topology_only,ridge,topology_only | ridge,5,0.8097863566761951,0.8025581841549845,0.8170145291974058,0.008246267913532137,0.5260677232847201,0.5181480761873594,0.5339873703820808,0.00903513738138136,0.3504513837461257,0.33883856776108545,0.362064199731166,0.013248492833033778,0.6353034973683285,0.6274807080936936,0.6431262866429633,0.008924637036601981,0.1980280621918847,0.19486239990136275,0.20119372448240666,0.0036115490180687513,3.961237107531182,3.897913057412584,4.02456115764978,0.07224330646723884,0.008,-0.007679999999999999,0.02368,0.01788854381999832,8.43984,-8.102246399999999,24.9819264,18.872055959221825,0.012,-0.0024029996875650876,0.026402999687565088,0.016431676725154984,6.329879999999999,-1.2675583051937078,13.927318305193706,8.667545155752002,0.027200000000000002,0.011638044338837104,0.0427619556611629,0.017753872816937716,5.739091200000001,2.455580803317273,9.022601596682728,3.7459961488825915,0.0444,0.030353485272139574,0.05844651472786043,0.016024980499208103,4.6841112,3.2022319892401807,6.16599041075982,1.6906033927054567
robustness_alt_test,uptake(mmol/g) CO2 at 0.15 bar,29,500,topology_only,mlp,topology_only | mlp,5,0.8101074163198735,0.8037742993888166,0.8164405332509304,0.007225142840458128,0.5262842567209485,0.5196476020161216,0.5329209114257754,0.0075714342159115535,0.3499487834060154,0.3397702059315439,0.36012736088048686,0.011612240381207357,0.6345428519220183,0.6293124153356549,0.6397732885083818,0.0059671488566891695,0.20083428138035647,0.1994517213702705,0.20221684139044244,0.0015772949824107263,4.017371068840509,3.989715150003943,4.045026987677075,0.03155128290754023,0.0,0.0,0.0,0.0,0.0,0.0,0.0,0.0,0.002,-0.0019199999999999998,0.00592,0.00447213595499958,1.05498,-1.0127807999999998,3.1227408,2.359006994902728,0.0104,0.00508265329322979,0.01571734670677021,0.00606630035524124,2.1943584,1.0724195142583128,3.3162972857416873,1.2799651097544809,0.027999999999999997,0.023888669315173004,0.032111330684826994,0.004690415759823431,2.9539440000000003,2.520206835412122,3.3876811645878786,0.49482948182985215
robustness_alt_test,uptake(mmol/g) CO2 at 0.15 bar,29,500,topology_only,rf,topology_only | rf,5,0.8119469467853632,0.8059822911637733,0.817911602406953,0.006804783383801588,0.5258738536741017,0.5169596251315454,0.534788082216658,0.01016980662659431,0.34699811876023673,0.33738766785892,0.35660856966155347,0.010964092607024677,0.6344182040492014,0.6254947791527219,0.6433416289456808,0.010180298296245985,0.1980280621918847,0.19506056647976888,0.20099555790400053,0.0033854704771582363,3.961237107531182,3.9018770653171515,4.020597149745212,0.06772096404991274,0.0,0.0,0.0,0.0,0.0,0.0,0.0,0.0,0.006,-0.0018399999999999996,0.01384,0.00894427190999916,3.16494,-0.9705815999999996,7.3004616,4.718013989805456,0.015200000000000002,0.001088000000000004,0.029311999999999998,0.016099689437998485,3.2071392000000003,0.22956364800000006,6.1847147520000005,3.3969700726599292,0.0324,0.019083534402852983,0.04571646559714701,0.015192103211866356,3.4181352000000005,2.013274712432185,4.822995687567817,1.6027365046454767
robustness_alt_test,uptake(mmol/g) CO2 at 0.15 bar,29,500,topology_only,hgb,topology_only | hgb,5,0.8152155612896804,0.8057260228282002,0.8247050997511607,0.010826149528045186,0.533596268847653,0.5215557598093884,0.5456367778859176,0.013736426884316477,0.34167413885939374,0.3262610813290747,0.35708719638971276,0.0175840022341369,0.6146076366729168,0.6041307338932341,0.6250845394525996,0.011952585106646407,0.2040197193780812,0.20401971937808117,0.20401971937808122,3.1031676915590914e-17,4.081090700597043,4.081090700597043,4.081090700597043,0.0,0.0,0.0,0.0,0.0,0.0,0.0,0.0,0.0,0.0,0.0,0.0,0.0,0.0,0.0,0.0,0.0,0.016,0.016,0.016,0.0,3.3759360000000003,3.3759360000000003,3.3759360000000003,0.0,0.036,0.036,0.036,0.0,3.797928,3.797928,3.797928,0.0
robustness_alt_test,uptake(mmol/g) CO2 at 0.15 bar,29,1000,geometry_plus_topology,rf,geometry_plus_topology | rf,5,0.6164749798847036,0.608017262878198,0.6249326968912091,0.009648994980103274,0.35996464007651235,0.35315846889106056,0.36677081126196415,0.00776482726386254,0.6235123444227957,0.6131566054154716,0.6338680834301198,0.011814355294705559,0.8418076588335708,0.8339805487748952,0.8496347688922463,0.008929566407434168,0.4653014789533561,0.441299533037201,0.4893034248695112,0.027382644214692005,9.307617638722252,8.827496802494998,9.787738474949506,0.5477463404174397,0.068,-0.0016834442317542053,0.13768344423175422,0.07949842765740717,71.73864,-1.7759999956160613,145.25327999561608,83.86925121001141,0.066,0.0128265329322979,0.1191734670677021,0.06066300355241241,34.81434,6.76586785645782,62.862812143542186,31.999127743862022,0.11599999999999999,0.06660177816965472,0.16539822183034525,0.056356011214421485,24.475536,14.05270878668447,34.898363213315534,11.890892942198077,0.1656,0.13235155919445246,0.19884844080554753,0.03793151723830725,17.470468800000003,13.962824791896347,20.97811280810366,4.001699205606938
robustness_alt_test,uptake(mmol/g) CO2 at 0.15 bar,29,1000,geometry_plus_topology,hgb,geometry_plus_topology | hgb,5,0.635505732970177,0.6222870723132538,0.6487243936271002,0.015080522347133854,0.36917329459903814,0.3570139672071703,0.38133262199090595,0.013871980922903909,0.5998072008567008,0.5830323935307433,0.6165820081826583,0.01913755586239919,0.8327744180563013,0.8191514347640647,0.8463974013485378,0.01554179423356366,0.4427758816837315,0.41466930931017193,0.47088245405729107,0.032065411449896324,8.857028814158193,8.294801439818833,9.419256188497553,0.6414176672622603,0.02,0.0024692270564016516,0.03753077294359835,0.02,21.0996,2.604985159962613,39.59421484003738,21.0996,0.032,0.0033276718768775297,0.06067232812312247,0.03271085446759225,16.87968,1.7553136383341297,32.00404636166587,17.254648623110235,0.096,0.057193979848482276,0.1348060201515177,0.04427188724235731,20.255616000000003,12.067700972110368,28.44353102788964,9.341191120588425,0.144,0.10283066772462782,0.18516933227537216,0.046968074263269516,15.191712,10.84842978361279,19.53499421638721,4.955037898626407
robustness_alt_test,uptake(mmol/g) CO2 at 0.15 bar,29,1000,geometry_plus_topology,mlp,geometry_plus_topology | mlp,5,0.6471243542951408,0.6220553409156195,0.6721933676746621,0.028600009206868036,0.3789943827937434,0.3616169678336573,0.3963717977538295,0.019825041389782787,0.5845791304444028,0.5520603666727675,0.6170978942160381,0.03709906445797656,0.8222815647133033,0.8036606592676484,0.8409024701589581,0.021243678764836908,0.42904816078877517,0.3802551779377271,0.4778411436398232,0.05566552371424739,8.58242754396932,7.606401357996649,9.558453729941991,1.1135004590075221,0.012,0.0023980002082899434,0.021601999791710055,0.010954451150103323,12.65976,2.5298422597417254,22.789677740258277,11.556726874336002,0.012,0.0023980002082899434,0.021601999791710055,0.010954451150103323,6.32988,1.264921129870861,11.394838870129139,5.778363437168003,0.039999999999999994,0.022823420596637986,0.057176579403362,0.019595917942265426,8.43984,4.81565045220823,12.06402954779177,4.134660302146236,0.09280000000000001,0.06055576603483966,0.12504423396516035,0.03678586685127863,9.790214400000002,6.388512205143515,13.191916594856488,3.880835381076194
robustness_alt_test,uptake(mmol/g) CO2 at 0.15 bar,29,1000,enriched_interpretable,rf,enriched_interpretable | rf,5,0.6501795201263567,0.6397816803027482,0.6605773599499652,0.011862386053440385,0.38941273372655244,0.3811797095733208,0.39764575787978407,0.009392653911746688,0.5811901075925565,0.5677363351983286,0.5946438799867845,0.015348749809848938,0.824983731490858,0.8151040421825114,0.8348634207992046,0.011271253515326976,0.41638225255972705,0.39599580884528784,0.43676869627416626,0.023257894880081318,8.329066151032627,7.92126769843765,8.736864603627604,0.4652372760824459,0.07200000000000001,-0.005015780201202913,0.14901578020120293,0.08786353054595519,75.95856,-5.291547796665043,157.20866779666505,92.6942674553718,0.05800000000000001,0.001397046013480896,0.11460295398651912,0.06457553716385177,30.594420000000003,0.736927801651035,60.45191219834897,34.06295009856017,0.11280000000000001,0.07180646997390931,0.1537935300260907,0.04676751008980487,23.800348800000002,15.150877938614968,32.449819661385035,9.867757558908469,0.1704,0.14351440058321183,0.19728559941678817,0.0306724632202893,17.9768592,15.140482232727683,20.813236167272315,3.23588352481408
robustness_alt_test,uptake(mmol/g) CO2 at 0.15 bar,29,1000,geometry_only,rf,geometry_only | rf,5,0.6558428781038474,0.6477154687044869,0.663970287503208,0.00927216321323508,0.39296181996790613,0.38412615070639405,0.4017974892294182,0.010080182191554253,0.5739076115065495,0.5632985129850077,0.5845167100280912,0.012103400752122427,0.8226556367793927,0.8121408928106943,0.833170380748091,0.011995756265313946,0.40872203261281764,0.3969478467160089,0.4204962185096264,0.013432591859685516,8.175835607999058,7.9403117051280825,8.411359510870033,0.2686976822171221,0.05600000000000001,0.0042916486435701645,0.10770835135642985,0.05899152481501051,59.078880000000005,4.527603485993652,113.63015651400636,62.23487884933978,0.06000000000000001,0.029635810565733865,0.09036418943426616,0.034641016151377546,31.649400000000004,15.632593715318958,47.66620628468105,18.27278960969014,0.1192,0.09642348437534837,0.14197651562465163,0.025984610830258745,25.1507232,20.344969509261006,29.956476890738998,5.482648946741273,0.16920000000000002,0.15121065915604467,0.18718934084395536,0.020523157651784488,17.850261600000003,15.952422119644403,19.748101080355603,2.1651520859479594
robustness_alt_test,uptake(mmol/g) CO2 at 0.15 bar,29,1000,geometry_plus_topology,ridge,geometry_plus_topology | ridge,5,0.6596769782477396,0.6540379321865599,0.6653160243089193,0.006433311388291016,0.39620161090476125,0.3911987316592498,0.4012044901502727,0.005707539834789034,0.5689472482819522,0.5615849479725818,0.5763095485913226,0.008399287735979465,0.8271621492137589,0.822694620931839,0.8316296774956787,0.0050967841478447625,0.3856655290102389,0.3636366648381818,0.40769439318229606,0.025131651916239502,7.714626844808907,7.273974377530999,8.155279312086815,0.5027188118808181,0.032,0.005413266466148949,0.05858673353385105,0.030331501776206204,33.75936,5.710887856457823,61.80783214354218,31.999127743862015,0.032,0.004700358976719131,0.05929964102328087,0.03114482300479487,16.87968,2.479392356629573,31.279967643370426,16.42858268679925,0.04,0.019706663162505782,0.060293336837494216,0.023151673805580447,8.43984,4.158027100636069,12.721652899363932,4.884910566282254,0.0668,0.0521013067247459,0.0814986932752541,0.016769019053003664,7.047266400000001,5.496583656847244,8.597949143152757,1.7690979720537807
robustness_alt_test,uptake(mmol/g) CO2 at 0.15 bar,29,1000,enriched_interpretable,hgb,enriched_interpretable | hgb,5,0.672545553273064,0.6554429246717304,0.6896481818743976,0.019511551095160187,0.39738870356597733,0.38388326433222114,0.4108941427997335,0.015407693975852798,0.5516982217902726,0.52861734682506,0.5747790967554852,0.026331839491014582,0.8164389209685716,0.8028024968320958,0.8300753451050474,0.015557128234274908,0.4031854379977247,0.37158523300219226,0.43478564299325717,0.03605112575149951,8.065084819469844,7.4329728690302,8.697196769909487,0.7211455564148072,0.024,0.009332703043846154,0.03866729695615385,0.01673320053068151,25.319519999999997,9.845815057196809,40.793224942803185,17.65319189585838,0.03,0.007652561668056897,0.0523474383319431,0.025495097567963924,15.824700000000002,4.036649754283335,27.61275024571667,13.448409016125291,0.09119999999999999,0.04361436452037232,0.13878563547962766,0.05428812024743535,19.242835200000002,9.202456456340478,29.283213943659526,11.454576219727873,0.13119999999999998,0.08896939043774052,0.17343060956225945,0.04817883352676775,13.841337600000003,9.386092752400753,18.296582447599253,5.082770579406945
robustness_alt_test,uptake(mmol/g) CO2 at 0.15 bar,29,1000,enriched_interpretable,mlp,enriched_interpretable | mlp,5,0.6812993351256582,0.6475656627127604,0.715033007538556,0.03848509420711683,0.4137831759401611,0.3858428979340147,0.4417234539463075,0.03187569435305389,0.5390881611913513,0.4921367140494087,0.5860396083332939,0.053564605842536694,0.8123585243084597,0.7965095815343177,0.8282074670826016,0.018081282354329355,0.3715585893060296,0.3189493279921609,0.42416785061989826,0.06001932884890829,7.4324399041728295,6.380075124102576,8.484804684243084,1.2005914211039301,0.012,0.0023980002082899434,0.021601999791710055,0.010954451150103323,12.65976,2.5298422597417254,22.789677740258277,11.556726874336002,0.016,0.008160000000000002,0.02384,0.008944271909999158,8.43984,4.3043184000000005,12.5753616,4.718013989805456,0.040799999999999996,0.026907484605011227,0.05469251539498876,0.015849290204927157,8.608636800000001,5.677371621718951,11.539901978281051,3.344136836078811,0.1012,0.07259205592846629,0.1298079440715337,0.0326374018573783,10.676397600000001,7.658316716341339,13.694478483658663,3.4431806211496956
robustness_alt_test,uptake(mmol/g) CO2 at 0.15 bar,29,1000,geometry_only,hgb,geometry_only | hgb,5,0.6840122792835839,0.673985358944543,0.6940391996226247,0.011439222185240063,0.40470263259810435,0.39575666519696245,0.41364859999924625,0.010206015935433885,0.5364893888417429,0.522835224585767,0.5501435530977188,0.015577367067505015,0.8125970417440819,0.8035967241311914,0.8215973593569723,0.010268021429342635,0.3894577171027683,0.35878042578411956,0.420135008421417,0.03499821875207279,7.790483549280973,7.176833022255034,8.404134076306912,0.7000838228870261,0.024,0.009332703043846154,0.03866729695615385,0.01673320053068151,25.319519999999997,9.845815057196809,40.793224942803185,17.65319189585838,0.038,0.022320000000000003,0.05367999999999999,0.017888543819998316,20.044620000000002,11.773576800000003,28.315663200000003,9.436027979610913,0.0736,0.04923285621990135,0.09796714378009864,0.02779928056623049,15.5293056,10.387935730974306,20.670675469025696,5.865537002352369,0.11640000000000002,0.09787203799658475,0.13492796200341528,0.02113764414498456,12.279967200000002,10.325304264563696,14.234630135436307,2.2299791820075816
robustness_alt_test,uptake(mmol/g) CO2 at 0.15 bar,29,1000,geometry_only,mlp,geometry_only | mlp,5,0.6922028090861654,0.6647923516397752,0.7196132665325555,0.03127124803290494,0.416965247359915,0.39640927242078866,0.4375212222990414,0.023451304748810527,0.524653889244895,0.48688759949519544,0.5624201789945945,0.0430857097644294,0.8052428817497728,0.7869930855580197,0.8234926779415258,0.02082029839810028,0.29108835798255595,0.22510818355245096,0.3570685324126609,0.07527354856786132,5.822760635275633,4.502931958364898,7.1425893121863675,1.505727877666332,0.012,0.0023980002082899434,0.021601999791710055,0.010954451150103323,12.65976,2.5298422597417254,22.789677740258277,11.556726874336002,0.016,0.0013327030438461535,0.030667296956153847,0.01673320053068151,8.43984,0.7029875285984071,16.176692471401594,8.826595947929189,0.033600000000000005,0.00776366094045057,0.05943633905954944,0.02947541348310486,7.0894656,1.638101403791306,12.540829796208694,6.2191943432811945,0.0496,0.015037246405993639,0.08416275359400635,0.03943095230906806,5.232700800000001,1.5863994213395172,8.879002178660485,4.159886606702063
robustness_alt_test,uptake(mmol/g) CO2 at 0.15 bar,29,1000,enriched_interpretable,ridge,enriched_interpretable | ridge,5,0.7132223544447894,0.7094171376582766,0.7170275712313022,0.004341185410084637,0.43994059937079666,0.43247444531073354,0.4474067534308598,0.008517769392238379,0.4961543783345589,0.49078390379790837,0.5015248528712094,0.006126911293562352,0.8080606246000567,0.8005497787617608,0.8155714704383525,0.008568756052525951,0.27834660599165717,0.26537022993647974,0.2913229820468346,0.014804111714784334,5.567882108249497,5.308310299173065,5.82745391732593,0.29613276027423535,0.008,-0.0016019997917100567,0.01760199979171006,0.010954451150103323,8.43984,-1.6900777402582747,18.569757740258275,11.556726874336002,0.014000000000000002,0.006160000000000004,0.02184,0.008944271909999158,7.384859999999999,3.249338399999999,11.520381599999999,4.718013989805456,0.0344,0.030402368701343257,0.03839763129865674,0.004560701700396552,7.258262400000001,6.414778186508624,8.101746613491379,0.9622898159768707,0.05639999999999999,0.051862271934106224,0.06093772806589376,0.005176871642217915,5.9500872000000005,5.47136596450434,6.428808435495661,0.5461496045107057
robustness_alt_test,uptake(mmol/g) CO2 at 0.15 bar,29,1000,geometry_only,ridge,geometry_only | ridge,5,0.7478617295402857,0.7461076632527283,0.7496157958278432,0.0020011282938872943,0.4931180330950914,0.4879926727221458,0.498243393468037,0.005847272552596934,0.4460381837273748,0.4434395264928591,0.4486368409618905,0.00296468072785645,0.7997406551855076,0.7981050978021347,0.8013762125688806,0.0018659272909813843,0.18202502844141072,0.1793042176543999,0.18474583922842153,0.0031040397314647133,3.641121814659072,3.586696312875214,3.6955473164429296,0.06209138862155182,0.0,0.0,0.0,0.0,0.0,0.0,0.0,0.0,0.0,0.0,0.0,0.0,0.0,0.0,0.0,0.0,0.0032,0.0002665406087692299,0.006133459391230771,0.0033466401061363026,0.6751872000000001,0.056239002287872486,1.2941353977121277,0.7061276758343353,0.005599999999999999,0.004815999999999999,0.006383999999999999,0.000894427190999916,0.5907888000000001,0.5080783680000001,0.6734992320000002,0.09436027979610916
robustness_alt_test,uptake(mmol/g) CO2 at 0.15 bar,29,1000,topology_only,ridge,topology_only | ridge,5,0.8051399775243537,0.8020105666284775,0.80826938842023,0.0035701915779122006,0.5219999848513739,0.5175204314425166,0.5264795382602312,0.00511050302604376,0.3579271036957009,0.3529323325579637,0.36292187483343813,0.005698289691854302,0.6394838771362462,0.6340411036280575,0.6449266506444349,0.006209393648186098,0.19787637466818353,0.19467600013063652,0.20107674920573054,0.003651150520109483,3.9582028393522988,3.8941844258213667,4.022221252883231,0.07303547166676341,0.032,0.005413266466148953,0.05858673353385105,0.0303315017762062,33.75936,5.710887856457823,61.80783214354218,31.99912774386202,0.024,0.004796000416579887,0.04320399958342011,0.021908902300206645,12.65976,2.5298422597417254,22.789677740258277,11.556726874336002,0.0368,0.02290748460501123,0.05069251539498877,0.015849290204927157,7.7646528,4.833387621718949,10.695917978281052,3.3441368360788113,0.0536,0.03780283772318585,0.06939716227681415,0.018022208521710097,5.6546928,3.988123774120661,7.32126182587934,1.9013069546233718
robustness_alt_test,uptake(mmol/g) CO2 at 0.15 bar,29,1000,topology_only,rf,topology_only | rf,5,0.8071587388705666,0.8041500671275351,0.810167410613598,0.003432446193571949,0.5234551688625046,0.5173886440777128,0.5295216936472965,0.006921000921419348,0.35470408936108727,0.3498917844768592,0.35951639424531534,0.005490122882442999,0.6358096954760115,0.6302215230686542,0.6413978678833688,0.006375272128999776,0.19916571861964352,0.1954538365811452,0.20287760065814184,0.004234704368644257,3.9839941188728014,3.9097438095634542,4.058244428182149,0.0847085402888192,0.012,-0.011519999999999999,0.035519999999999996,0.02683281572999748,12.65976,-12.153369599999996,37.472889599999995,28.308083938832738,0.01,-0.005182094717133073,0.025182094717133074,0.017320508075688773,5.2749,-2.733503142340523,13.283303142340522,9.13639480484507,0.0264,0.0021593082606952,0.0506406917393048,0.02765501762790977,5.5702944,0.4556054057736443,10.684983394226355,5.83509809941845,0.045599999999999995,0.023620017834402138,0.06757998216559785,0.025075884829851965,4.8107088000000005,2.4918646414937577,7.129552958506244,2.6454556977797226
robustness_alt_test,uptake(mmol/g) CO2 at 0.15 bar,29,1000,topology_only,mlp,topology_only | mlp,5,0.8102387789871,0.7969867517378929,0.823490806236307,0.01511858865760531,0.5281724013646728,0.514392881381792,0.5419519213475537,0.015720379275019552,0.349598213636768,0.3280743653497759,0.3711220619237601,0.02455550403423815,0.6324289720927279,0.6257821226716943,0.6390758215137614,0.007583064868181695,0.20083428138035647,0.19933663611330923,0.2023319266474037,0.001708590113927766,4.017371068840509,3.987413052082271,4.047329085598747,0.0341776336441319,0.008,-0.007679999999999996,0.023679999999999996,0.017888543819998316,8.43984,-8.102246399999999,24.9819264,18.872055959221825,0.008,-0.007679999999999996,0.023679999999999996,0.017888543819998316,4.21992,-4.051123199999999,12.4909632,9.436027979610913,0.014400000000000001,0.0031474831259846615,0.02565251687401534,0.012837445228704968,3.0383424000000003,0.6641063496502593,5.412578450349741,2.708649593475834,0.0312,0.020784301079620246,0.04161569892037975,0.011882760622010357,3.2915376000000003,2.1927021952977768,4.390373004702224,1.2536074801008488
robustness_alt_test,uptake(mmol/g) CO2 at 0.15 bar,29,1000,topology_only,hgb,topology_only | hgb,5,0.8105740428110064,0.8065931237224435,0.8145549618995693,0.004541635558649606,0.5294127366055568,0.5228368328525177,0.5359886403585958,0.007502126431271141,0.3492247688513149,0.3428221407346452,0.3556273969679847,0.007304444746696417,0.6102431696839765,0.6016888143856535,0.6187975249822996,0.00975924487282445,0.2040197193780812,0.20401971937808117,0.20401971937808122,3.1031676915590914e-17,4.081090700597043,4.081090700597043,4.081090700597043,0.0,0.0,0.0,0.0,0.0,0.0,0.0,0.0,0.0,0.0,0.0,0.0,0.0,0.0,0.0,0.0,0.0,0.016,0.016,0.016,0.0,3.3759360000000003,3.3759360000000003,3.3759360000000003,0.0,0.036,0.036,0.036,0.0,3.797928,3.797928,3.797928,0.0
robustness_alt_test,uptake(mmol/g) CO2 at 0.15 bar,29,2000,geometry_plus_topology,rf,geometry_plus_topology | rf,5,0.5987226555029984,0.5929637623534053,0.6044815486525915,0.006570039060024501,0.34603607706505163,0.3430805690591348,0.34899158507096845,0.0033717942904463423,0.6449185843320684,0.6380902563623142,0.6517469123018226,0.007790104853588533,0.8549435770041652,0.852302247186445,0.8575849068218855,0.0030133637874589295,0.4797876374668183,0.4619904218265097,0.4975848531071269,0.02030397141936353,9.597390249805537,9.241385195649057,9.953395303962017,0.40614872521805323,0.028000000000000004,-0.0013345939123076966,0.057334593912307705,0.033466401061363026,29.539440000000003,-1.4079698856063736,60.486849885606375,35.30638379171676,0.046,0.02231722989175464,0.06968277010824536,0.027018512172212593,24.26454,11.772115595601656,36.756964404398346,14.25199498572042,0.1256,0.12367960004165798,0.127520399958342,0.002190890230020666,26.5010976,26.09590089038967,26.90629430961033,0.46226907497343955,0.1784,0.16837521790760518,0.18842478209239483,0.011436782764396636,18.820843200000002,17.763248738816532,19.878437661183472,1.2065577080783159
robustness_alt_test,uptake(mmol/g) CO2 at 0.15 bar,29,2000,geometry_plus_topology,mlp,geometry_plus_topology | mlp,5,0.6072738538217031,0.6018493251860415,0.6126983824573646,0.006188578966955855,0.35145318743634124,0.3445204180726197,0.3583859568000628,0.0079092569232701,0.634708160822586,0.6282011114377278,0.6412152102074441,0.0074235738558627645,0.8540883813292591,0.8501066992292861,0.8580700634292322,0.004542506040986738,0.4666666666666667,0.46067147639485045,0.4726618569384829,0.006839618870319662,9.334926052332197,9.215001785495627,9.454850319168767,0.1368157208155072,0.024,0.0011426685722064275,0.04685733142779357,0.026076809620810593,25.31952,1.2054924903063302,49.43354750969367,27.510512613762764,0.030000000000000006,0.0002751282593179312,0.059724871740682084,0.03391164991562634,15.824700000000002,0.14512740550761372,31.50427259449239,17.88805621399374,0.0696,0.027409434988376835,0.11179056501162316,0.04813314866077224,14.685321600000004,5.783281144807564,23.587362055192443,10.1559018348283,0.12719999999999998,0.09558136650644115,0.1588186334935588,0.036072149922065914,13.4193456,10.08364300369653,16.75504819630347,3.80553967247811
robustness_alt_test,uptake(mmol/g) CO2 at 0.15 bar,29,2000,geometry_plus_topology,hgb,geometry_plus_topology | hgb,5,0.6089611222405232,0.6013411099216471,0.6165811345593993,0.008693298742037139,0.35082261751466826,0.3465651323046509,0.3550801027246856,0.00485715629734632,0.6326460981971143,0.6234563967215269,0.6418357996727017,0.010484080200175293,0.8476780361871725,0.8418101746797115,0.8535458976946335,0.006694355721039379,0.4698521046643913,0.45039889680434375,0.4893053125244389,0.02219321181403038,9.398645684088729,9.00951513368689,9.787776234490568,0.44393998103082605,0.032,-0.013714662855587145,0.07771466285558715,0.05215361924162119,33.75936,-14.468695019387333,81.98741501938733,55.02102522752552,0.044,0.01799766164361366,0.07000233835638633,0.029664793948382655,23.20956,9.493586540389773,36.92553345961023,15.647882159832365,0.11520000000000001,0.08199318045942973,0.14840681954057028,0.037884033576165044,24.3067392,17.30023310421783,31.313245295782167,7.993379548436519,0.16479999999999997,0.1489931133995337,0.18060688660046625,0.018033302526159763,17.3860704,15.718475477424011,19.05366532257599,1.902477349904803
robustness_alt_test,uptake(mmol/g) CO2 at 0.15 bar,29,2000,enriched_interpretable,rf,enriched_interpretable | rf,5,0.6312866078518908,0.6258711753932641,0.6367020403105176,0.006178201584208249,0.37585206330609233,0.37269812025676546,0.3790060063554192,0.003598179109927494,0.6052508966941488,0.5984879466366727,0.6120138467516248,0.0077155183964043705,0.8372921502534171,0.8334238776291295,0.8411604228777046,0.004413122726228897,0.4489950701554797,0.43423598868390073,0.46375415162705863,0.01683791298770824,8.981433809492378,8.686201807769088,9.276665811215668,0.3368157270339864,0.04,0.004938454112803303,0.0750615458871967,0.04,42.1992,5.209970319925226,79.18842968007476,42.1992,0.064,0.04582370774882842,0.08217629225117158,0.02073644135332772,33.75936,24.171547600429506,43.347172399570496,10.93826544946684,0.1296,0.10237363160463739,0.1568263683953626,0.03106122985330748,27.345081600000004,21.600426774052075,33.08973642594793,6.553795254128465,0.17519999999999997,0.15968749459307102,0.1907125054069289,0.017697457444503153,18.4832496,16.84671130457981,20.119787895420192,1.8670463654801934
robustness_alt_test,uptake(mmol/g) CO2 at 0.15 bar,29,2000,geometry_only,rf,geometry_only | rf,5,0.6391910051557439,0.6356085557242802,0.6427734545872076,0.00408704104832052,0.3797755119879781,0.37718614330766864,0.38236488066828755,0.002954083871418825,0.5953214008698504,0.5907842854575024,0.5998585162821984,0.005176172695802177,0.836253508096134,0.8325192935528141,0.8399877226394539,0.004260182429301857,0.4316268486916951,0.421275912361454,0.4419777850219362,0.011808876155709863,8.634010103010324,8.426956048977752,8.841064157042895,0.23621782644578707,0.039999999999999994,0.012281414177487335,0.06771858582251265,0.03162277660168379,42.1992,12.956646328965594,71.4417536710344,33.361396859244365,0.062,0.03470035897671912,0.08929964102328088,0.031144823004794875,32.70438,18.304092356629575,47.104667643370426,16.42858268679925,0.1336,0.10614880228478182,0.16105119771521817,0.03131772660970141,28.189065600000003,22.396972686879828,33.98115851312018,6.60791504374056,0.17519999999999997,0.15310844360394674,0.1972915563960532,0.02520317440323738,18.4832496,16.152634583329178,20.813864616670823,2.658884493192737
robustness_alt_test,uptake(mmol/g) CO2 at 0.15 bar,29,2000,enriched_interpretable,hgb,enriched_interpretable | hgb,5,0.6417667865702283,0.6343427151621893,0.6491908579782674,0.008469759356218253,0.37856975721687197,0.3734201068799848,0.38371940755375916,0.005874983782466547,0.5920098210986559,0.5825598436968997,0.601459798500412,0.010781016253144614,0.8313251378261581,0.8257563168810731,0.8368939587712432,0.006353194993742202,0.44254835039817975,0.4207679091917712,0.4643287916045883,0.024848238325238275,8.852477411889868,8.416794251784884,9.288160571994853,0.497049572778913,0.028000000000000004,-0.010407999166840223,0.06640799916684023,0.04381780460041329,29.539440000000003,-10.980230961033104,70.05911096103311,46.226907497344015,0.048,0.02070035897671913,0.07529964102328088,0.03114482300479487,25.31952,10.919232356629573,39.71980764337043,16.42858268679925,0.11440000000000002,0.07331660461938427,0.15548339538061576,0.04687003307018248,24.1379424,15.4695103082716,32.8063744917284,9.889389497676223,0.16640000000000002,0.14128751195122238,0.19151248804877766,0.028649607327151973,17.5548672,14.905549935830056,20.204184464169945,3.0224762737998794
robustness_alt_test,uptake(mmol/g) CO2 at 0.15 bar,29,2000,enriched_interpretable,mlp,enriched_interpretable | mlp,5,0.6517053352789853,0.6435314009635184,0.6598792695944523,0.009325241210715438,0.3906593568439745,0.38397247425916314,0.3973462394287859,0.007628736743468242,0.5792652269739088,0.5687290380215173,0.5898014159263003,0.01202022179659674,0.8351900731777935,0.8314718776393002,0.8389082687162868,0.004241907131483376,0.4161547212741752,0.4058648087338321,0.42644463381451825,0.01173925710343603,8.324514748764303,8.118681378802014,8.530348118726591,0.23482520779262306,0.02,0.007603871572139953,0.03239612842786005,0.01414213562373095,21.0996,8.021932431176207,34.177267568823794,14.919670240323677,0.026000000000000002,0.016005921753358146,0.03599407824664186,0.011401754250991379,13.71474,8.442963665678889,18.986516334321113,6.014311349855443,0.072,0.05201184350671628,0.09198815649328371,0.022803508501982758,15.191712,10.974290932543111,19.409133067456892,4.811449079884354,0.136,0.12616087808795928,0.14583912191204074,0.011224972160321823,14.347728,13.309720316523528,15.385735683476472,1.1842121129696315
robustness_alt_test,uptake(mmol/g) CO2 at 0.15 bar,29,2000,geometry_plus_topology,ridge,geometry_plus_topology | ridge,5,0.6523769110200481,0.6500152774977708,0.6547385445423255,0.0026942719866094307,0.39267451056607344,0.3886578368641459,0.396691184268001,0.004582426245380473,0.5784609486553725,0.575408257883637,0.5815136394271079,0.0034826653468809097,0.8349187904337156,0.8298687706575761,0.8399688102098551,0.00576132015671746,0.3934015927189988,0.3794633691138694,0.40733981632412825,0.015901436462582453,7.8693745219319196,7.590562479100303,8.148186564763536,0.31808300036585613,0.024,0.009332703043846154,0.03866729695615385,0.01673320053068151,25.31952,9.845815057196814,40.793224942803185,17.653191895858377,0.024,0.012240000000000003,0.03576,0.013416407864998738,12.659759999999999,6.4564775999999995,18.863042399999998,7.077020984708184,0.0336,0.02290766554956309,0.044292334450436906,0.012198360545581525,7.089465600000001,4.833425800295615,9.345505399704388,2.57380528167552,0.064,0.05635851323366978,0.07164148676633023,0.008717797887081345,6.7518720000000005,5.945710429125694,7.558033570874307,0.9197102414913081
robustness_alt_test,uptake(mmol/g) CO2 at 0.15 bar,29,2000,geometry_only,hgb,geometry_only | hgb,5,0.6571624148778399,0.6522946801197556,0.6620301496359242,0.005553360109956617,0.38751404430027087,0.3835550318659355,0.39147305673460625,0.004516643330071882,0.5722352756720925,0.5658799176138851,0.5785906337303,0.00725051665280764,0.8286883176302531,0.8237974400570616,0.8335791952034446,0.005579762613921079,0.4148653773227152,0.3985591357347339,0.43117161891069655,0.01860299216747977,8.2987234692438,7.972542984782508,8.624903953705092,0.37212333479044013,0.027999999999999997,0.012319999999999998,0.04368,0.01788854381999832,29.539440000000003,12.997353600000004,46.0815264,18.872055959221825,0.046000000000000006,0.026796000416579892,0.06520399958342012,0.021908902300206645,24.26454,14.134622259741725,34.394457740258275,11.556726874336002,0.1016,0.0773593082606952,0.1258406917393048,0.02765501762790977,21.4371936,16.322504605773645,26.551882594226356,5.83509809941845,0.1548,0.13253522818441654,0.17706477181558344,0.025400787389370433,16.3310904,13.982201502999576,18.679979297000425,2.6797322680038023
robustness_alt_test,uptake(mmol/g) CO2 at 0.15 bar,29,2000,geometry_only,mlp,geometry_only | mlp,5,0.6668210018895783,0.6563616112537131,0.6772803925254435,0.011932606359703713,0.3987618097522859,0.39103841053955485,0.406485208965017,0.008811247784201524,0.5594811409551621,0.5456795314726262,0.573282750437698,0.015745580102987763,0.8250424265981214,0.8157899262202241,0.8342949269760188,0.010555724391235172,0.35426621160409555,0.3282078793232539,0.3803245438849372,0.029728674673591346,7.0865333317802195,6.565277749875738,7.607788913684701,0.5946749565253204,0.008,-0.0016019997917100567,0.01760199979171006,0.010954451150103323,8.43984,-1.6900777402582747,18.569757740258275,11.556726874336002,0.034,0.016913116141320562,0.05108688385867945,0.019493588689617928,17.93466,8.921499633385183,26.94782036661482,10.28267309788656,0.054400000000000004,0.03270146327514227,0.07609853672485774,0.02475479751482528,11.478182400000001,6.8998779452019185,16.056486854798084,5.223163256438076,0.0868,0.07513182516414843,0.09846817483585157,0.013311649033834985,9.1572264,7.926257291167332,10.38819550883267,1.4043523497715233
robustness_alt_test,uptake(mmol/g) CO2 at 0.15 bar,29,2000,enriched_interpretable,ridge,enriched_interpretable | ridge,5,0.7093623768717048,0.707133597901919,0.7115911558414906,0.002542704736358666,0.44148207037565756,0.4385045885944463,0.44445955215686883,0.003396863094161014,0.5016029200966552,0.49846877281271357,0.5047370673805969,0.003575595091015214,0.8127735662970126,0.8080405134244477,0.8175066191695775,0.005399708144977447,0.2776640121350019,0.27361064050349726,0.28171738376650657,0.004624293115364122,5.554227901444525,5.47314663478156,5.635309168107491,0.09250164487764219,0.004,-0.0038399999999999997,0.01184,0.00894427190999916,4.21992,-4.051123199999999,12.4909632,9.436027979610913,0.012,0.004666351521923077,0.019333648478076924,0.008366600265340755,6.329879999999999,2.4614537642992027,10.198306235700796,4.413297973964594,0.0344,0.031264,0.037536,0.0035777087639996636,7.2582624,6.596578944,7.919945855999999,0.7548822383688728,0.0548,0.05006344597835093,0.05953655402164907,0.005403702434442517,5.7812904000000005,5.2815934238240665,6.2809873761759345,0.5700797994288166
robustness_alt_test,uptake(mmol/g) CO2 at 0.15 bar,29,2000,geometry_only,ridge,geometry_only | ridge,5,0.7472320039110734,0.7464450966586808,0.748018911163466,0.0008977439328252551,0.4978729233328673,0.49436973530300954,0.5013761113627251,0.003996615598329353,0.44697323034119296,0.4458081195240785,0.4481383411583074,0.0013292178512185216,0.8023310819465017,0.8011865346627577,0.8034756292302457,0.0013057579234257042,0.1838452787258248,0.1823147944576159,0.1853757629940337,0.001746054521535276,3.6775330328056626,3.6469181239456887,3.7081479416656364,0.03492704966115439,0.0,0.0,0.0,0.0,0.0,0.0,0.0,0.0,0.0,0.0,0.0,0.0,0.0,0.0,0.0,0.0,0.004,0.004,0.004,0.0,0.8439840000000001,0.8439840000000001,0.8439840000000001,0.0,0.004399999999999999,0.0029332703043846147,0.005866729695615384,0.001673320053068151,0.4641912,0.3094541505719681,0.6189282494280319,0.17653191895858386
robustness_alt_test,uptake(mmol/g) CO2 at 0.15 bar,29,2000,topology_only,mlp,topology_only | mlp,5,0.799204825175553,0.7980691333731758,0.8003405169779303,0.0012956551385738962,0.520981785424328,0.5164979909164515,0.5254655799322046,0.005115341488138847,0.3673670157180826,0.36556880272278125,0.369165228713384,0.002051493109957847,0.6431432962472133,0.6376301931841086,0.648656399310318,0.006289629191869571,0.19598028062191883,0.18953737845305604,0.20242318279078161,0.007350391439774502,3.9202744871162674,3.7913944543118143,4.04915451992072,0.14703291545569402,0.0,0.0,0.0,0.0,0.0,0.0,0.0,0.0,0.0,0.0,0.0,0.0,0.0,0.0,0.0,0.0,0.0128,-0.0006427997083940807,0.026242799708394084,0.015336231610144652,2.7007488000000004,-0.13562816727231697,5.537125767272318,3.235883524814081,0.0308,0.018061507781530817,0.043538492218469185,0.014532721699667961,3.2493384000000005,1.9054529479359383,4.593223852064063,1.5331730738715705
robustness_alt_test,uptake(mmol/g) CO2 at 0.15 bar,29,2000,topology_only,ridge,topology_only | ridge,5,0.7994259481359944,0.7983458080984582,0.8005060881735306,0.001232278851607222,0.5199010756147738,0.5165327728671114,0.5232693783624363,0.003842731588047146,0.3670170228143581,0.36530582700558667,0.36872821862312954,0.0019522194649110361,0.646328608979301,0.641100814647679,0.651556403310923,0.005964134437701458,0.19962078119074705,0.195238645456648,0.2040029169248461,0.004999363973508382,3.993096923409449,3.9054392526328123,4.080754594186086,0.10000434214584517,0.028000000000000004,0.004480000000000008,0.051519999999999996,0.026832815729997475,29.539440000000003,4.726310400000006,54.352569599999995,28.308083938832738,0.028000000000000004,0.012320000000000005,0.043680000000000004,0.01788854381999832,14.769719999999998,6.4986768,23.040763199999994,9.43602797961091,0.029599999999999998,0.014601196847748148,0.04459880315225185,0.01711139970896595,6.245481600000001,3.0807941300874697,9.41016906991253,3.61043689299298,0.0432,0.031079654130347602,0.0553203458696524,0.013827508813954885,4.5575136,3.278841351443411,5.836185848556589,1.4587745248546125
robustness_alt_test,uptake(mmol/g) CO2 at 0.15 bar,29,2000,topology_only,rf,topology_only | rf,5,0.8001502714212535,0.7981846560806907,0.8021158867618163,0.0022424742444463594,0.520255733793652,0.5167230871409917,0.5237883804463123,0.0040302234978752995,0.3658666901734685,0.36274807743168364,0.3689853029152534,0.0035578724929224252,0.643903581447937,0.6380093959404463,0.6497977669554278,0.0067243874830323425,0.2006825938566553,0.19546169218285653,0.20590349553045406,0.005956270942069646,4.014336800661627,3.9099009484086076,4.118772652914646,0.11914574741116106,0.024,0.004796000416579887,0.04320399958342011,0.021908902300206645,25.31952,5.059684519483451,45.579355480516554,23.113453748672004,0.024,0.008076884726913518,0.03992311527308648,0.01816590212458495,12.65976,4.260475924599614,21.059044075400386,9.582331711697314,0.024,0.010881170783945696,0.037118829216054305,0.014966629547095767,5.063903999999999,2.2958835107294044,7.831924489270594,3.1578989679190186,0.04159999999999999,0.02887357646469362,0.05432642353530637,0.014518953130305228,4.3887168,3.0461045698722478,5.731329030127752,1.5317205173409412
robustness_alt_test,uptake(mmol/g) CO2 at 0.15 bar,29,2000,topology_only,hgb,topology_only | hgb,5,0.8036565957542059,0.8013500924497461,0.8059630990586657,0.00263137662198976,0.5240276336898145,0.5212345264665078,0.5268207409131213,0.0031865191937549132,0.36029539755457857,0.3566249829439679,0.36396581216518925,0.004187396211700987,0.6310377704500778,0.6209954462331061,0.6410800946670495,0.011456795714918902,0.2031095942358741,0.200187120032414,0.2060320684393342,0.003334107643584865,4.062885091523748,4.004425633139858,4.121344549907638,0.06669353207867205,0.0,0.0,0.0,0.0,0.0,0.0,0.0,0.0,0.002,-0.0019199999999999998,0.00592,0.00447213595499958,1.05498,-1.0127807999999998,3.1227408,2.359006994902728,0.0168,0.00506616243507692,0.02853383756492308,0.013386560424545208,3.5447328000000007,1.0689400091514902,6.020525590848511,2.8245107033373413,0.035199999999999995,0.023531825164148416,0.046868174835851574,0.01331164903383499,3.7135296,2.4825604911673302,4.94449870883267,1.4043523497715236
robustness_alt_test,uptake(mmol/g) CO2 at 0.15 bar,29,5000,geometry_plus_topology,hgb,geometry_plus_topology | hgb,5,0.5717000086681294,0.5668357954568537,0.5765642218794051,0.005549342549727047,0.32586928914251423,0.32317230276654346,0.328566275518485,0.003076859628092541,0.6762544140629991,0.6707352806184836,0.6817735475075146,0.00629650895858635,0.8680294397414603,0.8650603335912873,0.8709985458916333,0.003387307747040528,0.5191505498672735,0.5074290325315312,0.5308720672030158,0.013372504878654094,10.384782842225562,10.150312490332096,10.619253194119027,0.26749573752147293,0.048,0.007641129847330952,0.08835887015266905,0.04604345773288536,50.63904,8.061239166337216,93.21684083366279,48.57492703903939,0.066,0.034640000000000004,0.09736,0.03577708763999664,34.81434,18.272253600000003,51.356426400000004,18.872055959221825,0.1672,0.1303103214435257,0.20408967855647428,0.04208562700020043,35.2785312,27.49495658329815,43.06210581670186,8.879898954534292,0.21680000000000002,0.19872544152683116,0.23487455847316888,0.020620378270051205,22.871966399999998,20.96513663019763,24.778796169802366,2.175408666733862
robustness_alt_test,uptake(mmol/g) CO2 at 0.15 bar,29,5000,geometry_plus_topology,rf,geometry_plus_topology | rf,5,0.5732395996036954,0.5694773830874607,0.5770018161199302,0.004292128508353768,0.3265919770363309,0.32512902440426383,0.328054929668398,0.0016690109863082587,0.6745183046499009,0.670248396960227,0.6787882123395749,0.0048713284957958925,0.8708535676557625,0.8692083074055078,0.8724988279060172,0.0018769968164529685,0.5119453924914676,0.5036687006817241,0.5202220843012112,0.009442472201735861,10.24065510372864,10.075093019438857,10.406217188018424,0.1888816709022999,0.064,0.005330812175384614,0.12266918782461539,0.06693280212272604,67.51872,5.623900228787257,129.41353977121275,70.61276758343351,0.078,0.02312,0.13288,0.06260990336999411,41.144220000000004,12.195568800000007,70.0928712,33.026097928638194,0.1736,0.13839848730523077,0.20880151269476924,0.040159681273635624,36.62890560000001,29.201527227454477,44.05628397254554,8.473532110012023,0.2224,0.20584292972775678,0.2389570702722432,0.01888915032498816,23.462755200000004,21.716017400418888,25.20949299958112,1.992767580985601
robustness_alt_test,uptake(mmol/g) CO2 at 0.15 bar,29,5000,geometry_plus_topology,mlp,geometry_plus_topology | mlp,5,0.5927470611145813,0.5856901643373711,0.5998039578917915,0.008050867808184314,0.33988009965142824,0.3366735558395061,0.3430866434633504,0.003658188743004678,0.6519532102447977,0.643670068345807,0.6602363521437884,0.009449830792561132,0.8654743229707534,0.8596023280671148,0.8713463178743921,0.006699071310238932,0.48395904436860065,0.4759489643902501,0.4919691243469512,0.009138307824898951,9.680832624724806,9.520603687000872,9.84106156244874,0.1827973452618862,0.024,0.004796000416579887,0.04320399958342011,0.021908902300206645,25.31952,5.059684519483451,45.579355480516554,23.113453748672004,0.028000000000000004,0.016571334286103218,0.03942866571389679,0.013038404810405297,14.769720000000001,8.741213122576585,20.798226877423417,6.87762815344069,0.0744,0.06712948309953137,0.08167051690046861,0.008294576541331084,15.698102400000002,14.164052416068722,17.232152383931282,1.7501224719146944,0.15200000000000002,0.13954204511165658,0.16445795488834347,0.014212670403551899,16.035696,14.721406675189547,17.349985324810458,1.499408302233918
robustness_alt_test,uptake(mmol/g) CO2 at 0.15 bar,29,5000,enriched_interpretable,rf,enriched_interpretable | rf,5,0.6036339804680454,0.5989805425872002,0.6082874183488906,0.005308879301348134,0.35407245486348027,0.3513979100277533,0.35674699969920726,0.0030512571742635766,0.6390816558706209,0.6335001448465439,0.6446631668946979,0.006367672483163624,0.8534649293012488,0.850634965206679,0.8562948933958187,0.0032285673925212684,0.49025407660219944,0.47752615337709226,0.5029819998273066,0.014520664052927542,9.806754754148434,9.552152849635283,10.061356658661586,0.29046283963893654,0.076,0.01733081217538461,0.1346691878246154,0.06693280212272604,80.17848,18.28366022878724,142.07329977121276,70.61276758343352,0.098,0.04038800124973965,0.15561199875026036,0.06572670690061994,51.69402,21.304266779225166,82.08377322077484,34.670180623008015,0.1648,0.1336958436217923,0.1959041563782077,0.035485208185947,34.7721408,28.209288220823687,41.33499337917632,7.487236986402073,0.2144,0.197521224688977,0.231278775311023,0.01925616784305745,22.618771200000005,20.8380941622377,24.39944823776231,2.031487195106875
robustness_alt_test,uptake(mmol/g) CO2 at 0.15 bar,29,5000,enriched_interpretable,hgb,enriched_interpretable | hgb,5,0.6065482028943896,0.6021625513589692,0.61093385442981,0.0050033749789930495,0.3543514355242907,0.3511202615868844,0.357582609461697,0.003686288046513303,0.6355910750401057,0.6303105170705354,0.640871633009676,0.006024329887289503,0.8505249380319443,0.8475700557813604,0.8534798202825282,0.0033710803968434997,0.48668941979522184,0.4780387152947838,0.4953401242956599,0.009869164957266717,9.735449451944694,9.562405837347196,9.908493066542192,0.19741698230218485,0.048,0.018665406087692307,0.0773345939123077,0.03346640106136302,50.63904,19.69163011439363,81.58644988560637,35.306383791716755,0.076,0.036023687013432566,0.11597631298656744,0.045607017003965515,40.089240000000004,19.002134662715555,61.17634533728445,24.057245399421767,0.1512,0.11300061068550965,0.18939938931449035,0.04357981183988752,31.902595200000007,23.8426768521998,39.962513547800214,9.195165978968907,0.194,0.17314648422927204,0.21485351577072798,0.02379075450674064,20.466612,18.266607793219745,22.666616206780258,2.5098770189521233
robustness_alt_test,uptake(mmol/g) CO2 at 0.15 bar,29,5000,geometry_only,rf,geometry_only | rf,5,0.6209951158959293,0.6178266167401182,0.6241636150517403,0.0036147854586960474,0.3644041823120031,0.36242396874721605,0.36638439587679017,0.002259128643281123,0.6180356198544388,0.6141383956387759,0.6219328440701016,0.004446152178459468,0.8484263237959855,0.8463126471869192,0.8505400004050517,0.0024113900920016713,0.45369738339021615,0.4456316318441104,0.4617631349363219,0.009201820789141063,9.075496123037738,8.914153563953349,9.236838682122126,0.1840678213145248,0.06799999999999999,-0.011952625973134887,0.14795262597313485,0.09121403400793104,71.73864,-12.609781349137805,156.0870613491378,96.22898159768708,0.096,0.029648861351141836,0.16235113864885817,0.07569676347110225,50.63904,15.639477874113808,85.6386021258862,39.92928576337172,0.1728,0.13004503603088877,0.21555496396911125,0.04877704378086068,36.46010880000001,27.438982422373414,45.4812351776266,10.291761129586483,0.2092,0.18625543933739414,0.23214456066260586,0.02617632518135424,22.0701816,19.64957633921641,24.490786860783594,2.7615499539825104
robustness_alt_test,uptake(mmol/g) CO2 at 0.15 bar,29,5000,geometry_only,hgb,geometry_only | hgb,5,0.6284321613999044,0.625337147094806,0.6315271757050028,0.0035309501926195875,0.36735580412394886,0.36522140681619014,0.3694902014317076,0.002435029322010736,0.6088327401386485,0.604975901197078,0.612689579080219,0.004400078597765261,0.8457679911776171,0.843915931742651,0.8476200506125833,0.002112923874976587,0.4433067880166856,0.4358815357640547,0.4507320402693165,0.008471106523962319,8.867648752784282,8.719118365573804,9.01617913999476,0.16945104210560855,0.04,-0.0029414485084050188,0.08294144850840501,0.04898979485566356,42.1992,-3.1031693473971274,87.50156934739712,51.68325377682795,0.07600000000000001,0.01798929753916094,0.13401070246083907,0.0661815684310972,40.089240000000004,9.489174558932007,70.689305441068,34.910115531719455,0.1504,0.11115298819018193,0.18964701180981808,0.0447749930206583,31.7337984,23.452835896175625,40.01476090382438,9.44734442738682,0.19119999999999998,0.16663814208981736,0.2157618579101826,0.028021420377989412,20.1712176,17.579990714191553,22.762444485808444,2.9562038070371273
robustness_alt_test,uptake(mmol/g) CO2 at 0.15 bar,29,5000,enriched_interpretable,mlp,enriched_interpretable | mlp,5,0.6335573652638902,0.6286806236451693,0.638434106882611,0.0055636355960011225,0.37714448883026597,0.373923858533917,0.3803651191266149,0.0036742593229752915,0.6024118755431311,0.5962685600131546,0.6085551910731076,0.007008607720539533,0.8444634381907029,0.8410419288947699,0.8478849474866359,0.003903432332323321,0.4413348502085704,0.4256760255434286,0.4569936748737122,0.017864385917860943,8.828203266458809,8.51497333006838,9.141433202849239,0.3573486889576207,0.004,-0.0038399999999999997,0.01184,0.00894427190999916,4.21992,-4.051123199999999,12.4909632,9.436027979610913,0.013999999999999999,0.004005921753358141,0.023994078246641855,0.011401754250991379,7.384860000000001,2.1130836656788876,12.656636334321114,6.014311349855443,0.0784,0.06714748312598466,0.08965251687401533,0.01283744522870497,16.5420864,14.167850349650259,18.91632245034974,2.708649593475834,0.15,0.1395548365259322,0.1604451634740678,0.011916375287812983,15.824700000000002,14.722756143812797,16.926643856187205,1.2571537601136948
robustness_alt_test,uptake(mmol/g) CO2 at 0.15 bar,29,5000,geometry_plus_topology,ridge,geometry_plus_topology | ridge,5,0.647151612722369,0.6452505646404183,0.6490526608043197,0.002168812622314947,0.38869230784270403,0.3854046664332601,0.39197994925214796,0.003750709018959076,0.5851885826230375,0.582750537979283,0.587626627266792,0.002781445691639995,0.8365024154423366,0.8334243175270769,0.8395805133575963,0.0035116511122046824,0.39590443686006827,0.38888457818790734,0.4029242955322292,0.00800861284867003,7.919439946883481,7.779018814878241,8.059861078888721,0.1601995901230548,0.008,-0.0016019997917100567,0.01760199979171006,0.010954451150103323,8.43984,-1.6900777402582747,18.569757740258275,11.556726874336002,0.018,0.006571334286103212,0.029428665713896785,0.013038404810405297,9.49482,3.466313122576583,15.523326877423418,6.877628153440691,0.027999999999999997,0.017777890628642247,0.03822210937135775,0.011661903789690599,5.907888,3.7510638110809995,8.064712188919,2.460615052009558,0.058399999999999994,0.05191124541995923,0.06488875458004076,0.0074027022093287025,6.1610832,5.476532569314859,6.845633830685141,0.7809702776797596
robustness_alt_test,uptake(mmol/g) CO2 at 0.15 bar,29,5000,geometry_only,mlp,geometry_only | mlp,5,0.6566831363491853,0.6455796945984048,0.6677865780999658,0.012667372723956407,0.391615843726271,0.3826926749151545,0.4005390125373875,0.010180006141001252,0.5727562549168014,0.5583584672044435,0.5871540426291593,0.016425730637981334,0.8346532523483103,0.827576130905865,0.8417303737907557,0.00807394113792304,0.38460371634433066,0.35069778168660826,0.41850965100205306,0.038681619762925175,7.693386967556731,7.015152554488775,8.371621380624687,0.7737644144385818,0.012,0.0023980002082899434,0.021601999791710055,0.010954451150103323,12.65976,2.5298422597417254,22.789677740258277,11.556726874336002,0.034,0.02070663323307448,0.047293366766925526,0.015165750888103102,17.93466,10.922541964114457,24.946778035885544,7.999781935965505,0.04479999999999999,0.03090748460501122,0.058692515394988765,0.01584929020492716,9.452620800000002,6.521355621718951,12.383885978281054,3.3441368360788113,0.09040000000000001,0.06810763861767893,0.11269236138232108,0.02543226297441893,9.5370192,7.18521965888789,11.88881874111211,2.6830528792752486
robustness_alt_test,uptake(mmol/g) CO2 at 0.15 bar,29,5000,enriched_interpretable,ridge,enriched_interpretable | ridge,5,0.705942161853091,0.7047333587617522,0.7071509649444297,0.0013790642263496423,0.4381476257872297,0.4332133267180589,0.4430819248564005,0.00562930007141832,0.5064009776720784,0.504710525318414,0.5080914300257428,0.0019285542732235049,0.8111695254795412,0.8079749500283125,0.8143641009307699,0.003644534626632418,0.27773985589685246,0.27215989142463676,0.28331982036906816,0.0063659080979122686,5.555745035533967,5.444126701842308,5.667363369225626,0.12733988860704368,0.004,-0.0038399999999999997,0.01184,0.00894427190999916,4.21992,-4.051123199999999,12.4909632,9.436027979610913,0.004,-0.0008009998958550283,0.00880099989585503,0.005477225575051661,2.10996,-0.42251943506456824,4.642439435064569,2.889181718584,0.029599999999999998,0.027679600041657988,0.03152039995834201,0.0021908902300206644,6.2454816,5.840284890389669,6.65067830961033,0.46226907497344,0.0524,0.050114266857220646,0.05468573314277936,0.0026076809620810587,5.5280952,5.286954924903063,5.769235475096937,0.27510512613762755
robustness_alt_test,uptake(mmol/g) CO2 at 0.15 bar,29,5000,geometry_only,ridge,geometry_only | ridge,5,0.7450418292999016,0.7447131290635244,0.7453705295362788,0.00037499799630599746,0.49515286779790957,0.49319897042531424,0.4971067651705049,0.0022291057888680446,0.4502109012859942,0.449725739256433,0.45069606331555545,0.000553497590918727,0.7989013089872238,0.7971399390559274,0.8006626789185202,0.0020094606632157425,0.18384527872582482,0.1831246528236226,0.18456590462802702,0.000822126787587365,3.6775330328056626,3.6631180552875495,3.6919480103237756,0.016445341645220345,0.0,0.0,0.0,0.0,0.0,0.0,0.0,0.0,0.0,0.0,0.0,0.0,0.0,0.0,0.0,0.0,0.004,0.004,0.004,0.0,0.8439840000000001,0.8439840000000001,0.8439840000000001,0.0,0.006,0.006,0.006,0.0,0.6329880000000001,0.6329880000000001,0.6329880000000001,0.0
robustness_alt_test,uptake(mmol/g) CO2 at 0.15 bar,29,5000,topology_only,ridge,topology_only | ridge,5,0.7964149133159442,0.7948480435552843,0.7979817830766041,0.0017875649473083712,0.5197920907838615,0.5166036139458902,0.5229805676218328,0.0036375770175446267,0.3717749612562223,0.3692998633962032,0.3742500591162414,0.00282371789079948,0.6504729635168957,0.6471100173274946,0.6538359097062967,0.003836620553150244,0.2013651877133106,0.19747454614130108,0.20525582928532013,0.004438642362806077,4.027991007466598,3.9501648973862302,4.105817117546966,0.08878799620616531,0.02,-0.004792256855720094,0.044792256855720095,0.0282842712474619,21.0996,-5.055735137647588,47.254935137647585,29.83934048064736,0.016,-0.0032039995834201133,0.03520399958342012,0.021908902300206645,8.43984,-1.6900777402582747,18.569757740258275,11.556726874336002,0.019200000000000002,0.00403816158904205,0.034361838410957954,0.01729739864835172,4.0511232,0.8520359426415158,7.2502104573584845,3.6496819252076205,0.0356,0.025498866598247502,0.0457011334017525,0.011523888232710349,3.7557288,2.6900794283819147,4.821378171618085,1.2157471607744763
robustness_alt_test,uptake(mmol/g) CO2 at 0.15 bar,29,5000,topology_only,rf,topology_only | rf,5,0.7968630514703062,0.7955236799949903,0.7982024229456222,0.001528023298944247,0.5196610730977248,0.516420115213847,0.5229020309816026,0.003697450071716666,0.3710684497183664,0.3689519791964585,0.3731849202402743,0.0024145775302859785,0.6494042916387052,0.6463126611237437,0.6524959221536666,0.003527089792227756,0.1962078119074706,0.19353204398938187,0.19888357982555935,0.003052652529009962,3.9248258893845915,3.871301398709103,3.97835038006008,0.061063469189513296,0.016,-0.006857331427793573,0.03885733142779357,0.026076809620810593,16.87968,-7.2343475096936665,40.993707509693664,27.51051261376276,0.02,0.0036014634799321175,0.03639853652006789,0.01870828693386971,10.5498,1.8997359710293953,19.1998640289706,9.86843427474693,0.017599999999999998,0.004341356932174393,0.030858643067825604,0.01512613632095123,3.7135296,0.9160089472610684,6.511050252738932,3.191554259175426,0.032799999999999996,0.02415820018746094,0.04144179981253905,0.009859006035092991,3.4603344,2.5486418033767553,4.372026996623244,1.04010541869024
robustness_alt_test,uptake(mmol/g) CO2 at 0.15 bar,29,5000,topology_only,mlp,topology_only | mlp,5,0.7970379223868547,0.7949939763684172,0.7990818684052922,0.0023318378773297633,0.5254977365270532,0.5173990780840997,0.5335963949700068,0.009239362655610575,0.37078992486007245,0.3675575514151983,0.3740222983049466,0.0036876565058182515,0.6458672035050226,0.6388659393415934,0.6528684676684517,0.007987399284622899,0.19901403109594235,0.1949402667231175,0.20308779546876718,0.004647558194874037,3.9809598506939183,3.89947065960475,4.062449041783086,0.09296702587084198,0.012,-0.011519999999999999,0.035519999999999996,0.02683281572999748,12.65976,-12.1533696,37.4728896,28.30808393883274,0.01,-0.005182094717133073,0.025182094717133074,0.017320508075688773,5.2749,-2.733503142340523,13.283303142340522,9.13639480484507,0.016,0.0070610246672227605,0.02493897533277724,0.010198039027185569,3.3759360000000003,1.4898479606853334,5.262024039314667,2.1517454425800464,0.0316,0.02212689195670186,0.04107310804329815,0.010807404868885036,3.3337368000000005,2.3343428476481325,4.3331307523518685,1.1401595988576338
robustness_alt_test,uptake(mmol/g) CO2 at 0.15 bar,29,5000,topology_only,hgb,topology_only | hgb,5,0.7996990297615632,0.7991014565937734,0.8002966029293529,0.0006817419513815685,0.522608100280201,0.5192801190216166,0.5259360815387853,0.0037967307765509476,0.3665853343573972,0.3656385735483469,0.3675320951664475,0.0010801130242189777,0.641750435406139,0.6398328981415612,0.6436679726707167,0.002187624322951519,0.20189609404626468,0.1988261146910122,0.20496607340151718,0.0035023890448293744,4.038610946092687,3.977200881242397,4.100021010942977,0.07005973444281571,0.0,0.0,0.0,0.0,0.0,0.0,0.0,0.0,0.002,-0.0019199999999999998,0.00592,0.00447213595499958,1.05498,-1.0127807999999998,3.1227408,2.359006994902728,0.0088,0.004228533714441285,0.013371466285558716,0.005215361924162119,1.8567648,0.8922036996122532,2.821325900387747,1.1004205045505107,0.026000000000000002,0.021199000104144973,0.03080099989585503,0.0054772255750516596,2.742948,2.2364521129870862,3.249443887012914,0.5778363437168001
robustness_alt_test,uptake(mmol/g) CO2 at 0.15 bar,29,10000,geometry_plus_topology,hgb,geometry_plus_topology | hgb,5,0.5474947029362961,0.545065185605616,0.5499242202669762,0.00277171729791552,0.31254160084961313,0.3114633581489895,0.31361984355023675,0.0012301142728761971,0.7031045980813582,0.7004690469701482,0.7057401491925681,0.0030067711443064493,0.8774555521326342,0.8759488206505323,0.878962283614736,0.0017189561315402524,0.5465301478953356,0.5409363397898271,0.5521239560008441,0.006381701620921515,10.932468248513864,10.820572994908455,11.044363502119273,0.1276558129700376,0.132,0.07177981733671013,0.19222018266328988,0.06870225614927067,139.25736,75.72627169388244,202.78844830611757,72.47950619235758,0.168,0.13676274019700194,0.19923725980299808,0.03563705936241092,88.61832,72.14097782651655,105.09566217348345,18.798192443078136,0.2344,0.2090439321660475,0.2597560678339525,0.028927495570823285,49.45746240000001,44.10743351130737,54.80749128869265,6.103585855461431,0.2536,0.2424159713877333,0.2647840286122667,0.012759310326189264,26.7542928,25.57440014946309,27.934185450536912,1.3460817207923146
robustness_alt_test,uptake(mmol/g) CO2 at 0.15 bar,29,10000,geometry_plus_topology,rf,geometry_plus_topology | rf,5,0.5505781935806708,0.5480868990135723,0.5530694881477694,0.0028421959204123406,0.3125956428048293,0.3110030861052227,0.31418819950443594,0.0018168699175220178,0.6997507056549779,0.6970333342416388,0.7024680770683169,0.003100115918541283,0.8804608214142373,0.8787573961650829,0.8821642466633918,0.001943354414132036,0.538187334091771,0.5314142009647954,0.5449604672187466,0.007727135761516905,10.765583498675323,10.630097719640498,10.901069277710148,0.15456908770733988,0.12,0.07530512333611379,0.1646948766638862,0.05099019513592785,126.59760000000001,79.44539901713335,173.74980098286667,53.79363606450116,0.132,0.09782623228264112,0.1661737677173589,0.038987177379235856,69.62868,51.602359266770364,87.65500073322964,20.56534619577312,0.21919999999999998,0.19781533109912616,0.2405846689008738,0.02439672109116305,46.25032320000001,41.73824360059124,50.76240279940878,5.147610563351039,0.256,0.24159700031243492,0.2704029996875651,0.016431676725154998,27.007488000000002,25.48800033896126,28.526975661038744,1.733509031150402
robustness_alt_test,uptake(mmol/g) CO2 at 0.15 bar,29,10000,geometry_plus_topology,mlp,geometry_plus_topology | mlp,5,0.5709202977811544,0.5676478542064808,0.574192741355828,0.0037333705538278358,0.32977778129389757,0.3267810702639687,0.33277449232382644,0.0034188008019614023,0.6771501807313391,0.6734642159886899,0.6808361454739884,0.004205136595526162,0.8749413619904477,0.8728742273809501,0.8770084965999453,0.002358292604836286,0.514448236632537,0.5065906507208651,0.522305822544209,0.008964334815073097,10.2907205286802,10.133541992747404,10.447899064612997,0.17931729130083052,0.06000000000000001,0.047603871572139966,0.07239612842786006,0.01414213562373095,63.29880000000001,50.221132431176216,76.3764675688238,14.919670240323677,0.057999999999999996,0.04113944247659645,0.07486055752340354,0.019235384061671346,30.594419999999996,21.70064451197986,39.48819548802013,10.146472738691017,0.11199999999999999,0.09555467726069201,0.12844532273930798,0.018761663039293722,23.631552000000006,20.16165468329698,27.101449316703032,3.958635854638817,0.2012,0.19171068474546238,0.2106893152545376,0.010825894882179483,21.2261976,20.225093819276793,22.227301380723205,1.1421102582801708
robustness_alt_test,uptake(mmol/g) CO2 at 0.15 bar,29,10000,enriched_interpretable,rf,enriched_interpretable | rf,5,0.5827192637571244,0.5805874449790344,0.5848510825352143,0.002432087603836653,0.3401141902708572,0.33873486962250793,0.3414935109192065,0.001573599353305123,0.6636747089022909,0.6612148283033729,0.6661345895012089,0.002806357263119181,0.8635183909866017,0.86176030735906,0.8652764746141434,0.002005711480261528,0.5197572999620781,0.509833616737126,0.5296809831870302,0.011321444019473036,10.39691991494109,10.198412381216025,10.595427448666156,0.22646752013014176,0.184,0.16114266857220644,0.20685733142779356,0.026076809620810593,194.11632,170.00229249030633,218.23034750969367,27.510512613762764,0.15200000000000002,0.13513944247659648,0.16886055752340356,0.01923538406167135,80.17848,71.28470451197985,89.07225548802013,10.146472738691019,0.22799999999999998,0.20106871558948586,0.2549312844105141,0.03072458299147445,48.107088000000005,42.42469471451916,53.789481285480846,6.482764112869145,0.2468,0.2268657304121771,0.26673426958782287,0.022742031571519716,26.036906400000003,23.933880827023867,28.13993197297614,2.399238846732188
robustness_alt_test,uptake(mmol/g) CO2 at 0.15 bar,29,10000,enriched_interpretable,hgb,enriched_interpretable | hgb,5,0.5829578546567686,0.5810215003530877,0.5848942089604495,0.0022090917609973483,0.34087547932093226,0.3389944483574872,0.3427565102843773,0.0021459760724719715,0.6634000636886143,0.66116427225409,0.6656358551231385,0.0025507049138305455,0.8595243847206859,0.8584404668383266,0.8606083026030452,0.0012365888096851645,0.5202123625331817,0.516051384360339,0.5243733407060244,0.004747056146616926,10.40602271947774,10.322788954730193,10.489256484225287,0.09495732448915258,0.148,0.09173741562992327,0.20426258437007672,0.06418722614352486,156.13704,96.78113874125648,215.49294125874354,67.71623983689585,0.15,0.12765256166805689,0.1723474383319431,0.025495097567963927,79.1235,67.33544975428335,90.91155024571667,13.448409016125291,0.21359999999999996,0.18526732035263868,0.24193267964736123,0.03232336616133908,45.06874560000001,39.090663525125365,51.04682767487465,6.8201009665779,0.2448,0.22989368778000405,0.2597063122199959,0.017005881335585053,25.825910400000005,24.253324273414876,27.398496526585134,1.794086469141552
robustness_alt_test,uptake(mmol/g) CO2 at 0.15 bar,29,10000,geometry_only,rf,geometry_only | rf,5,0.6024208799863423,0.6001204991445932,0.6047212608280914,0.0026243918042292316,0.35210753729310273,0.3513415798352383,0.3528734947509672,0.0008738433386009504,0.6405476313477474,0.6378009533750806,0.6432943093204142,0.003133550336318578,0.8570898040849361,0.8557403550480109,0.8584392531218612,0.001539520295273611,0.47956010618126654,0.4727780068713659,0.4863422054911672,0.0077373648403531925,9.592838847537212,9.457173714242579,9.728503980831846,0.15477370419559755,0.156,0.11414585325203727,0.19785414674796273,0.047749345545253286,164.57688000000002,120.4215922638343,208.73216773616574,50.37460456333131,0.148,0.12899709495892797,0.16700290504107201,0.021679483388678797,78.06851999999999,68.04467761988492,88.09236238011506,11.43571069269418,0.2088,0.19001669507248525,0.22758330492751477,0.0214289523775662,44.055964800000005,40.0927625935141,48.01916700648591,4.5214232358569575,0.23359999999999997,0.21406282067441665,0.2531371793255833,0.022289010745208056,24.6443328,22.58319945550961,26.70546614449039,2.3514460555979597
robustness_alt_test,uptake(mmol/g) CO2 at 0.15 bar,29,10000,geometry_only,hgb,geometry_only | hgb,5,0.6092164246213849,0.6073229958479007,0.6111098533948691,0.002160120126563627,0.3566991128339533,0.35550144803771705,0.3578967776301895,0.0013663570911442143,0.632394247524102,0.6301115608201253,0.6346769342280787,0.002604205429299427,0.8529617878237247,0.8520191008364179,0.8539044748110315,0.0010754654005727636,0.4667425104285172,0.4616231196509463,0.4718619012060881,0.005840462133690846,9.336443186421636,9.234037898546745,9.438848474296528,0.11682917599167919,0.144,0.09862271934106231,0.18937728065893766,0.05176871642217914,151.91712,104.04499645043393,199.7892435495661,54.61496045107055,0.138,0.11070035897671913,0.16529964102328087,0.03114482300479488,72.79362,58.39333235662957,87.19390764337044,16.428582686799253,0.20400000000000001,0.18528225654626074,0.2227177434537393,0.02135415650406262,43.04318400000001,39.093815002234834,46.99255299776519,4.5056416057311965,0.2132,0.2007667388027115,0.2256332611972885,0.014184498581197717,22.492173600000005,21.180489410208462,23.803857789791547,1.4964362313191975
robustness_alt_test,uptake(mmol/g) CO2 at 0.15 bar,29,10000,enriched_interpretable,mlp,enriched_interpretable | mlp,5,0.6226106539561039,0.6199468250194429,0.625274482892765,0.003039031930002546,0.3676372313464674,0.3641239244735731,0.3711505382193617,0.004008159690616777,0.6160487398168428,0.6127697235182781,0.6193277561154076,0.0037408690525105167,0.8540506181319187,0.8517012468855543,0.8563999893782832,0.0026802825567624317,0.45437997724687146,0.4451940641028669,0.46356589039087603,0.010479758278266842,9.08915032984271,8.90540071572322,9.2728999439622,0.20963093265843694,0.024,0.0011426685722064275,0.04685733142779357,0.026076809620810593,25.319519999999997,1.2054924903063267,49.43354750969367,27.510512613762764,0.022,0.005139442476596451,0.03886055752340355,0.019235384061671346,11.604780000000002,2.711004511979862,20.49855548802014,10.146472738691019,0.08800000000000001,0.07637140077223402,0.099628599227766,0.013266499161421596,18.567648,16.114060077338284,21.021235922661713,2.7991782570633115,0.15320000000000003,0.136176184211523,0.17022381578847706,0.019421637418096344,16.162293600000005,14.366315081947254,17.958272118052754,2.0489439043343287
robustness_alt_test,uptake(mmol/g) CO2 at 0.15 bar,29,10000,geometry_only,mlp,geometry_only | mlp,5,0.6269008844765405,0.6220425198592185,0.6317592490938624,0.0055426701754141125,0.3703172165264267,0.3645744084645582,0.3760600245882952,0.006551688371465213,0.6107221910762538,0.6046719806420662,0.6167724015104414,0.0069023886780725146,0.8493348350577896,0.846262065214047,0.8524076049015322,0.003505572576438722,0.4508911642017444,0.4374361499455617,0.46434617845792714,0.01535016658931293,9.01936216172841,8.750215955054392,9.288508368402427,0.30705572143332166,0.0,0.0,0.0,0.0,0.0,0.0,0.0,0.0,0.022000000000000002,0.007597000312434914,0.036402999687565094,0.016431676725154984,11.60478,4.007341694806293,19.202218305193707,8.667545155752002,0.0864,0.0628017302329175,0.1099982697670825,0.026922109872742142,18.230054400000004,13.250913872224665,23.209194927775343,5.680457494709102,0.1476,0.12858092914992955,0.16661907085007047,0.021697926168184833,15.571504800000003,13.565030863459269,17.577978736540736,2.2890878148911638
robustness_alt_test,uptake(mmol/g) CO2 at 0.15 bar,29,10000,geometry_plus_topology,ridge,geometry_plus_topology | ridge,5,0.6442944598327374,0.6434948941786394,0.6450940254868354,0.0009121852831822073,0.3878532764813235,0.3855393058116577,0.3901672471509893,0.0026398957731191518,0.5888462893568857,0.5878258432623317,0.5898667354514396,0.0011641769565290234,0.8367932245290131,0.8360295767118017,0.8375568723462244,0.000871208382731646,0.3992415623814941,0.3941167787963839,0.4043663459666043,0.0058466145236129845,7.986193846818898,7.883680684387735,8.088707009250061,0.1169522447880398,0.024,0.009332703043846154,0.03866729695615385,0.01673320053068151,25.319519999999997,9.845815057196809,40.793224942803185,17.65319189585838,0.026000000000000002,0.018160000000000006,0.033839999999999995,0.008944271909999156,13.71474,9.579218400000002,17.8502616,4.718013989805455,0.028000000000000004,0.025520774314427994,0.030479225685572015,0.0028284271247461905,5.907888,5.384781297247049,6.430994702752951,0.5967868096129471,0.0636,0.05735254803940039,0.06984745196059962,0.007127411872482183,6.709672800000002,6.050579113060664,7.368766486939339,0.7519276977231254
robustness_alt_test,uptake(mmol/g) CO2 at 0.15 bar,29,10000,enriched_interpretable,ridge,enriched_interpretable | ridge,5,0.7046891135539612,0.7043259418744812,0.7050522852334413,0.00041432477694915235,0.43752350428795805,0.4344647259607057,0.44058228261521043,0.0034896103407344244,0.5081530659646869,0.5076461717837812,0.5086599601455926,0.0005782907377061622,0.8100760982557297,0.8090952312443982,0.8110569652670612,0.0011190231195021421,0.27993932499051954,0.2779672098326594,0.2819114401483797,0.0022498895675678813,5.599741924127764,5.5602928902021045,5.639190958053424,0.045005470155342585,0.0,0.0,0.0,0.0,0.0,0.0,0.0,0.0,0.0,0.0,0.0,0.0,0.0,0.0,0.0,0.0,0.032,0.028493845411280333,0.03550615458871967,0.003999999999999998,6.7518720000000005,6.012087406398505,7.491656593601496,0.8439839999999998,0.052000000000000005,0.048080000000000005,0.055920000000000004,0.004472135954999581,5.485896,5.07234384,5.89944816,0.4718013989805456
robustness_alt_test,uptake(mmol/g) CO2 at 0.15 bar,29,10000,geometry_only,ridge,geometry_only | ridge,5,0.7445808376019027,0.7444991803753803,0.7446624948284252,9.315872926439973e-05,0.4944440162645861,0.49346724470747033,0.4954207878217019,0.0011143508164281643,0.4508911548912928,0.4507707116887929,0.45101159809379265,0.00013740774909058617,0.7974137928105076,0.7962052892059024,0.7986222964151128,0.001378722556607525,0.18354190367842244,0.18276235671504987,0.184321450641795,0.0008893469396707306,3.6714644964478977,3.655870896610605,3.6870580962851904,0.0177899741072019,0.0,0.0,0.0,0.0,0.0,0.0,0.0,0.0,0.0,0.0,0.0,0.0,0.0,0.0,0.0,0.0,0.004,0.004,0.004,0.0,0.8439840000000001,0.8439840000000001,0.8439840000000001,0.0,0.006,0.006,0.006,0.0,0.6329880000000001,0.6329880000000001,0.6329880000000001,0.0
robustness_alt_test,uptake(mmol/g) CO2 at 0.15 bar,29,10000,topology_only,ridge,topology_only | ridge,5,0.7945396192328866,0.7935558878895269,0.7955233505762463,0.001122290895586425,0.5195694291192564,0.5170605162468095,0.5220783419917033,0.0028622957818447,0.3747315250265741,0.37318297511281134,0.37628007494033683,0.001766664731492297,0.6511595760672713,0.6488770597459773,0.6534420923885652,0.002604011048043863,0.20037921880925294,0.19523184712952077,0.2055265904889851,0.005872384174152259,4.008268264303862,3.9053032628877857,4.111233265719938,0.11746772574985109,0.02,-0.004792256855720094,0.044792256855720095,0.0282842712474619,21.0996,-5.055735137647588,47.254935137647585,29.83934048064736,0.042,0.03808,0.04592,0.00447213595499958,22.15458,20.086819199999997,24.2223408,2.3590069949027295,0.0392,0.037632,0.040768,0.0017888543819998336,8.2710432,7.940201471999999,8.601884927999999,0.37744111918443646,0.0452,0.04254132664661489,0.0478586733533851,0.0030331501776206192,4.7685096,4.488024878564578,5.048994321435422,0.3199912774386202
robustness_alt_test,uptake(mmol/g) CO2 at 0.15 bar,29,10000,topology_only,rf,topology_only | rf,5,0.7945500826656369,0.7934122018803594,0.7956879634509143,0.0012981524419241124,0.5194451867626014,0.5171181271755784,0.5217722463496245,0.002654828277691869,0.3747147191222405,0.37292245953735215,0.3765069787071289,0.002044701155681623,0.6514768433518121,0.6485290439703701,0.6544246427332541,0.0033629998984367284,0.19992415623814944,0.1983404527692371,0.20150785970706178,0.001806769700352156,3.9991654597672137,3.9674859852576736,4.030844934276754,0.03614156045653233,0.024,0.001142668572206424,0.04685733142779358,0.026076809620810597,25.31952,1.2054924903063302,49.43354750969367,27.510512613762764,0.034,0.022240000000000003,0.04576,0.013416407864998738,17.93466,11.731377600000002,24.1379424,7.077020984708184,0.0312,0.021792,0.040608,0.01073312629199899,6.583075200000001,4.598024832,8.568125568000001,2.264646715106619,0.0424,0.03556524645652823,0.049234753543471774,0.007797435475847172,4.4731152000000005,3.752062370670815,5.194168029329186,0.8226138478309251
robustness_alt_test,uptake(mmol/g) CO2 at 0.15 bar,29,10000,topology_only,mlp,topology_only | mlp,5,0.7951848969443883,0.7935063295892808,0.7968634642994958,0.001914995260628767,0.5199445454526257,0.5172594508880046,0.5226296400172468,0.003063292843116323,0.37371359492899464,0.37106841837897864,0.37635877147901065,0.003017752335879652,0.6497862581787643,0.6467933849325657,0.652779131424963,0.0034144224625208028,0.20121350018960943,0.19954155821894307,0.2028854421602758,0.0019074366841045568,4.024956739287715,3.9915121935877984,4.058401284987632,0.038155243704903766,0.012,-0.0036799999999999992,0.02768,0.01788854381999832,12.65976,-3.8823263999999984,29.2018464,18.872055959221825,0.026000000000000002,0.0039990545657692285,0.04800094543423078,0.025099800796022267,13.71474,2.1094612928976098,25.320018707102392,13.239893921893787,0.027200000000000002,0.010131111811251446,0.04426888818874856,0.019473058311420936,5.739091200000001,2.1376240677268097,9.340558332273192,4.1087374114765725,0.04,0.02824,0.05176,0.01341640786499874,4.21992,2.97926352,5.46057648,1.415404196941637
robustness_alt_test,uptake(mmol/g) CO2 at 0.15 bar,29,10000,topology_only,hgb,topology_only | hgb,5,0.7976076701044412,0.7969512270639266,0.7982641131449558,0.0007489037050751055,0.5221333982435239,0.5192767323174416,0.5249900641696061,0.0032590302039425412,0.36989391534453175,0.36885647630281326,0.37093135438625024,0.0011835633774463195,0.642669183585523,0.6383788161426901,0.646959551028356,0.004894670025829755,0.2,0.19639227368144974,0.2036077263185503,0.004115878210455858,4.000682593856655,3.9285157544265417,4.072849433286768,0.08233161157502329,0.0,0.0,0.0,0.0,0.0,0.0,0.0,0.0,0.004,-0.0008009998958550283,0.00880099989585503,0.005477225575051661,2.10996,-0.42251943506456824,4.642439435064569,2.889181718584,0.0112,0.005438800124973965,0.016961199875026034,0.006572670690061994,2.3631552000000005,1.1475650711690073,3.5787453288309936,1.3868072249203203,0.029200000000000004,0.02385383277478155,0.03454616722521846,0.006099180272790763,3.0805416,2.5165316500739032,3.644551549926097,0.64345132041888
robustness_alt_test,uptake(mmol/g) CO2 at 0.15 bar,29,20000,geometry_plus_topology,rf,geometry_plus_topology | rf,5,0.5296539971264195,0.5276991517057579,0.5316088425470811,0.0022301873704610145,0.29852424513417863,0.2975056211163037,0.2995428691520536,0.0011620982385114223,0.7221404091673393,0.7200929847976543,0.7241878335370244,0.0023358061578598924,0.8893167216217479,0.8886327084155244,0.8900007348279714,0.0007803571564404172,0.5607129313613956,0.5533414427043744,0.5680844200184167,0.008409770271667394,11.216172323239382,11.0687173914346,11.363627255044165,0.16822410772096436,0.2,0.14740768116920494,0.2525923188307951,0.060000000000000005,210.996,155.51215547988784,266.4798445201122,63.2988,0.182,0.1346344597835093,0.2293655402164907,0.05403702434442518,96.00318,71.01833119120332,120.98802880879668,28.503989971440838,0.2624,0.2451164003749219,0.2796835996250781,0.019718012070185982,55.3653504,51.718580013507015,59.01212078649298,4.16042167476096,0.29159999999999997,0.2870622719341062,0.2961377280658937,0.005176871642217919,30.7632168,30.284495564504336,31.24193803549566,0.546149604510706
robustness_alt_test,uptake(mmol/g) CO2 at 0.15 bar,29,20000,geometry_plus_topology,hgb,geometry_plus_topology | hgb,5,0.5328711241258188,0.5316483684393729,0.5340938798122647,0.0013949820585548844,0.3038073759351204,0.3029591539304562,0.30465559793978464,0.0009676949298165202,0.7187571576611124,0.7174658441130776,0.7200484712091472,0.0014731963641185521,0.8828159415090434,0.8820253142637645,0.8836065687543223,0.0009019878904628122,0.5632157755024649,0.5606474615863015,0.5657840894186283,0.0029300635225000854,11.266237748190944,11.21486270429117,11.317612792090719,0.05861127066680166,0.16399999999999998,0.10403553052014883,0.22396446947985113,0.06841052550594828,173.01672000000002,109.75540398814667,236.27803601185337,72.17173619826531,0.188,0.1511228200644355,0.2248771799355645,0.04207136793592526,99.16812,79.71577635578909,118.62046364421091,22.192225872521217,0.2528,0.23646718934169628,0.26913281065830374,0.01863330351816339,53.33978880000001,49.893631082340555,56.78594651765946,3.931552509118404,0.27480000000000004,0.26974943329912376,0.2798505667008763,0.005761944116355179,28.990850400000006,28.458025714190963,29.52367508580905,0.6078735803872393
robustness_alt_test,uptake(mmol/g) CO2 at 0.15 bar,29,20000,geometry_plus_topology,mlp,geometry_plus_topology | mlp,5,0.5565394103143702,0.550433951507054,0.5626448691216863,0.00696541884029779,0.3188083737722517,0.31414298272398916,0.3234737648205142,0.005322516084456143,0.6931818904376701,0.6864183570868078,0.6999454237885324,0.0077161838472525595,0.8794546312276358,0.8760389997714253,0.8828702626838463,0.0038967265929454797,0.5208191126279863,0.5086658143240044,0.5329724109319682,0.013865102631906415,10.418159792193268,10.175052347279827,10.66126723710671,0.2773493738075205,0.06000000000000001,0.04246922705640166,0.07753077294359836,0.02,63.29879999999999,44.80418515996261,81.79341484003737,21.0996,0.076,0.055820564923665474,0.09617943507633453,0.02302172886644268,40.089240000000004,29.444789791584306,50.7336902084157,12.143731759759849,0.1376,0.11224393216604751,0.1629560678339525,0.028927495570823275,29.033049600000005,23.683020711307368,34.38307848869265,6.103585855461427,0.2132,0.19953049291305644,0.22686950708694356,0.015594870951694342,22.492173600000005,21.050067941341634,23.934279258658375,1.64522769566185
robustness_alt_test,uptake(mmol/g) CO2 at 0.15 bar,29,20000,enriched_interpretable,rf,enriched_interpretable | rf,5,0.564979839100128,0.5631716053189035,0.5667880728813524,0.0020629253336883735,0.32702054299939476,0.3263448356753748,0.3276962503234147,0.0007708813823484857,0.6838412127130659,0.6818155005850046,0.6858669248411271,0.002311035725097252,0.8729398315231716,0.8724169583652074,0.8734627046811357,0.0005965203698050101,0.5397800530906334,0.5331963521759506,0.5463637540053161,0.007511021830999048,10.79744331455359,10.665746826290944,10.929139802816236,0.15024607150677585,0.2,0.1553051233361138,0.24469487666388623,0.05099019513592786,210.996,163.84379901713334,258.1482009828667,53.79363606450117,0.186,0.16074716649561874,0.21125283350438126,0.028809720581775874,98.11314,84.79252285477394,111.43375714522607,15.19683950968096,0.2592,0.24720710610402974,0.27119289389597023,0.013682105101189668,54.69016320000001,52.15971055952587,57.220615840474146,2.8868694479306147,0.2884,0.265462137501502,0.311337862498498,0.026168683574073807,30.4256232,28.00572458213346,32.84552181786654,2.7607437796976373
robustness_alt_test,uptake(mmol/g) CO2 at 0.15 bar,29,20000,enriched_interpretable,hgb,enriched_interpretable | hgb,5,0.570916015606822,0.5693599355812488,0.5724720956323953,0.001775255467148727,0.33395816552225227,0.33253508844063523,0.3353812426038693,0.0016235189243457677,0.677163570455123,0.6754048820353753,0.6789222588748707,0.002006401458059905,0.8632699922928342,0.8625906123743815,0.8639493722112869,0.0007750712654124287,0.5386423966628745,0.5317271995251448,0.5455575938006042,0.007889209631518176,10.774686303211968,10.636358759101956,10.91301384732198,0.15781111826050503,0.156,0.09352548039400382,0.21847451960599618,0.07127411872482184,164.57688000000002,98.66751130606619,230.48624869393385,75.19276977231254,0.16599999999999998,0.14582056492366546,0.1861794350763345,0.02302172886644268,87.56334,76.91888979158429,98.2077902084157,12.14373175975985,0.2264,0.21514748312598464,0.23765251687401534,0.012837445228704971,47.769494400000006,45.39525834965026,50.14373045034975,2.708649593475834,0.25680000000000003,0.2477245438682125,0.2658754561317876,0.010353743284435836,27.091886400000003,26.134443929008683,28.049328870991324,1.0922992090214116
robustness_alt_test,uptake(mmol/g) CO2 at 0.15 bar,29,20000,geometry_only,rf,geometry_only | rf,5,0.5880866176819312,0.5859449070154238,0.5902283283484385,0.002443372774717795,0.3416582064602126,0.34119334055663253,0.3421230723637927,0.000530342735115785,0.6574505181371524,0.6549534420328559,0.6599475942414489,0.0028487917929578077,0.8646190078726026,0.8639320882209134,0.8653059275242918,0.0007836729776823661,0.49844520288206295,0.4923676446644446,0.5045227610996813,0.006933588424391351,9.97060523580809,9.84903332893621,10.09217714267997,0.13869543261214207,0.20400000000000001,0.17519400062486984,0.2328059993751302,0.03286335345030997,215.21592,184.8261667792252,245.60567322077483,34.67018062300801,0.19,0.15333175760961537,0.22666824239038463,0.04183300132670378,100.2231,80.88096882149601,119.56523117850399,22.06648986982298,0.2352,0.21849509580991258,0.25190490419008743,0.019057806799314556,49.62625919999999,46.10159123550831,53.15092716449168,4.021121003428175,0.2696,0.2529042970797873,0.2862957029202127,0.01904730952129459,28.442260800000003,26.6808975333234,30.203624066676607,2.0094530598775373
robustness_alt_test,uptake(mmol/g) CO2 at 0.15 bar,29,20000,geometry_only,hgb,geometry_only | hgb,5,0.5992613473749905,0.5984863797576272,0.6000363149923538,0.0008841225881558155,0.3527059795512336,0.35096931738456394,0.3544426417179033,0.001981272785013016,0.6443129832827014,0.6433927806612492,0.6452331859041536,0.001049814089102385,0.8543958735317038,0.8525894787253419,0.8562022683380657,0.0020608273373611467,0.4883579825559347,0.4846238423804811,0.4920921227313883,0.004260097586646522,9.768826401912403,9.694130853897613,9.843521949927192,0.08521649131513746,0.172,0.12149433299123749,0.22250566700876248,0.057619441163551735,181.45656000000002,128.17409141909576,234.7390285809043,60.78735803872381,0.15999999999999998,0.1302751282593179,0.18972487174068206,0.03391164991562634,84.39840000000001,68.71882740550762,100.0779725944924,17.888056213993742,0.2224,0.2101034404811752,0.23469655951882476,0.01402854233340015,46.9255104,44.330985527766046,49.520035272233955,2.9599663181780973,0.23679999999999998,0.2327641129847331,0.24083588701526687,0.00460434577328853,24.9819264,24.55614839166337,25.407704408336627,0.4857492703903932
robustness_alt_test,uptake(mmol/g) CO2 at 0.15 bar,29,20000,enriched_interpretable,mlp,enriched_interpretable | mlp,5,0.610802477358602,0.607111003937484,0.6144939507797201,0.004211421176915197,0.3578356568502647,0.3530222323548001,0.36264908134572926,0.005491400192051713,0.6304673468701457,0.6260067995103883,0.6349278942299031,0.005088819955752418,0.857405627706971,0.855052129685905,0.859759125728037,0.002684990591844243,0.4750094804702313,0.46905126366405625,0.4809676972764063,0.00679743765473932,9.501810802170736,9.382626130836293,9.620995473505179,0.13597195254070701,0.016,0.0013327030438461535,0.030667296956153847,0.01673320053068151,16.87968,1.4059750571968124,32.35338494280319,17.65319189585838,0.030000000000000006,0.008529275745797496,0.051470724254202516,0.02449489742783178,15.824700000000002,4.499107663150722,27.150292336849283,12.920813444206985,0.10400000000000001,0.08495670616726193,0.12304329383273808,0.021725560982400433,21.943584,17.925525174467598,25.961642825532405,4.584006465042562,0.18000000000000002,0.16161357022149217,0.19838642977850787,0.02097617696340303,18.98964,17.04990843122698,20.92937156877302,2.2129447172850933
robustness_alt_test,uptake(mmol/g) CO2 at 0.15 bar,29,20000,geometry_only,mlp,geometry_only | mlp,5,0.6159580119301504,0.6148321721689408,0.61708385169136,0.0012844154274678295,0.3626912293016867,0.3593085942824866,0.36607386432088673,0.003859082574491145,0.6242158557219577,0.6228427558762101,0.6255889555677053,0.0015665023443807468,0.8554969004958567,0.8541313606235574,0.856862440368156,0.0015578775410445965,0.4675009480470232,0.46646569431083507,0.4685362017832113,0.0011810702694271958,9.351614527316048,9.330905919303083,9.372323135329014,0.02362543634509512,0.004,-0.0038399999999999997,0.01184,0.00894427190999916,4.21992,-4.051123199999999,12.4909632,9.436027979610913,0.036,0.024239999999999998,0.04776,0.01341640786499874,18.98964,12.786357600000002,25.1929224,7.077020984708184,0.1264,0.1107985969861682,0.14200140301383182,0.017798876369029593,26.669894399999997,23.37806076969354,29.961728030306453,3.7554917183597682,0.19040000000000004,0.17509693050398062,0.20570306949601946,0.017458522274236155,20.086819200000004,18.47237597430895,21.70126242569106,1.841839182887365
robustness_alt_test,uptake(mmol/g) CO2 at 0.15 bar,29,20000,geometry_plus_topology,ridge,geometry_plus_topology | ridge,5,0.643132518134256,0.6426285165590901,0.6436365197094218,0.0005749907055294293,0.38724226310892085,0.3854557370510281,0.3890287891668136,0.0020381600556239306,0.5903283231966214,0.5896860154950498,0.590970630898193,0.0007327773893805237,0.8370680041650871,0.836420404315669,0.8377156040145052,0.0007388149415904966,0.4026545316647706,0.39969635892798033,0.4056127044015609,0.0033748343513518415,8.054464880843755,7.995291329955264,8.113638431732245,0.06750820523301411,0.028000000000000004,0.012320000000000005,0.043680000000000004,0.01788854381999832,29.539439999999995,12.997353599999997,46.081526399999994,18.872055959221825,0.027999999999999997,0.01839800020828994,0.037601999791710056,0.010954451150103323,14.769720000000001,9.704761129870864,19.83467887012914,5.778363437168001,0.0264,0.022402368701343257,0.030397631298656743,0.004560701700396553,5.5702944,4.726810186508621,6.413778613491378,0.9622898159768709,0.0644,0.060034872739541265,0.06876512726045873,0.00497995983919549,6.7940712,6.3335590042761245,7.254583395723876,0.5253758031154461
robustness_alt_test,uptake(mmol/g) CO2 at 0.15 bar,29,20000,enriched_interpretable,ridge,enriched_interpretable | ridge,5,0.7040209037999915,0.7036699693806526,0.7043718382193304,0.00040036388637044085,0.437238170072128,0.4352222929623825,0.4392540471818735,0.002299815434528936,0.5090854038574477,0.5085959861880429,0.5095748215268525,0.0005583526419279013,0.8098128574064815,0.8092341562256072,0.8103915585873557,0.0006602118260684316,0.27789154342055367,0.27517683083497996,0.2806062560061274,0.0030970825922025493,5.558779303712851,5.504475786770709,5.613082820654992,0.061952222091806,0.0,0.0,0.0,0.0,0.0,0.0,0.0,0.0,0.0,0.0,0.0,0.0,0.0,0.0,0.0,0.0,0.028000000000000004,0.025520774314427994,0.030479225685572015,0.0028284271247461905,5.907888000000001,5.384781297247049,6.430994702752953,0.5967868096129471,0.05,0.04752077431442799,0.05247922568557201,0.0028284271247461905,5.274900000000001,5.013346648623525,5.536453351376476,0.29839340480647353
robustness_alt_test,uptake(mmol/g) CO2 at 0.15 bar,29,20000,geometry_only,ridge,geometry_only | ridge,5,0.74455463457525,0.744432553327061,0.7446767158234389,0.00013927651516762248,0.49348353085945346,0.4920181860951186,0.4949488756237883,0.0016717400528194846,0.4509297938073448,0.45074972735470653,0.4511098602599831,0.00020542899416659617,0.7979161797077352,0.7965155892899127,0.7993167701255577,0.0015978649912682978,0.18331437239287068,0.18258612060737883,0.18404262417836253,0.0008308267842323428,3.6669130941795736,3.652345572968762,3.681480615390385,0.016619371270941107,0.0,0.0,0.0,0.0,0.0,0.0,0.0,0.0,0.0,0.0,0.0,0.0,0.0,0.0,0.0,0.0,0.004,0.004,0.004,0.0,0.8439840000000001,0.8439840000000001,0.8439840000000001,0.0,0.006,0.006,0.006,0.0,0.6329880000000001,0.6329880000000001,0.6329880000000001,0.0
robustness_alt_test,uptake(mmol/g) CO2 at 0.15 bar,29,20000,topology_only,ridge,topology_only | ridge,5,0.7934654054017692,0.7927958873852201,0.7941349234183184,0.0007638203046758632,0.5193964485605772,0.5181848932454198,0.5206080038757346,0.0013822041036699827,0.37642163521565203,0.37536866301963323,0.3774746074116708,0.0012012843922016734,0.6523078858169978,0.6509022134133725,0.6537135582206232,0.0016036627798988662,0.2044747819491847,0.20139761293688363,0.20755195096148576,0.0035105913723270724,4.090193505133691,4.028639622604351,4.15174738766303,0.07022380898706142,0.036,0.013142668572206424,0.05885733142779357,0.026076809620810593,37.97928,13.865252490306332,62.09330750969367,27.510512613762764,0.032,0.01632,0.04768,0.01788854381999832,16.87968,8.608636800000003,25.150723199999998,9.43602797961091,0.0392,0.03535920008331598,0.04304079991668402,0.004381780460041328,8.2710432,7.460649780779337,9.081436619220662,0.9245381499468803,0.0496,0.04731426685722064,0.051885733142779354,0.002607680962081059,5.232700800000001,4.991560524903065,5.473841075096937,0.2751051261376273
robustness_alt_test,uptake(mmol/g) CO2 at 0.15 bar,29,20000,topology_only,mlp,topology_only | mlp,5,0.7937411613135849,0.7930006057373974,0.7944817168897723,0.0008448635762610521,0.5203598728727232,0.5169346568170718,0.5237850889283746,0.0039076611928877915,0.3759880280144518,0.3748229600871967,0.37715309594170693,0.0013291689202792254,0.6484971416932006,0.6467297414650964,0.6502645419213048,0.0020163403334130044,0.19908987485779295,0.19329428383289327,0.20488546588269263,0.006611905868093552,3.9824769847833594,3.8665453841112196,4.098408585455499,0.1322606835935026,0.016,-0.0032039995834201133,0.03520399958342012,0.021908902300206645,16.87968,-3.3801554805165495,37.13951548051655,23.113453748672004,0.022,0.004036303275773104,0.039963696724226894,0.020493901531919198,11.60478,2.1291096149375566,21.08045038506244,10.810328119072057,0.0264,0.009842929727756789,0.042957070272243214,0.01888915032498815,5.5702944,2.0768188008377706,9.06376999916223,3.9855351619712005,0.038400000000000004,0.026679265552022775,0.05012073444797723,0.013371611720357425,4.051123200000001,2.8146091572072995,5.2876372427927025,1.4106782932742676
robustness_alt_test,uptake(mmol/g) CO2 at 0.15 bar,29,20000,topology_only,rf,topology_only | rf,5,0.79390996777506,0.793004314084489,0.7948156214656309,0.0010332159266275987,0.5199239435757117,0.518727992187336,0.5211198949640874,0.001364402348057832,0.3757223000842354,0.37429689021754126,0.37714770995092955,0.0016261802845546145,0.6511092229250462,0.6495377442935523,0.6526807015565402,0.001792822982249424,0.19924156238149413,0.19763706541660794,0.2008460593463803,0.00183049198121307,3.9855112529622425,3.9534158375656627,4.017606668358822,0.03661608703716645,0.012,-0.0036799999999999992,0.02768,0.01788854381999832,12.65976,-3.8823263999999984,29.2018464,18.872055959221825,0.036000000000000004,0.028160000000000004,0.043840000000000004,0.008944271909999158,18.989639999999998,14.854118399999997,23.1251616,4.718013989805456,0.03760000000000001,0.03446400000000001,0.04073600000000001,0.003577708763999664,7.9334496,7.271766144000001,8.595133056,0.7548822383688728,0.0516,0.049314266857220644,0.053885733142779356,0.0026076809620810583,5.443696800000001,5.2025565249030645,5.684837075096937,0.2751051261376273
robustness_alt_test,uptake(mmol/g) CO2 at 0.15 bar,29,20000,topology_only,hgb,topology_only | hgb,5,0.7962978669907836,0.7956364610365755,0.7969592729449918,0.0007545656501696868,0.5208948355325285,0.5193546970434941,0.5224349740215628,0.0017570685491043404,0.3719616837963394,0.37091852309698425,0.3730048444956946,0.0011900909363338767,0.6478023656449985,0.6448952718645917,0.6507094594254053,0.0033165608724266714,0.20166856276071293,0.19631186782198173,0.20702525769944413,0.006111190825373485,4.034059543824363,3.9269073628144535,4.141211724834273,0.12224467381404104,0.004,-0.0038399999999999997,0.01184,0.00894427190999916,4.21992,-4.051123199999999,12.4909632,9.436027979610913,0.004,-0.0008009998958550283,0.00880099989585503,0.005477225575051661,2.10996,-0.42251943506456824,4.642439435064569,2.889181718584,0.008,0.005520774314427991,0.01047922568557201,0.00282842712474619,1.6879680000000001,1.1648612972470485,2.211074702752952,0.5967868096129473,0.0264,0.024114266857220644,0.028685733142779356,0.0026076809620810587,2.7851472,2.5440069249030635,3.0262874750969364,0.2751051261376275
robustness_alt_test,uptake(mmol/g) CO2 at 0.15 bar,29,40000,geometry_plus_topology,rf,geometry_plus_topology | rf,5,0.50377046325834,0.5021522042081156,0.5053887223085644,0.0018461924701561703,0.28340400038072355,0.28244636296332787,0.28436163779811924,0.0010925216138234915,0.7486350088384741,0.7470208303966925,0.7502491872802557,0.0018415371038971492,0.8983281250780081,0.8976866727967455,0.8989695773592706,0.0007318014822579109,0.5932499051952976,0.5902161296929359,0.5962836806976594,0.003461085842731783,11.867022847609691,11.806336983379856,11.927708711839527,0.06923352943430318,0.24,0.20281161471641984,0.27718838528358014,0.042426406871192854,253.19519999999997,213.96219729352862,292.4282027064713,44.75901072097103,0.252,0.22201776526007444,0.28198223473992556,0.034205262752974135,132.92748,117.11215099703666,148.74280900296333,18.042934049566323,0.3144,0.2971164003749219,0.33168359962507815,0.019718012070185996,66.33714240000002,62.69037201350703,69.98391278649301,4.160421674760968,0.33440000000000003,0.3253414915134996,0.34345850848650045,0.010334408546211041,35.278531199999996,34.322876671691176,36.234185728308816,1.090259432808174
robustness_alt_test,uptake(mmol/g) CO2 at 0.15 bar,29,40000,geometry_plus_topology,hgb,geometry_plus_topology | hgb,5,0.5161592116340609,0.5149660413516937,0.5173523819164281,0.0013612295204620969,0.297163045732036,0.2963155746461984,0.2980105168178736,0.0009668382433155003,0.7361211972603756,0.734901768969143,0.7373406255516082,0.0013911859963685487,0.8864493877357781,0.8854222299709984,0.8874765455005578,0.0011718339722776008,0.5824800910125142,0.5812143497429951,0.5837458322820333,0.0014440222043731587,11.65158980690903,11.626270661582575,11.676908952235484,0.02888537249089146,0.23199999999999998,0.21631999999999998,0.24767999999999998,0.01788854381999832,244.75536000000002,228.2132736,261.2974464,18.872055959221836,0.24,0.23123461352820082,0.24876538647179916,0.009999999999999995,126.59760000000001,121.97394628999066,131.22125371000936,5.274899999999995,0.3064,0.2847014632751423,0.3280985367248577,0.02475479751482528,64.6491744,60.07086994520193,69.2274788547981,5.223163256438075,0.32480000000000003,0.3147599011957053,0.3348400988042948,0.011454256850621092,34.26575040000001,33.20654005634453,35.32496074365549,1.2084011892268225
robustness_alt_test,uptake(mmol/g) CO2 at 0.15 bar,29,40000,geometry_plus_topology,mlp,geometry_plus_topology | mlp,5,0.5435853654762288,0.5409069261786176,0.5462638047738401,0.003055700175033439,0.3121833415409057,0.3101679977151013,0.31419868536671014,0.0022992070370067294,0.7073279735047053,0.7044400808405206,0.7102158661688901,0.0032946552596122398,0.8845350272790566,0.8835828168189849,0.8854872377391284,0.0010863302640851044,0.5384148653773229,0.5315485734994111,0.5452811572552346,0.007833416016512999,10.770134900943646,10.632785628942141,10.90748417294515,0.15669505553850716,0.092,0.08239800020828994,0.10160199979171006,0.010954451150103326,97.05816,86.92824225974172,107.18807774025828,11.55672687433601,0.1,0.08360146347993212,0.11639853652006789,0.01870828693386971,52.749,44.0989359710294,61.399064028970606,9.868434274746933,0.17119999999999996,0.1682665406087692,0.17413345939123073,0.0033466401061362917,36.1225152,35.50356700228787,36.74146339771213,0.7061276758343336,0.23399999999999999,0.22732448054455684,0.24067551945544313,0.007615773105863903,24.686532000000003,23.98227804848966,25.390785951510345,0.8034488311224296
robustness_alt_test,uptake(mmol/g) CO2 at 0.15 bar,29,40000,enriched_interpretable,rf,enriched_interpretable | rf,5,0.5437974282881856,0.5417643839567917,0.5458304726195794,0.002319400676667003,0.3133050401729367,0.31181395887680824,0.31479612146906516,0.0017011016010825028,0.707102717005605,0.7049133357488295,0.7092920982623805,0.002497757815721313,0.8814647953939112,0.8805397149096004,0.882389875878222,0.0010553790038661094,0.5622298065984073,0.5547209515014002,0.5697386616954143,0.008566484913318176,11.24651500502821,11.096312275596269,11.39671773446015,0.1713589354162385,0.256,0.217994189917856,0.29400581008214405,0.04335896677735761,270.07488,229.97951047953973,310.1702495204603,45.74284277077672,0.248,0.22448,0.27152,0.026832815729997468,130.81752,118.4109552,143.22408479999999,14.154041969416362,0.3016,0.28744451145315003,0.3157554885468499,0.016149303390549073,63.6363936,60.64964213856885,66.62314506143115,3.4074384181922888,0.31720000000000004,0.30864756970212565,0.32575243029787443,0.009757048734120383,33.46396560000001,32.561701308434856,34.36622989156516,1.0293491273522306
robustness_alt_test,uptake(mmol/g) CO2 at 0.15 bar,29,40000,enriched_interpretable,hgb,enriched_interpretable | hgb,5,0.5566422315018043,0.5553992055913114,0.5578852574122971,0.0014181073641099887,0.32662256861371075,0.32596243106129946,0.32728270616612204,0.0007531185926999875,0.6931053739965625,0.6917364062778782,0.6944743417152467,0.001561788203051379,0.8668975628233525,0.8659526628836448,0.8678424627630602,0.0010779900495519817,0.5605612438376945,0.5562953726339823,0.5648271150414066,0.004866723466713883,11.2131380550605,11.127806071698874,11.298470038422128,0.09735107931197966,0.176,0.1531426685722064,0.19885733142779358,0.026076809620810597,185.67648,161.56245249030633,209.79050750969367,27.510512613762764,0.19,0.15779391361869624,0.22220608638130376,0.03674234614174767,100.2231,83.23471149472608,117.21148850527392,19.381220166310477,0.2784,0.26147576601438044,0.2953242339856195,0.01930802941783546,58.741286400000014,55.170340725970235,62.312232074029794,4.07391697504561,0.2924,0.28128488164705384,0.30351511835294614,0.01268069398731788,30.8476152,29.67499244400089,32.02023795599911,1.3377878542740602
robustness_alt_test,uptake(mmol/g) CO2 at 0.15 bar,29,40000,geometry_only,rf,geometry_only | rf,5,0.5711661642207475,0.570175055798711,0.572157272642784,0.0011307070432378683,0.33076657830463213,0.3300599334599697,0.33147322314929456,0.000806176483987209,0.6768820912350456,0.6757615540662294,0.6780026284038618,0.001278365959585885,0.8720319873365627,0.8713504469126552,0.8727135277604703,0.0007775360802404612,0.5176336746302617,0.5133445559999004,0.521922793260623,0.004893245316861588,10.354440160436736,10.268643149199372,10.4402371716741,0.09788160683319365,0.22799999999999998,0.1774943329912375,0.27850566700876245,0.05761944116355172,240.53544000000002,187.2529714190958,293.81790858090426,60.787358038723795,0.22399999999999998,0.17820137993345214,0.2697986200665478,0.05224940191045252,118.15776000000001,93.99944590109669,142.31607409890333,27.561037013744595,0.2712,0.2503981293148909,0.2920018706851091,0.023731835158706124,57.222115200000005,52.833003692924734,61.611226707075275,5.007322291146359,0.28759999999999997,0.28054399999999996,0.294656,0.00804984471899923,30.341224800000003,29.596830912000005,31.085618688,0.8492425181649805
robustness_alt_test,uptake(mmol/g) CO2 at 0.15 bar,29,40000,geometry_only,hgb,geometry_only | hgb,5,0.5870464203693068,0.5860281672040166,0.5880646735345969,0.0011616751509658527,0.34535811964673907,0.3445335109407873,0.3461827283526908,0.0009407556741562386,0.6586648819540623,0.6574802652149105,0.659849498693214,0.0013514712020547969,0.8596692174230707,0.8590177450350226,0.8603206898111188,0.0007432329311936859,0.5099734546833523,0.5065238542713221,0.5134230550953826,0.003935480110464791,10.201209617403167,10.132205835782315,10.27021339902402,0.078723033882028,0.152,0.07598837983571197,0.22801162016428803,0.0867179335547152,160.35696,80.1662209590794,240.54769904092058,91.48568554155344,0.16999999999999998,0.12279694925113419,0.21720305074886578,0.053851648071345036,89.67330000000001,64.77416276048079,114.57243723951923,28.406205841153795,0.2432,0.2266800949155269,0.2597199050844731,0.0188467503830236,51.314227200000005,47.82859330679652,54.79986109320349,3.976588943816447,0.2464,0.23795606158241311,0.2548439384175869,0.009633275663033836,25.994707200000004,25.103888584821423,26.885525815178585,1.016291315898743
robustness_alt_test,uptake(mmol/g) CO2 at 0.15 bar,29,40000,enriched_interpretable,mlp,enriched_interpretable | mlp,5,0.5906396648613909,0.5862091724003904,0.5950701573223913,0.005054531794182336,0.3460370887333854,0.3437563690797136,0.3483178083870572,0.0026019613179744496,0.6544543856072933,0.6492841298707425,0.6596246413438441,0.005898491473462221,0.8628464879882346,0.8593581444452673,0.8663348315312019,0.0039796802504833565,0.4955631399317406,0.4899006213073504,0.5012256585561308,0.006460090085711766,9.912954140409322,9.799684441919387,10.026223838899258,0.12922384980326493,0.02,0.007603871572139953,0.03239612842786005,0.01414213562373095,21.0996,8.021932431176207,34.177267568823794,14.919670240323677,0.05,0.04380193578606998,0.056198064213930025,0.007071067811865474,26.3745,23.10508310779405,29.64391689220595,3.72991756008092,0.14400000000000002,0.12997538164512135,0.1580246183548787,0.016000000000000004,30.383424,27.42428562559402,33.342562374405986,3.3759360000000003,0.2068,0.1858142661791397,0.22778573382086031,0.023941595602632666,21.8169864,19.60303345336688,24.030939346633122,2.525790452886542
robustness_alt_test,uptake(mmol/g) CO2 at 0.15 bar,29,40000,geometry_only,mlp,geometry_only | mlp,5,0.6040640830964858,0.6004450533247332,0.6076831128682385,0.0041287737664461215,0.3556439865478017,0.3515533455061433,0.3597346275894601,0.0046668119595401885,0.6385760046826636,0.6342406605154964,0.6429113488498308,0.0049459817671647826,0.8608312880913065,0.8592477528734827,0.8624148233091303,0.0018065777509281454,0.47857413727720893,0.477869010517945,0.47927926403647286,0.0008044445747287154,9.573116104374478,9.55901116261323,9.587221046135726,0.016091637039197942,0.008,-0.0016019997917100567,0.01760199979171006,0.010954451150103323,8.43984,-1.6900777402582747,18.569757740258275,11.556726874336002,0.048,0.036571334286103215,0.05942866571389679,0.013038404810405297,25.31952,19.291013122576583,31.34802687742342,6.877628153440691,0.1488,0.137331068750751,0.16026893124924899,0.013084341787036904,31.396204800000003,28.976306182133463,33.81610341786654,2.7607437796976386,0.2084,0.19661389563935563,0.22018610436064437,0.013446189051177292,21.9857832,20.74237276216074,23.22919363783926,1.4185460525211016
robustness_alt_test,uptake(mmol/g) CO2 at 0.15 bar,29,40000,geometry_plus_topology,ridge,geometry_plus_topology | ridge,5,0.642411666394028,0.6421179641815067,0.6427053686065494,0.00033507046547949336,0.3873759720913325,0.3858330386176493,0.38891890556501574,0.0017602572101610315,0.591246337687719,0.5908725191472334,0.5916201562282045,0.0004264712590691381,0.8382331891675718,0.8376715464813471,0.8387948318537966,0.0006407506252368024,0.4033371255214259,0.40227033400891027,0.4044039170339416,0.0012170501733698266,8.068119087648725,8.046779616471747,8.089458558825703,0.02434515722225445,0.027999999999999997,0.01839800020828994,0.037601999791710056,0.010954451150103323,29.539440000000003,19.409522259741728,39.66935774025828,11.556726874336002,0.027999999999999997,0.024079999999999997,0.03192,0.004472135954999578,14.769720000000001,12.701959200000001,16.8374808,2.3590069949027286,0.0304,0.027264,0.033535999999999996,0.0035777087639996623,6.414278400000001,5.752594944000001,7.075961856,0.7548822383688728,0.0636,0.05676524645652823,0.07043475354347178,0.00779743547584717,6.7096728,5.988619970670815,7.430725629329185,0.822613847830925
robustness_alt_test,uptake(mmol/g) CO2 at 0.15 bar,29,40000,enriched_interpretable,ridge,enriched_interpretable | ridge,5,0.7036892007205984,0.7034525495306878,0.7039258519105089,0.0002699837487736286,0.43722601344318984,0.4355775890349648,0.4388744378514149,0.00188060664926583,0.509547957900813,0.5092180639254135,0.5098778518762125,0.00037635987467392177,0.8105519689365742,0.810260310935162,0.8108436269379864,0.0003327383251731904,0.27933257489571484,0.27607912821301867,0.282586021578411,0.0037116979304488806,5.587604851412235,5.5225248138447185,5.652684888979751,0.07424662652000288,0.0,0.0,0.0,0.0,0.0,0.0,0.0,0.0,0.0,0.0,0.0,0.0,0.0,0.0,0.0,0.0,0.0288,0.02586654060876923,0.03173345939123077,0.003346640106136302,6.076684800000001,5.4577366022878735,6.695632997712128,0.706127675834335,0.0504,0.04847960004165799,0.05232039995834201,0.0021908902300206636,5.317099200000001,5.114500845194836,5.519697554805166,0.23113453748671978
robustness_alt_test,uptake(mmol/g) CO2 at 0.15 bar,29,40000,geometry_only,ridge,geometry_only | ridge,5,0.7445158108727933,0.7444227755122378,0.7446088462333488,0.00010613948495579555,0.4935352593745427,0.49251920741063715,0.4945513113384482,0.0011591639081453694,0.4509870596675835,0.4508498443571268,0.4511242749780402,0.00015654222537496714,0.798656275807088,0.7981131994829543,0.7991993521312216,0.0006195691723129995,0.18361774744027307,0.18318435093993568,0.18405114394061045,0.0004944408346759688,3.672981630537339,3.664312221361648,3.6816510397130298,0.009890504204900537,0.0,0.0,0.0,0.0,0.0,0.0,0.0,0.0,0.0,0.0,0.0,0.0,0.0,0.0,0.0,0.0,0.004,0.004,0.004,0.0,0.8439840000000001,0.8439840000000001,0.8439840000000001,0.0,0.006,0.006,0.006,0.0,0.6329880000000001,0.6329880000000001,0.6329880000000001,0.0
robustness_alt_test,uptake(mmol/g) CO2 at 0.15 bar,29,40000,topology_only,ridge,topology_only | ridge,5,0.792842531292252,0.7926761234866029,0.7930089390979012,0.00018984651296835697,0.5196963666535955,0.5183099620323641,0.5210827712748269,0.00158168111091494,0.37740070789740265,0.37713937278949605,0.37766204300530926,0.00029814442152366886,0.6532692208872832,0.6521329590039716,0.6544054827705948,0.0012963055159830779,0.20326128175957528,0.20156636796875668,0.20495619555039388,0.0019336441083021563,4.0659193597026295,4.032015299197552,4.099823420207707,0.03867948163398935,0.039999999999999994,0.022469227056401645,0.057530772943598346,0.02,42.199200000000005,23.704585159962615,60.69381484003739,21.099600000000002,0.04,0.04,0.04,0.0,21.0996,21.0996,21.0996,0.0,0.036800000000000006,0.03386654060876924,0.039733459391230776,0.0033466401061363026,7.7646528,7.145704602287873,8.383600997712128,0.706127675834335,0.0548,0.05161537694538271,0.057984623054617296,0.003633180424916988,5.7812904000000005,5.445319036983985,6.117261763016016,0.3832932684678925
robustness_alt_test,uptake(mmol/g) CO2 at 0.15 bar,29,40000,topology_only,mlp,topology_only | mlp,5,0.7931650904884265,0.7929568338454308,0.7933733471314223,0.00023758980127769024,0.5195150711678724,0.5139639677011919,0.525066174634553,0.0063329819906287445,0.3768939934568801,0.3765667764994042,0.3772212104143561,0.0003733057960749701,0.6536149667657574,0.6532596500920169,0.6539702834394978,0.0004053633857258467,0.20166856276071293,0.19807003592926142,0.20526708959216444,0.004105382966317595,4.034059543824363,3.9620767255337923,4.106042362114934,0.08212167087231208,0.03599999999999999,0.016796000416579877,0.05520399958342011,0.021908902300206645,37.97928,17.71944451948345,58.23911548051656,23.113453748672008,0.04,0.04,0.04,0.0,21.0996,21.0996,21.0996,0.0,0.038400000000000004,0.03647960004165799,0.04032039995834202,0.0021908902300206666,8.102246400000002,7.6970496903896715,8.507443109610334,0.46226907497344005,0.054000000000000006,0.05049384541128034,0.057506154588719674,0.003999999999999999,5.696892,5.326999703199252,6.066784296800748,0.42199199999999987
robustness_alt_test,uptake(mmol/g) CO2 at 0.15 bar,29,40000,topology_only,hgb,topology_only | hgb,5,0.7933907600807327,0.7932301839265632,0.7935513362349023,0.00018319346749422517,0.5206549988640972,0.5187718745736302,0.5225381231545642,0.0021483642467170065,0.3765393916688479,0.37628703627728444,0.3767917470604114,0.00028789990307373525,0.6517699639124489,0.650782085676665,0.6527578421482328,0.001127021881992568,0.20485400075843763,0.2002637513224083,0.20944425019446694,0.0052367907003273585,4.097779175580898,4.005958520479984,4.1895998306818125,0.10475368701235022,0.044,0.02933270304384615,0.058667296956153844,0.01673320053068151,46.41912,30.94541505719681,61.89282494280319,17.65319189585838,0.042,0.03808,0.04592,0.00447213595499958,22.15458,20.086819199999997,24.2223408,2.3590069949027295,0.036000000000000004,0.03249384541128034,0.03950615458871967,0.004,7.595856,6.856071406398505,8.335640593601497,0.8439839999999998,0.0496,0.04671940006248698,0.052480599937513014,0.003286335345030996,5.2327008,4.928803267792252,5.536598332207748,0.3467018062300802
robustness_alt_test,uptake(mmol/g) CO2 at 0.15 bar,29,40000,topology_only,rf,topology_only | rf,5,0.7934363921031704,0.7931940277142326,0.7936787564921082,0.00027650165764793303,0.5204589333532352,0.5190284897551288,0.5218893769513416,0.0016319230221149908,0.3764676387083455,0.37608666442838373,0.37684861298830724,0.0004346348916701367,0.653029775899703,0.6514205941118909,0.6546389576875151,0.00183583666617471,0.2020477815699659,0.1978471615539095,0.20624840158602228,0.004792281583443044,4.04164521427157,3.9576184773633565,4.1256719511797835,0.09586198757870201,0.04,0.01852927574579749,0.06147072425420251,0.02449489742783178,42.199200000000005,19.548015326301442,64.85038467369857,25.841626888413973,0.04,0.04,0.04,0.0,21.0996,21.0996,21.0996,0.0,0.04159999999999999,0.03846399999999999,0.04473599999999999,0.0035777087639996636,8.777433600000002,8.115750144000001,9.439117056000002,0.7548822383688732,0.0528,0.05080118435067163,0.05479881564932837,0.002280350850198276,5.5702944,5.359423346627155,5.781165453372845,0.24057245399421773
robustness_alt_test,uptake(mmol/g) CO2 at 0.15 bar,29,210995,geometry_plus_topology,rf,geometry_plus_topology | rf,5,0.45250789007047515,0.4521960190295383,0.452819761111412,0.00035579839170833455,0.2547267361883444,0.25460331289338467,0.25485015948330414,0.0001408075905800931,0.7971909873281261,0.7969113998216618,0.7974705748345904,0.0003189676888336168,0.912170657972457,0.9120491123339755,0.9122922036109385,0.0001386654642925817,0.6541524459613197,0.6528228461931287,0.6554820457295107,0.0015168752370117791,13.085281521431039,13.05868498818405,13.111878054678028,0.030342681788826376,0.368,0.35839800020828994,0.37760199979171005,0.010954451150103333,388.23264,378.1027222597417,398.3625577402583,11.55672687433601,0.406,0.39816000000000007,0.41384,0.008944271909999139,214.16094000000004,210.02541840000006,218.29646160000001,4.718013989805444,0.43760000000000004,0.43076524645652825,0.44443475354347184,0.007797435475847178,92.33184960000001,90.88974394134164,93.77395525865839,1.6452276956618526,0.42519999999999997,0.419712,0.43068799999999996,0.006260990336999417,44.857749600000005,44.278776576000006,45.436722624000005,0.6605219585727641
robustness_alt_test,uptake(mmol/g) CO2 at 0.15 bar,29,210995,geometry_plus_topology,hgb,geometry_plus_topology | hgb,5,0.49910291634815174,0.49852401861245293,0.49968181408385054,0.0006604360658383592,0.2895753466679404,0.28927759199918374,0.289873101336697,0.0003396937142641482,0.7532736424716031,0.7527016021809942,0.753845682762212,0.0006526127426889065,0.8900756564188137,0.889763249047798,0.8903880637898294,0.0003564102644199543,0.6015927189988624,0.5990656048540007,0.604119833143724,0.0028830607218427503,12.03390759744823,11.983356689588046,12.084458505308415,0.05767105423454111,0.304,0.29616,0.31184,0.008944271909999166,320.71392,312.44287679999996,328.9849632,9.436027979610918,0.29600000000000004,0.2778237077488285,0.3141762922511716,0.02073644135332772,156.13703999999998,146.54922760042948,165.7248523995705,10.938265449466845,0.376,0.36898769082256067,0.38301230917743934,0.008000000000000007,79.334496,77.854926812797,80.814065187203,1.687968000000005,0.3612,0.35238217804670563,0.3700178219532944,0.010059821071967442,38.1058776,37.175615019571346,39.03614018042865,1.0612910034504224
robustness_alt_test,uptake(mmol/g) CO2 at 0.15 bar,29,210995,enriched_interpretable,rf,enriched_interpretable | rf,5,0.501690386565838,0.5014925719669431,0.5018882011647329,0.00022567698473006036,0.2872954939104705,0.2871862045944149,0.2874047832265261,0.00012468282648708912,0.750709142004117,0.7505125594819453,0.7509057245262887,0.00022427136875730698,0.8967665998530967,0.8966893947306759,0.8968438049755175,8.807954180825735e-05,0.6007584376185059,0.5991232461130073,0.6023936291240045,0.0018655098788394108,12.017219122464379,11.984509711496026,12.049928533432732,0.03731656450470227,0.344,0.33616,0.35183999999999993,0.008944271909999142,362.91312,354.6420768,371.1841632,9.436027979610893,0.36199999999999993,0.35807999999999995,0.3659199999999999,0.004472135954999583,190.95138,188.8836192,193.0191408,2.3590069949027295,0.3656,0.3587652464565282,0.3724347535434718,0.007797435475847178,77.14013760000002,75.69803194134164,78.5822432586584,1.6452276956618492,0.38000000000000006,0.3782469227056402,0.3817530772943599,0.0020000000000000018,40.089240000000004,39.904293851599625,40.27418614840038,0.21099600000000152
robustness_alt_test,uptake(mmol/g) CO2 at 0.15 bar,29,210995,geometry_plus_topology,mlp,geometry_plus_topology | mlp,5,0.5062051420165737,0.5042715514713396,0.5081387325618079,0.002205938724384833,0.2894392769188865,0.2876878827655598,0.2911906710722132,0.00199807978685415,0.7461983585979329,0.7442569938504769,0.7481397233453889,0.002214807930833321,0.8984633261006124,0.897200271795327,0.8997263804058978,0.00144095677851622,0.5755024649222602,0.5693346767365915,0.5816702531079289,0.007036527374477124,11.512013470680433,11.388636656495436,11.63539028486543,0.1407545629413329,0.148,0.12141326646614894,0.17458673353385104,0.0303315017762062,156.13704,128.08856785645784,184.18551214354218,31.99912774386202,0.19200000000000003,0.16541326646614898,0.21858673353385108,0.0303315017762062,101.27807999999999,87.2538439282289,115.30231607177107,15.999563871931008,0.296,0.25564112984733095,0.336358870152669,0.04604345773288536,62.45481600000001,53.93925583326745,70.97037616673256,9.71498540780788,0.33680000000000004,0.3199576799697904,0.3536423200302097,0.019214577799160713,35.531726400000004,33.75489532145295,37.30855747854706,2.027099528655858
robustness_alt_test,uptake(mmol/g) CO2 at 0.15 bar,29,210995,geometry_only,rf,geometry_only | rf,5,0.5376872650976894,0.5373505882253324,0.5380239419700463,0.0003840981495113273,0.31009902514009774,0.3099205457564596,0.31027750452373587,0.00020361838489647762,0.7136518364945055,0.7132932487511221,0.7140104242378889,0.0004090951888283575,0.8853194957726703,0.8852538245379951,0.8853851670073456,7.49210943368156e-05,0.5594235874099354,0.5572262251666115,0.5616209496532593,0.0025068629322773316,11.190381043718881,11.146426299322563,11.2343357881152,0.050145814491732436,0.31200000000000006,0.29201184350671633,0.3319881564932838,0.02280350850198276,329.15376,308.0666546627155,350.24086533728445,24.05724539942178,0.34800000000000003,0.33839800020829,0.3576019997917101,0.010954451150103302,183.56652000000003,178.5015611298709,188.63147887012914,5.778363437167989,0.31920000000000004,0.3146285337144413,0.32377146628555875,0.0052153619241621235,67.3499232,66.38536209961227,68.31448430038775,1.1004205045505113,0.324,0.31767918992533395,0.33032081007466607,0.007211102550927985,34.181352000000004,33.51451917874289,34.84818482125712,0.7607568969177994
robustness_alt_test,uptake(mmol/g) CO2 at 0.15 bar,29,210995,enriched_interpretable,hgb,enriched_interpretable | hgb,5,0.5438595184889605,0.5434222835898617,0.5442967533880594,0.0004988198757757063,0.3199079090567611,0.3195886562622316,0.3202271618512906,0.0003642198727422129,0.7070398942317633,0.7065687255958203,0.7075110628677063,0.0005375332136910154,0.8706635132202084,0.8705061836257609,0.8708208428146559,0.00017948962655972784,0.574061433447099,0.570913270805786,0.577209596088412,0.0035915845256128892,11.483187922981049,11.420213925572394,11.546161920389704,0.07184394847992213,0.21600000000000003,0.20816000000000004,0.22384,0.008944271909999154,227.87568000000002,219.60463680000004,236.1467232,9.436027979610904,0.254,0.24616,0.26184,0.008944271909999166,133.98246,129.8469384,138.1179816,4.718013989805459,0.3,0.29445628283549746,0.3055437171645025,0.006324555320336765,63.29880000000001,62.12909785315863,64.46850214684139,1.334455874369774,0.31320000000000003,0.3091641129847331,0.31723588701526695,0.004604345773288539,33.0419736,32.61619559166337,33.46775160833663,0.4857492703903946
robustness_alt_test,uptake(mmol/g) CO2 at 0.15 bar,29,210995,enriched_interpretable,mlp,enriched_interpretable | mlp,5,0.5665917207118818,0.5614094516749011,0.5717739897488625,0.005912196859378171,0.3316257530133398,0.3276488394697671,0.3356026665569125,0.004537065828606205,0.6820103388054001,0.6761922378628734,0.6878284397479267,0.0066375863303291295,0.872969062619298,0.8715977418801697,0.8743403833584262,0.0015644726487990491,0.5205915813424347,0.5165930987931175,0.5245900638917518,0.004561672850571294,10.413608389924946,10.333625092240483,10.493591687609408,0.09124902586074485,0.016,0.00816,0.02384,0.00894427190999916,16.87968,8.608636800000003,25.150723199999998,9.43602797961091,0.07,0.052469227056401654,0.08753077294359836,0.019999999999999997,36.9243,27.67699257998131,46.171607420018695,10.5498,0.188,0.1629610479452514,0.2130389520547486,0.02856571371417139,39.66724800000001,34.384129272256274,44.95036672774374,6.027251330835307,0.2548,0.23860892888039834,0.27099107111960175,0.018471599822430115,26.8808904,25.17276477902426,28.589016020975738,1.9487168380667326
robustness_alt_test,uptake(mmol/g) CO2 at 0.15 bar,29,210995,geometry_only,hgb,geometry_only | hgb,5,0.574124963756811,0.573505480821077,0.574744446692545,0.0007067377322460978,0.3393269898029875,0.33902087270361586,0.3396331069023591,0.0003492340016683767,0.6735263668532847,0.6728216837143053,0.6742310499922641,0.0008039384700794982,0.8623965905356143,0.8621566071757356,0.8626365738954931,0.0002737852582436571,0.528782707622298,0.5270459378055916,0.5305194774390043,0.0019813955976659787,10.577458871584605,10.54271754770844,10.61220019546077,0.039634674395632834,0.21200000000000002,0.19632000000000002,0.22768000000000002,0.017888543819998323,223.65576000000001,207.11367360000003,240.1978464,18.87205595922182,0.23000000000000004,0.22380193578607002,0.23619806421393005,0.007071067811865472,121.32270000000001,118.05328310779406,124.59211689220596,3.729917560080921,0.27840000000000004,0.26585600000000004,0.29094400000000004,0.01431083505599864,58.741286400000014,56.09455257600002,61.38802022400001,3.019528953475487,0.2812,0.27716411298473315,0.28523588701526686,0.004604345773288514,29.666037600000003,29.240259591663378,30.091815608336628,0.4857492703903913
robustness_alt_test,uptake(mmol/g) CO2 at 0.15 bar,29,210995,geometry_only,mlp,geometry_only | mlp,5,0.5844606639813887,0.5810517722485431,0.5878695557142344,0.003889037572744872,0.3406834069827528,0.33789093681620325,0.34347587714930233,0.0031857924069106694,0.6616542847780524,0.6577078488113068,0.665600720744798,0.004502295454333303,0.8690560269652565,0.8670936806508662,0.8710183732796468,0.0022387447726391926,0.4983693591202124,0.49326618095839325,0.5034725372820316,0.005821965954653102,9.96908810171865,9.867007121491953,10.071169081945348,0.11645918928403334,0.0,0.0,0.0,0.0,0.0,0.0,0.0,0.0,0.068,0.06066635152192308,0.07533364847807693,0.008366600265340758,35.86932,32.00089376429921,39.7377462357008,4.413297973964594,0.1888,0.177331068750751,0.200268931249249,0.013084341787036902,39.8360448,37.41614618213346,42.25594341786655,2.760743779697638,0.256,0.24519330577836126,0.2668066942216388,0.012328828005937964,27.007488000000002,25.86740337300556,28.147572626994446,1.3006666969704435
robustness_alt_test,uptake(mmol/g) CO2 at 0.15 bar,29,210995,geometry_plus_topology,ridge,geometry_plus_topology | ridge,5,0.6417508585269389,0.6417508585269389,0.6417508585269389,0.0,0.3871281500053903,0.3871281500053903,0.3871281500053903,0.0,0.5920869115580388,0.5920869115580388,0.5920869115580388,0.0,0.8383986849972643,0.8383986849972643,0.8383986849972643,0.0,0.40348881304512696,0.4034888130451269,0.403488813045127,6.206335383118183e-17,8.071153355827608,8.071153355827608,8.071153355827608,0.0,0.02,0.02,0.02,0.0,21.0996,21.0996,21.0996,0.0,0.03,0.03,0.03,0.0,15.824700000000002,15.8247,15.824700000000004,1.9860273225978185e-15,0.028000000000000004,0.028,0.028000000000000008,3.878959614448864e-18,5.907888000000001,5.907888000000001,5.907888000000001,0.0,0.064,0.064,0.064,0.0,6.7518720000000005,6.7518720000000005,6.7518720000000005,0.0
robustness_alt_test,uptake(mmol/g) CO2 at 0.15 bar,29,210995,enriched_interpretable,ridge,enriched_interpretable | ridge,5,0.703420192075035,0.703420192075035,0.703420192075035,0.0,0.4368082544245054,0.4368082544245053,0.43680825442450544,6.206335383118183e-17,0.509922927210344,0.509922927210344,0.509922927210344,0.0,0.8105205927275773,0.8105205927275771,0.8105205927275774,1.2412670766236366e-16,0.279484262419416,0.279484262419416,0.279484262419416,0.0,5.590639119591116,5.590639119591116,5.590639119591116,0.0,0.0,0.0,0.0,0.0,0.0,0.0,0.0,0.0,0.0,0.0,0.0,0.0,0.0,0.0,0.0,0.0,0.028000000000000004,0.028,0.028000000000000008,3.878959614448864e-18,5.907888000000001,5.907888000000001,5.907888000000001,0.0,0.05,0.05,0.05,0.0,5.274900000000001,5.274900000000001,5.274900000000001,0.0
robustness_alt_test,uptake(mmol/g) CO2 at 0.15 bar,29,210995,geometry_only,ridge,geometry_only | ridge,5,0.7445016724785963,0.7445016724785963,0.7445016724785963,0.0,0.4930728894970239,0.4930728894970239,0.4930728894970239,0.0,0.451007919964622,0.451007919964622,0.451007919964622,0.0,0.7988333452252665,0.7988333452252665,0.7988333452252665,0.0,0.1839211224876754,0.1839211224876754,0.1839211224876754,0.0,3.6790501668951037,3.6790501668951032,3.679050166895104,4.965068306494546e-16,0.0,0.0,0.0,0.0,0.0,0.0,0.0,0.0,0.0,0.0,0.0,0.0,0.0,0.0,0.0,0.0,0.004,0.004,0.004,0.0,0.8439840000000001,0.8439840000000001,0.8439840000000001,0.0,0.006,0.006,0.006,0.0,0.6329880000000001,0.6329880000000001,0.6329880000000001,0.0
robustness_alt_test,uptake(mmol/g) CO2 at 0.15 bar,29,210995,topology_only,ridge,topology_only | ridge,5,0.7922564640893394,0.7922564640893394,0.7922564640893394,0.0,0.519479351954241,0.519479351954241,0.519479351954241,0.0,0.37832084387532927,0.37832084387532927,0.37832084387532927,0.0,0.6539390744183899,0.6539390744183899,0.6539390744183899,0.0,0.20781190747061054,0.20781190747061054,0.20781190747061054,0.0,4.156947405069107,4.156947405069107,4.156947405069107,0.0,0.06,0.06,0.06,0.0,63.29880000000001,63.2988,63.298800000000014,7.944109290391274e-15,0.04,0.04,0.04,0.0,21.0996,21.0996,21.0996,0.0,0.036,0.036,0.036,0.0,7.595856,7.595856,7.595856,0.0,0.046,0.046,0.046,0.0,4.852908,4.852908,4.852908,0.0
robustness_alt_test,uptake(mmol/g) CO2 at 0.15 bar,29,210995,topology_only,hgb,topology_only | hgb,5,0.7923010582726847,0.7922430849245023,0.7923590316208671,6.613895276477073e-05,0.5199003470805115,0.5197221371062,0.520078557054823,0.0002033110289943664,0.37825085283384424,0.3781598659846363,0.3783418396830522,0.00010380243871812337,0.6537623709375542,0.6535962075826409,0.6539285342924674,0.00018956763109972917,0.20037921880925294,0.1988272278530554,0.20193120976545048,0.001770590448225818,4.008268264303861,3.9772231482824485,4.039313380325273,0.035417851935329564,0.028000000000000004,0.012320000000000008,0.04368,0.017888543819998316,29.539439999999995,12.9973536,46.08152639999999,18.87205595922182,0.04,0.04,0.04,0.0,21.0996,21.0996,21.0996,0.0,0.041600000000000005,0.038464000000000005,0.044736000000000005,0.003577708763999664,8.7774336,8.115750144,9.439117056,0.7548822383688737,0.0536,0.05131426685722064,0.055885733142779365,0.0026076809620810618,5.6546928,5.413552524903063,5.895833075096937,0.27510512613762766
robustness_alt_test,uptake(mmol/g) CO2 at 0.15 bar,29,210995,topology_only,mlp,topology_only | mlp,5,0.792394146503414,0.7922829941304835,0.7925052988763445,0.00012680829680252836,0.5213217247933393,0.5191129971829063,0.5235304524037723,0.0025198291228106682,0.37810473513871246,0.3779302635944096,0.3782792066830153,0.000199046037347173,0.654039920571283,0.6538525830175456,0.6542272581250205,0.00021372423719154496,0.20303375047402353,0.1991816381192407,0.20688586282880636,0.004394686266459804,4.061367957434307,3.9843125631975074,4.138423351671106,0.08790872425843328,0.052000000000000005,0.042398000208289946,0.06160199979171006,0.01095445115010332,54.85896,44.729042259741725,64.98887774025827,11.556726874336004,0.04,0.04,0.04,0.0,21.0996,21.0996,21.0996,0.0,0.03919999999999999,0.03535920008331597,0.04304079991668401,0.004381780460041329,8.271043200000001,7.460649780779339,9.081436619220664,0.9245381499468805,0.048799999999999996,0.04586654060876923,0.051733459391230766,0.0033466401061363026,5.1483024,4.838828301143937,5.457776498856064,0.35306383791716756
robustness_alt_test,uptake(mmol/g) CO2 at 0.15 bar,29,210995,topology_only,rf,topology_only | rf,5,0.7930714632588408,0.7930533638069371,0.7930895627107445,2.0648777965421236e-05,0.5204472146650889,0.5204028381185204,0.5204915912116574,5.062702792542774e-05,0.3770411351976242,0.3770127010240748,0.37706956937117364,3.243915558189268e-05,0.6482540268326844,0.6482350497023744,0.6482730039629944,2.1650078260689546e-05,0.2024270003792188,0.2018323852863102,0.20302161547212738,0.0006783672286688731,4.049230884718776,4.037336553457557,4.061125215979995,0.013569659819891743,0.06,0.06,0.06,0.0,63.29880000000001,63.2988,63.298800000000014,7.944109290391274e-15,0.04,0.04,0.04,0.0,21.0996,21.0996,21.0996,0.0,0.04,0.04,0.04,0.0,8.43984,8.43984,8.43984,0.0,0.052000000000000005,0.052,0.05200000000000001,7.757919228897728e-18,5.485896,5.485896,5.485896,0.0
robustness_alt_test,uptake(mmol/g) CO2 at 0.15 bar,47,500,geometry_plus_topology,rf,geometry_plus_topology | rf,5,0.6365704196774435,0.6256550961647505,0.6474857431901366,0.012452757842236447,0.3791381091146633,0.3718441869241659,0.3864320313051607,0.008321278490074661,0.5972158517240895,0.5834533359660578,0.6109783674821213,0.015700979987944407,0.8181646716641273,0.8120342159745496,0.824295127353705,0.0069939365586459265,0.4489192263936291,0.4242460584089194,0.4735923943783388,0.028148408588817554,8.979916675402936,8.48636910694429,9.473464243861583,0.5630642414302383,0.004,-0.003839999999999998,0.011839999999999998,0.008944271909999158,4.21992,-4.051123199999999,12.4909632,9.436027979610913,0.018000000000000002,0.0023200000000000026,0.03368,0.01788854381999832,9.49482,1.2237768000000013,17.7658632,9.436027979610913,0.06,0.030146169425013476,0.08985383057498653,0.03405877273185281,12.65976,6.360721164000145,18.958798835999858,7.186264811330014,0.1116,0.0721577087886619,0.1510422912113381,0.044997777722905384,11.7735768,7.612493961786252,15.934659638213748,4.747175554211073
robustness_alt_test,uptake(mmol/g) CO2 at 0.15 bar,47,500,geometry_plus_topology,hgb,geometry_plus_topology | hgb,5,0.6647226774109687,0.6437165380775495,0.6857288167443879,0.02396487525222323,0.39583630400712694,0.38438607656180557,0.4072865314524483,0.013063003533455268,0.560479768486631,0.5324908985808138,0.5884686383924481,0.031931130470819094,0.8026506142945159,0.7933319689820633,0.8119692596069685,0.01063118590655815,0.42601441031475157,0.382152981560667,0.4698758390688361,0.05003935524714133,8.52174218039167,7.64436390760092,9.39912045318242,1.0009578877252396,0.008,-0.0016019997917100567,0.01760199979171006,0.010954451150103323,8.43984,-1.6900777402582747,18.569757740258275,11.556726874336002,0.024,0.008076884726913518,0.03992311527308648,0.01816590212458495,12.65976,4.260475924599612,21.059044075400386,9.582331711697316,0.055200000000000006,0.03674683159996637,0.07365316840003364,0.021052315787105227,11.6469792,7.7534344802665025,15.540523919733499,4.441954421816055,0.1044,0.07271340068735682,0.1360865993126432,0.03614968879534096,11.013991200000001,7.67111834571477,14.356864054285232,3.8137198685308813
robustness_alt_test,uptake(mmol/g) CO2 at 0.15 bar,47,500,geometry_plus_topology,ridge,geometry_plus_topology | ridge,5,0.6700557379266268,0.6600734118419124,0.6800380640113411,0.011388346785199292,0.407055498825262,0.40078902647048337,0.4133219711800406,0.007149111308371529,0.5537597520497946,0.5404514999365373,0.5670680041630518,0.015182732850483905,0.8135257032078727,0.7963195021697795,0.8307319042459658,0.01962971181413457,0.3982555934774365,0.3797298499608995,0.4167813369939735,0.021135113181991187,7.966471103656161,7.59589300553185,8.337049201780474,0.4227743971319124,0.02,-0.0014707242542025094,0.04147072425420251,0.02449489742783178,21.0996,-1.5515846736985637,43.75078467369856,25.841626888413973,0.024,0.014005921753358143,0.03399407824664186,0.011401754250991379,12.65976,7.387983665678887,17.931536334321112,6.014311349855443,0.0456,0.026300219275857045,0.06489978072414296,0.022018174311236618,9.621417600000001,5.549241066328734,13.693594133671269,4.645746706973681,0.06080000000000001,0.044187337841273,0.07741266215872701,0.018952572384771417,6.414278400000001,4.66167576757862,8.166881032421381,1.999458481448615
robustness_alt_test,uptake(mmol/g) CO2 at 0.15 bar,47,500,enriched_interpretable,rf,enriched_interpretable | rf,5,0.6760717520160149,0.6656632397367295,0.6864802642953003,0.011874561735267115,0.4099699778533684,0.4006627194095038,0.419277236297233,0.010618195186040865,0.5457036204956932,0.5317467327639273,0.5596605082274592,0.015922729450286475,0.799675229103502,0.7912565954286693,0.8080938627783346,0.009604406721731972,0.39332574895714834,0.37050921064245274,0.41614228727184394,0.026030270756575435,7.867857387842477,7.411448749404147,8.324266026280808,0.5206942556460359,0.008,-0.0016019997917100567,0.01760199979171006,0.010954451150103323,8.43984,-1.6900777402582747,18.569757740258275,11.556726874336002,0.032,0.005413266466148949,0.05858673353385105,0.030331501776206204,16.87968,2.8554439282289117,30.90391607177109,15.99956387193101,0.055200000000000006,0.03469573936958468,0.07570426063041533,0.023392306427541514,11.6469792,7.320662224024887,15.973296175975115,4.93568308698555,0.08839999999999999,0.0641910244743814,0.11260897552561859,0.027618834153526468,9.326023200000002,6.772024699998291,11.880021700001713,2.9137317655287354
robustness_alt_test,uptake(mmol/g) CO2 at 0.15 bar,47,500,geometry_only,rf,geometry_only | rf,5,0.6851368415196207,0.6783003191779802,0.6919733638612613,0.0077994534110226495,0.41268088425771954,0.40616912859800597,0.4191926399174331,0.007428943014279862,0.5335058625463951,0.5241849863028852,0.542826738789905,0.010633731066505597,0.8018596261379296,0.7944779857291879,0.8092412665466713,0.008421351907860001,0.3693591202123625,0.3475090381418911,0.3912092022828339,0.024927688175267033,7.388443015579034,6.951366800510662,7.825519230647405,0.49863884093938626,0.004,-0.003839999999999998,0.011839999999999998,0.008944271909999158,4.21992,-4.051123199999999,12.4909632,9.436027979610913,0.02,0.013801935786069978,0.026198064213930023,0.007071067811865475,10.5498,7.2803831077940515,13.819216892205947,3.72991756008092,0.064,0.03883860735173826,0.08916139264826174,0.02870540018881465,13.503744000000001,8.194790796787366,18.812697203212636,6.056724618239136,0.1016,0.07329445114469602,0.12990554885530398,0.03229241396984747,10.7185968,7.732418006863142,13.704775593136858,3.4067850889909685
robustness_alt_test,uptake(mmol/g) CO2 at 0.15 bar,47,500,enriched_interpretable,hgb,enriched_interpretable | hgb,5,0.7047887925787151,0.6849356683792994,0.7246419167781307,0.022649456773285476,0.42629294199752266,0.4134089354159349,0.43917694857911044,0.01469873190764542,0.5060042957145667,0.47828444040335855,0.5337241510257749,0.03162422489914288,0.7817522583379672,0.771159185373601,0.7923453313023335,0.012085117979050082,0.3737580583996966,0.3304212127869888,0.4170949040124044,0.049440884041034756,7.476436792766627,6.609551973189562,8.343321612343694,0.9889864210392653,0.012,0.0023980002082899434,0.021601999791710055,0.010954451150103323,12.65976,2.5298422597417254,22.789677740258277,11.556726874336002,0.03,0.013601463479932116,0.04639853652006788,0.01870828693386971,15.824700000000002,7.174635971029396,24.474764028970608,9.868434274746932,0.05920000000000001,0.03615520049989587,0.08224479950010415,0.026290682760247975,12.4909632,7.628602684676026,17.353323715323974,5.547228899681282,0.1024,0.06882959970450159,0.13597040029549842,0.03829882504725178,10.802995200000002,7.261385109625509,14.344605290374494,4.040449444834969
robustness_alt_test,uptake(mmol/g) CO2 at 0.15 bar,47,500,geometry_only,hgb,geometry_only | hgb,5,0.716738786075268,0.6973297410701742,0.7361478310803617,0.022142828576399157,0.43157304112822714,0.4230774958468046,0.4400685864096497,0.009692151405708352,0.4891424503739351,0.4613183837418392,0.516966517006031,0.031743114489719435,0.7809319039530317,0.7751148596584687,0.7867489482475947,0.006636380852433742,0.35707243079256734,0.33335225354494274,0.38079260804019194,0.02706118814491455,7.142667293089547,6.668182791900715,7.617151794278379,0.5413161219021986,0.004,-0.0038399999999999997,0.01184,0.00894427190999916,4.21992,-4.051123199999999,12.4909632,9.436027979610913,0.02,0.013801935786069978,0.026198064213930023,0.007071067811865475,10.5498,7.2803831077940515,13.819216892205947,3.72991756008092,0.055999999999999994,0.028060545459869832,0.08393945454013016,0.03187475490101845,11.815776000000001,5.9206628498506975,17.710889150149306,6.72544578509529,0.0908,0.061871568587287706,0.1197284314127123,0.03300303016391071,9.5792184,6.527326742821678,12.631110057178322,3.481753676232252
robustness_alt_test,uptake(mmol/g) CO2 at 0.15 bar,47,500,geometry_only,mlp,geometry_only | mlp,5,0.7200195114168803,0.6940271398414675,0.746011882992293,0.029653423336253194,0.43572093370572273,0.4205911988359751,0.45085066857547035,0.017260773290971736,0.48414938165628196,0.4466328581114209,0.5216659052011431,0.04280076373764324,0.7836762870958001,0.7642223346990588,0.8031302394925414,0.022194061219468684,0.2206295032233599,0.1925152662516068,0.24874374019511297,0.032074155614478427,4.413343066184683,3.850962373722414,4.975723758646952,0.6415925803974678,0.0,0.0,0.0,0.0,0.0,0.0,0.0,0.0,0.004,-0.0038399999999999997,0.01184,0.00894427190999916,2.10996,-2.0255615999999996,6.2454816,4.718013989805456,0.0056,-0.0020815998333680455,0.013281599833368046,0.008763560920082658,1.1815776,-0.4392092384413244,2.8023644384413244,1.8490762998937607,0.0096,0.0028786001458029594,0.01632139985419704,0.007668115805072325,1.0127808000000003,0.3036865581819208,1.7218750418180797,0.8089708812035203
robustness_alt_test,uptake(mmol/g) CO2 at 0.15 bar,47,500,enriched_interpretable,mlp,enriched_interpretable | mlp,5,0.7229725583934586,0.6962058381787543,0.749739278608163,0.030536839762651438,0.44262836385977583,0.41973993454642544,0.4655167931731262,0.026112287674923646,0.47987281983586927,0.4413071390103634,0.5184385006613752,0.043997695879791514,0.7780568301467793,0.7557752437164467,0.8003384165771119,0.025419970359571713,0.3253697383390216,0.2898379103194107,0.3609015663586325,0.04053652184524579,6.508505243703091,5.797747414273263,7.219263073132919,0.8108687868088246,0.028000000000000004,0.012320000000000008,0.04368,0.017888543819998316,29.539439999999995,12.997353599999997,46.081526399999994,18.872055959221825,0.024,0.004796000416579887,0.04320399958342011,0.021908902300206645,12.65976,2.5298422597417236,22.789677740258277,11.556726874336004,0.0256,0.009229599394028263,0.041970400605971736,0.018676188047886,5.401497600000001,1.9474085537423869,8.855586646257615,3.9406009733517555,0.04240000000000001,0.018769194342976796,0.06603080565702321,0.02695922847560739,4.4731152000000005,1.9801124647953667,6.966117935204634,2.8441446857196278
robustness_alt_test,uptake(mmol/g) CO2 at 0.15 bar,47,500,enriched_interpretable,ridge,enriched_interpretable | ridge,5,0.7265939236192118,0.7179292915574486,0.7352585556809751,0.009885054229656583,0.4500239399497283,0.4453610765145541,0.45468680338490247,0.005319632454514096,0.47532019345582893,0.4627915595369511,0.48784882737470675,0.014293304646847136,0.7915022649815497,0.7791483361996412,0.8038561937634583,0.014093992115070711,0.2627986348122867,0.23452997883864715,0.2910672907859263,0.03225032468857835,5.256869619914036,4.691400020386727,5.822339219441345,0.6451165631391046,0.004,-0.0038399999999999997,0.01184,0.00894427190999916,4.21992,-4.051123199999999,12.4909632,9.436027979610913,0.014000000000000002,0.006160000000000004,0.02184,0.008944271909999158,7.384859999999999,3.249338399999999,11.520381599999999,4.718013989805456,0.0256,0.011444511453150057,0.039755488546849946,0.01614930339054908,5.4014976,2.414746138568849,8.38824906143115,3.4074384181922936,0.0508,0.031412835586398916,0.07018716441360108,0.022117866081518806,5.3592984,3.3139913286939136,7.404605471306087,2.333390635868071
robustness_alt_test,uptake(mmol/g) CO2 at 0.15 bar,47,500,geometry_only,ridge,geometry_only | ridge,5,0.7584910178165649,0.7535808441332507,0.7634011914998792,0.005601776600623057,0.5029484926341213,0.5003317499245962,0.5055652353436465,0.002985313560267965,0.42830241155146115,0.4208696383445949,0.4357351847583274,0.008479686812189793,0.7793344685230628,0.7714165181306596,0.7872524189154659,0.00903320169381863,0.17974971558589306,0.17444171417522034,0.18505771699656579,0.006055638764759694,3.5956077919758336,3.4894296477166087,3.7017859362350585,0.12113344300428854,0.0,0.0,0.0,0.0,0.0,0.0,0.0,0.0,0.0,0.0,0.0,0.0,0.0,0.0,0.0,0.0,0.0,0.0,0.0,0.0,0.0,0.0,0.0,0.0,0.008,0.006760387157213995,0.009239612842786005,0.001414213562373095,0.8439840000000001,0.7132073243117621,0.974760675688238,0.14919670240323676
robustness_alt_test,uptake(mmol/g) CO2 at 0.15 bar,47,500,geometry_plus_topology,mlp,geometry_plus_topology | mlp,5,0.7758297481168811,0.6277256578197528,0.9239338384140094,0.16896470084191126,0.4269005572366744,0.3769828728194696,0.4768182416538792,0.056948640630740746,0.37919740552718967,0.14097114867979602,0.6174236623745833,0.2717806654776005,0.790695295408262,0.7636468089552517,0.8177437818612723,0.030858293059904684,0.3634433067880167,0.2635476946660381,0.46333891890999523,0.11396600987688577,7.270106556602613,5.271853373507335,9.26835973969789,2.2797091600287627,0.027999999999999997,0.01839800020828994,0.037601999791710056,0.010954451150103323,29.539440000000003,19.409522259741728,39.66935774025828,11.556726874336002,0.03599999999999999,0.015820564923665473,0.05617943507633451,0.023021728866442673,18.98964,8.345189791584303,29.6340902084157,12.143731759759849,0.0376,0.01944908773642493,0.05575091226357508,0.020707486568871655,7.9334496,4.103679716034714,11.763219483965287,4.369196836085644,0.06599999999999999,0.036717836145530494,0.09528216385446948,0.033406586176980134,6.962868,3.8736582776811774,10.052077722318824,3.52432802849905
robustness_alt_test,uptake(mmol/g) CO2 at 0.15 bar,47,500,topology_only,ridge,topology_only | ridge,5,0.8025361212190187,0.8006992101192243,0.8043730323188132,0.002095641881512407,0.5348577582633127,0.5285849233498149,0.5411305931768106,0.007156370039905701,0.36000280293253095,0.35707292108778604,0.36293268477727586,0.0033425586586184196,0.6318895481820942,0.6267429788209188,0.6370361175432696,0.005871468848217321,0.20485400075843763,0.20241816454819714,0.20728983696867812,0.002778926198037355,4.0977791755808965,4.049054137941922,4.146504213219871,0.055588008350501456,0.012,0.0023980002082899434,0.021601999791710055,0.010954451150103323,12.65976,2.5298422597417254,22.789677740258277,11.556726874336002,0.018000000000000002,0.002320000000000006,0.03368,0.017888543819998316,9.49482,1.2237768000000013,17.7658632,9.436027979610913,0.0288,0.013238044338837102,0.0443619556611629,0.017753872816937716,6.076684800000001,2.7931744033172734,9.360195196682728,3.745996148882591,0.0388,0.02907081586154317,0.04852918413845683,0.011099549540409285,4.0933224,3.066912931761081,5.119731868238919,1.170980277414099
robustness_alt_test,uptake(mmol/g) CO2 at 0.15 bar,47,500,topology_only,rf,topology_only | rf,5,0.8060217401539334,0.8044548795177815,0.8075886007900852,0.0017875545376041418,0.5363928767043977,0.53095994907619,0.5418258043326054,0.006198160966076007,0.35443236963229763,0.35192207565583206,0.3569426636087632,0.0028638714157577672,0.6256119613771833,0.6207450719203914,0.6304788508339753,0.0055523957471244004,0.20128934395145998,0.1982032114217389,0.20437547648118104,0.0035208174102192443,4.026473873377157,3.9647406899072073,4.088207056847106,0.07042836464605785,0.008,-0.0016019997917100567,0.01760199979171006,0.010954451150103323,8.43984,-1.6900777402582747,18.569757740258275,11.556726874336002,0.008,-0.0016019997917100567,0.01760199979171006,0.010954451150103323,4.21992,-0.8450388701291374,9.284878870129138,5.778363437168001,0.0176,0.0058138956393556426,0.029386104360644358,0.013446189051177289,3.7135296,1.2267087243214827,6.200350475678517,2.8370921050422035,0.034,0.026358513233669775,0.04164148676633023,0.008717797887081347,3.586932,2.7807704291256936,4.393093570874306,0.9197102414913081
robustness_alt_test,uptake(mmol/g) CO2 at 0.15 bar,47,500,topology_only,hgb,topology_only | hgb,5,0.8082193680154498,0.8063728980816962,0.8100658379492034,0.002106547086878818,0.5408153237156593,0.5343886946662108,0.5472419527651079,0.0073318262350723406,0.3509063013221873,0.3479391035875524,0.3538734990568222,0.0033851305292484507,0.6139000301162152,0.6057168145372751,0.6220832456951553,0.009335829749512968,0.19772468714448238,0.19742737959802809,0.19802199469093668,0.00033918361433443034,3.9551685711734166,3.949221405542807,3.961115736804026,0.006784829909945673,0.0,0.0,0.0,0.0,0.0,0.0,0.0,0.0,0.008,0.004080000000000001,0.01192,0.004472135954999579,4.21992,2.1521592000000003,6.2876808,2.359006994902728,0.007200000000000001,0.005632000000000001,0.008768000000000001,0.0017888543819998318,1.5191712000000002,1.1883294720000002,1.8500129280000002,0.3774411191844365,0.0288,0.026448,0.031152,0.0026832815729997466,3.0383424000000003,2.7902111040000004,3.2864736960000003,0.2830808393883272
robustness_alt_test,uptake(mmol/g) CO2 at 0.15 bar,47,500,topology_only,mlp,topology_only | mlp,5,0.8120536091511912,0.7942306774284515,0.8298765408739308,0.020333309637950624,0.5495983312053468,0.5255525907009253,0.5736440717097684,0.027432607314901353,0.34440791065898685,0.31519434171017424,0.37362147960779946,0.03332832960965413,0.6320549828806392,0.6258194538501027,0.6382905119111757,0.007113809585690273,0.20037921880925294,0.19595942438456668,0.2047990132339392,0.005042326928659737,4.008268264303862,3.9198572911875265,4.096679237420197,0.1008637478801184,0.004,-0.0038399999999999997,0.01184,0.00894427190999916,4.21992,-4.051123199999999,12.4909632,9.436027979610913,0.006,-0.0018399999999999996,0.01384,0.00894427190999916,3.16494,-0.9705815999999996,7.3004616,4.718013989805456,0.010400000000000001,-0.0023866530413552706,0.023186653041355275,0.014587666023048377,2.1943584000000005,-0.5035742451137959,4.892291045113797,3.077939180199115,0.028000000000000004,0.01864112827313036,0.03735887172686965,0.01067707825203131,2.9539440000000003,1.9666017505587066,3.941286249441294,1.1264104014327994
robustness_alt_test,uptake(mmol/g) CO2 at 0.15 bar,47,1000,geometry_plus_topology,rf,geometry_plus_topology | rf,5,0.6188736240771989,0.6103308484552954,0.6274163996991025,0.00974603418729814,0.36246506834901415,0.3571874090447468,0.36774272765328153,0.0060210229420541465,0.6193405386108265,0.608816945725781,0.629864131495872,0.012005851560456502,0.835763979921599,0.829853280650798,0.8416746791924,0.0067432272265661106,0.469548729616989,0.4481994392535635,0.49089801998041455,0.024356359451020753,9.392577147730965,8.965518475990224,9.819635819471705,0.48721031652707386,0.012,-0.0036799999999999992,0.02768,0.01788854381999832,12.65976,-3.8823263999999984,29.2018464,18.872055959221825,0.024,0.00933270304384615,0.038667296956153854,0.016733200530681513,12.659759999999999,4.9229075285984045,20.396612471401593,8.82659594792919,0.0792,0.05088902290630012,0.10751097709369989,0.03229860678109816,16.710883200000005,10.737380277137703,22.684386122862307,6.814876836384588,0.14600000000000002,0.11622347770474196,0.17577652229525806,0.03397057550292606,15.402708,12.261344450894866,18.544071549105134,3.5838277744076934
robustness_alt_test,uptake(mmol/g) CO2 at 0.15 bar,47,1000,geometry_plus_topology,hgb,geometry_plus_topology | hgb,5,0.6392739735593376,0.6253631887310425,0.6531847583876327,0.015870132906347305,0.3723142806689495,0.36444989571949804,0.38017866561840097,0.008972091504183556,0.5937113949308727,0.5757576053673379,0.6116651844944074,0.02048259893764803,0.8289879204606099,0.8228827929842658,0.8350930479369539,0.006965040841024061,0.44095563139931737,0.40842337210063423,0.4734878906980005,0.037114460843625074,8.820617596011601,8.169861378436236,9.471373813586967,0.7424158873873259,0.004,-0.0038399999999999997,0.01184,0.00894427190999916,4.21992,-4.051123199999999,12.4909632,9.436027979610913,0.018000000000000002,0.008398000208289945,0.02760199979171006,0.010954451150103323,9.494819999999999,4.4298611298708614,14.559778870129136,5.778363437168001,0.07680000000000001,0.054431942775466625,0.0991680572245334,0.025518620652378532,16.204492800000004,11.48492219785236,20.92406340214765,5.384326883169261,0.1336,0.11574785346239842,0.15145214653760156,0.020366639388961542,14.094532800000001,12.211167044576111,15.977898555423891,2.148639722256665
robustness_alt_test,uptake(mmol/g) CO2 at 0.15 bar,47,1000,enriched_interpretable,rf,enriched_interpretable | rf,5,0.6565034246867681,0.6473232782850769,0.6656835710884594,0.010473179284480537,0.3935941389442352,0.388670552906151,0.39851772498231935,0.0056170780990944455,0.5716399801983877,0.5595981184587054,0.5836818419380699,0.01373797011509361,0.8168114779701039,0.8104733353072122,0.8231496206329956,0.007230876451692546,0.4292756920743269,0.4082752224781282,0.45027616167052564,0.02395840692679486,8.586978946237645,8.166897880356004,9.007060012119286,0.47924990784281485,0.02,0.0024692270564016516,0.03753077294359835,0.02,21.0996,2.604985159962613,39.59421484003738,21.0996,0.038,0.012145824321785077,0.06385417567821491,0.029495762407505257,20.044620000000002,6.4068008714984135,33.68243912850159,15.558719712334945,0.0776,0.058948048466715336,0.09625195153328467,0.02127909772523262,16.3732896,12.43780243428307,20.30877676571693,4.489804503633183,0.13520000000000001,0.11307369203866133,0.1573263079613387,0.02524282076155515,14.263329600000002,11.929048362694694,16.59761083730531,2.6630671047025456
robustness_alt_test,uptake(mmol/g) CO2 at 0.15 bar,47,1000,geometry_plus_topology,ridge,geometry_plus_topology | ridge,5,0.6579540312338932,0.6545188527852888,0.6613892096824976,0.003919026798939605,0.39652077687357845,0.38918841500064777,0.40385313874650913,0.008365132440561585,0.5698202564753212,0.5653213324782282,0.5743191804724141,0.0051326019811759865,0.826632955665667,0.8186118266283485,0.8346540847029854,0.009150913154970085,0.4062191884717482,0.3911354079622765,0.4213029689812199,0.01720834621268627,8.125770183047496,7.824043092378508,8.427497273716485,0.3442256558107652,0.027999999999999997,0.0014132664661489491,0.054586733533851045,0.0303315017762062,29.539440000000003,1.490967856457825,57.587912143542184,31.99912774386202,0.022,0.006319999999999999,0.03768,0.01788854381999832,11.60478,3.3337368000000005,19.8758232,9.436027979610913,0.0504,0.03208055197338086,0.06871944802661914,0.020899760764181013,10.634198399999999,6.768868144175466,14.499528655824532,4.409765922199137,0.0668,0.04902549061155274,0.08457450938844727,0.02027806696901852,7.047266400000001,5.172091208537591,8.92244159146241,2.1392955090975168
robustness_alt_test,uptake(mmol/g) CO2 at 0.15 bar,47,1000,geometry_plus_topology,mlp,geometry_plus_topology | mlp,5,0.6666572879920096,0.591589861683662,0.7417247143003572,0.0856407490415415,0.38898316882957135,0.3423280482570082,0.4356382894021345,0.05322654137688782,0.5525465061295637,0.44484966837519613,0.6602433438839312,0.12286604601047538,0.8202800709929583,0.787263788100406,0.8532963538855106,0.0376666596490359,0.4154721274175198,0.31936266322720686,0.5115815916078328,0.10964657918909265,8.310860541959332,6.38834323950396,10.233377844414706,2.1933058041886415,0.04,0.027603871572139956,0.052396128427860046,0.01414213562373095,42.1992,29.121532431176206,55.27686756882379,14.91967024032368,0.033999999999999996,0.024005921753358136,0.04399407824664185,0.01140175425099138,17.93466,12.662883665678887,23.206436334321115,6.0143113498554435,0.0632,0.040694966251969326,0.08570503374803068,0.02567489045740994,13.334947200000002,8.586475099300522,18.083419300699482,5.417299186951667,0.10400000000000001,0.062311394362487976,0.14568860563751204,0.04756048780237646,10.971792000000002,6.573727482453757,15.369856517546248,5.017536342175113
robustness_alt_test,uptake(mmol/g) CO2 at 0.15 bar,47,1000,geometry_only,rf,geometry_only | rf,5,0.6712070053902919,0.6608652315475874,0.6815487792329964,0.011798423122559399,0.40055339083637936,0.39456580277963077,0.40654097889312796,0.006830945875589626,0.552217800414516,0.538403846127916,0.5660317547011159,0.015759663685159162,0.815765704039741,0.8089749805251443,0.8225564275543378,0.0077472037729819825,0.39833143723928705,0.37659339591084134,0.42006947856773275,0.024799866381685933,7.967988237745603,7.533153219909356,8.402823255581849,0.49608196881590855,0.016,0.0013327030438461535,0.030667296956153847,0.01673320053068151,16.87968,1.4059750571968141,32.35338494280319,17.653191895858377,0.022,0.012398000208289942,0.03160199979171006,0.010954451150103323,11.60478,6.539821129870862,16.669738870129137,5.778363437168001,0.07120000000000001,0.05665896619906275,0.08574103380093728,0.016589153082662178,15.0229152,11.95481523213744,18.091015167862558,3.5002449438293897,0.122,0.11063876063098747,0.13336123936901254,0.012961481396815728,12.870756,11.672167969047916,14.069344030952085,1.3674103644012656
robustness_alt_test,uptake(mmol/g) CO2 at 0.15 bar,47,1000,enriched_interpretable,hgb,enriched_interpretable | hgb,5,0.6724796911961971,0.6578842963356184,0.6870750860567758,0.016651170952400485,0.3993424535237414,0.392173769051147,0.40651113799633587,0.008178400913249182,0.550408768359569,0.530596150114827,0.570221386604311,0.02260324551402838,0.8111063275007622,0.804055376687101,0.8181572783144233,0.008044084349670287,0.40553659461509295,0.37222471355632847,0.43884847567385743,0.03800389311519648,8.112115976242524,7.445764662640412,8.778467289844636,0.7602075684237763,0.012,0.0023980002082899434,0.021601999791710055,0.010954451150103323,12.65976,2.5298422597417254,22.789677740258277,11.556726874336002,0.034,0.013820564923665478,0.05417943507633453,0.02302172886644268,17.93466,7.290209791584303,28.5791102084157,12.143731759759849,0.08719999999999999,0.06162669391728944,0.11277330608271052,0.029175332046096753,18.398851200000003,13.00298590977241,23.794716490227596,6.15587836039823,0.1292,0.10930431041657516,0.14909568958342484,0.022698017534577772,13.630341600000003,11.531386140327848,15.729297059672158,2.394595453862886
robustness_alt_test,uptake(mmol/g) CO2 at 0.15 bar,47,1000,geometry_only,hgb,geometry_only | hgb,5,0.6931294541392783,0.6749559123859489,0.7113029958926077,0.020733303445089474,0.4107197022114887,0.4015932564676698,0.41984614795530756,0.010411914834766665,0.5222661704911472,0.49691534175201796,0.5476169992302765,0.02892151854420833,0.8045081316671702,0.796892983239429,0.8121232800949113,0.008687749766928545,0.38619643534319303,0.3569135285474127,0.41547934213897336,0.03340743376232415,7.725246783434997,7.139488705857972,8.311004861012021,0.6682626937917465,0.004,-0.0038399999999999997,0.01184,0.00894427190999916,4.21992,-4.051123199999999,12.4909632,9.436027979610913,0.022000000000000002,0.010571334286103214,0.03342866571389679,0.013038404810405298,11.60478,5.576273122576583,17.633286877423416,6.87762815344069,0.06720000000000001,0.04103271538733911,0.09336728461266092,0.029852973051272463,14.1789312,8.657738815867,19.700123584132996,6.298857901926285,0.1276,0.10432959097909966,0.15087040902090032,0.026548069609672185,13.461544800000002,11.006563189113058,15.916526410886947,2.8007682476811966
robustness_alt_test,uptake(mmol/g) CO2 at 0.15 bar,47,1000,enriched_interpretable,mlp,enriched_interpretable | mlp,5,0.7086233339483476,0.6758550307191121,0.7413916371775832,0.03738375179994718,0.43526700210115565,0.40749033551397407,0.46304366868833724,0.03168903810065566,0.4999155964870421,0.45366617053101266,0.5461650224430715,0.05276370426429847,0.7800486189000582,0.7468281352198372,0.8132691025802792,0.0378996223236717,0.33924914675767914,0.2908169809075452,0.3876813126078131,0.05525388527471599,6.786140782070845,5.817332167573798,7.754949396567892,1.1052662853075441,0.024,0.009332703043846154,0.03866729695615385,0.01673320053068151,25.319519999999997,9.84581505719681,40.793224942803185,17.653191895858377,0.022,0.008998830821806832,0.03500116917819317,0.014832396974191326,11.60478,4.746793270194886,18.462766729805114,7.823941079916183,0.0304,0.00884356393092773,0.05195643606907227,0.024592681838303036,6.414278400000001,1.8659566151700284,10.962600184829974,5.188957497154587,0.0568,0.02652196466083046,0.08707803533916955,0.03454272716506327,5.992286400000001,2.798014227788292,9.18655857221171,3.644188630459845
robustness_alt_test,uptake(mmol/g) CO2 at 0.15 bar,47,1000,enriched_interpretable,ridge,enriched_interpretable | ridge,5,0.7164861696871924,0.7112053707013388,0.7217669686730459,0.006024604850959362,0.44255512343625075,0.4338461434691235,0.451264103403378,0.009935648582234953,0.48986312997811765,0.4823245777302699,0.4974016822259654,0.008600364937817082,0.7990937643293514,0.7934610643458351,0.8047264643128678,0.006426071459185978,0.2713689799014031,0.2477000966411748,0.2950378631616314,0.02700266934764149,5.4283057720209005,4.954847325644798,5.901764218397003,0.5401455462338797,0.004,-0.0038399999999999997,0.01184,0.00894427190999916,4.21992,-4.051123199999999,12.4909632,9.436027979610913,0.018000000000000002,0.010666351521923079,0.025333648478076926,0.008366600265340755,9.494819999999999,5.626393764299202,13.363246235700796,4.413297973964595,0.0288,0.02495920008331598,0.03264079991668402,0.004381780460041327,6.076684800000001,5.266291380779339,6.887078219220663,0.92453814994688,0.0608,0.05574943329912375,0.06585056670087625,0.005761944116355174,6.414278400000001,5.8814537141909575,6.947103085809044,0.6078735803872383
robustness_alt_test,uptake(mmol/g) CO2 at 0.15 bar,47,1000,geometry_only,mlp,geometry_only | mlp,5,0.7217059882986208,0.6817461915823528,0.7616657850148887,0.045588174400330576,0.4360627779755622,0.41463484687814844,0.45749070907297595,0.024446076811734087,0.4807802088090842,0.4222128830632194,0.539347534554949,0.06681659266741186,0.7837777703370097,0.7569826592165034,0.8105728814575159,0.03056922955617988,0.24436860068259386,0.18322751880204308,0.30550968256314465,0.06975286495040421,4.888206036179804,3.665175725934384,6.111236346425224,1.3952953633935805,0.0,0.0,0.0,0.0,0.0,0.0,0.0,0.0,0.008,-0.0016019997917100567,0.01760199979171006,0.010954451150103323,4.21992,-0.8450388701291374,9.284878870129138,5.778363437168001,0.009600000000000001,-0.001922399750052069,0.02112239975005207,0.013145341380123987,2.0255616000000005,-0.4056186576619867,4.456741857661988,2.7736144498406414,0.0232,-0.0003722087212887186,0.04677220872128872,0.026892378102354578,2.4475536,-0.03926727567851751,4.934374475678517,2.8370921050422035
robustness_alt_test,uptake(mmol/g) CO2 at 0.15 bar,47,1000,geometry_only,ridge,geometry_only | ridge,5,0.7535455790986065,0.7516751611417141,0.755415997055499,0.002133868213238727,0.4990361395402253,0.4956567615967955,0.5024155174836551,0.0038553667363124566,0.4357541620905555,0.43295204179846863,0.4385562823826424,0.003196801762366249,0.7865501281105298,0.7827556462878518,0.7903446099332079,0.004328938415762937,0.18414865377322714,0.18167679584901789,0.1866205116974364,0.0028200216067619634,3.6836015691634274,3.634155974304074,3.7330471640227807,0.05641005678236135,0.0,0.0,0.0,0.0,0.0,0.0,0.0,0.0,0.0,0.0,0.0,0.0,0.0,0.0,0.0,0.0,0.0,0.0,0.0,0.0,0.0,0.0,0.0,0.0,0.008400000000000001,0.007616000000000001,0.009184000000000001,0.000894427190999916,0.8861832,0.803472768,0.9688936319999999,0.09436027979610911
robustness_alt_test,uptake(mmol/g) CO2 at 0.15 bar,47,1000,topology_only,ridge,topology_only | ridge,5,0.7976928411509894,0.7950739421030262,0.8003117401989526,0.00298777362115066,0.5251133794297433,0.5224834290727365,0.5277433297867502,0.0030003815182230555,0.3677005721724835,0.3635434342961972,0.3718577100487698,0.00474267494041597,0.6425724662285484,0.6339174668257433,0.6512274656313534,0.009874064800965325,0.20144103147516118,0.19843653314026857,0.2044455298100538,0.0034276849566861377,4.02950814155604,3.9694079205976585,4.08960836251442,0.06856539771719267,0.012,0.0023980002082899434,0.021601999791710055,0.010954451150103323,12.65976,2.5298422597417254,22.789677740258277,11.556726874336002,0.02,0.0036014634799321175,0.03639853652006789,0.01870828693386971,10.549800000000001,1.8997359710293953,19.19986402897061,9.868434274746932,0.0328,0.01002348437534837,0.055576515624651636,0.025984610830258745,6.9206688,2.1149151092610037,11.726422490738996,5.482648946741274,0.046400000000000004,0.03397910405808019,0.05882089594191982,0.014170391667134682,4.8951072,3.584727519919344,6.205486880080656,1.4949479800993748
robustness_alt_test,uptake(mmol/g) CO2 at 0.15 bar,47,1000,topology_only,rf,topology_only | rf,5,0.7988464955034164,0.795511022702801,0.8021819683040317,0.0038052775098353685,0.5259172605545197,0.5228433985401701,0.5289911225688693,0.003506818580377598,0.3658659436374786,0.36056042286091394,0.37117146441404325,0.006052808730834694,0.6398034693620718,0.6330819559243998,0.6465249827997438,0.007668245386894333,0.20227531285551764,0.1983380920180854,0.2062125336929499,0.0044917823647587524,4.046196616539893,3.9674387621774683,4.124954470902318,0.08985097761041318,0.008,-0.0016019997917100567,0.01760199979171006,0.010954451150103323,8.43984,-1.6900777402582747,18.569757740258275,11.556726874336002,0.014000000000000002,-0.0030868838586794387,0.031086883858679443,0.019493588689617928,7.384860000000001,-1.628300366614817,16.39802036661482,10.28267309788656,0.024000000000000004,0.0003496942937305861,0.04765030570626942,0.02698147512646408,5.063904,0.0737840971999777,10.054023902800022,5.692983325783415,0.040400000000000005,0.026854712406153947,0.053945287593846064,0.015453155017665489,4.262119200000001,2.8331184494244286,5.6911199505755725,1.630276948053674
robustness_alt_test,uptake(mmol/g) CO2 at 0.15 bar,47,1000,topology_only,mlp,topology_only | mlp,5,0.8032136789789195,0.7957368610540162,0.8106904969038228,0.008529935273200322,0.5377139133151388,0.5285721096700563,0.5468557169602214,0.010429435911918368,0.35886734204534737,0.34688395465374966,0.3708507294369451,0.013671259596084877,0.6349566752917224,0.6293638720594233,0.6405494785240214,0.0063805552103067195,0.20326128175957528,0.19939199794216947,0.2071305655769811,0.004414276346918013,4.06591935970263,3.988520477607697,4.143318241797564,0.08830059272794016,0.0,0.0,0.0,0.0,0.0,0.0,0.0,0.0,0.002,-0.0019199999999999998,0.00592,0.00447213595499958,1.05498,-1.0127807999999998,3.1227408,2.359006994902728,0.0088,0.004959200083315978,0.012640799916684023,0.004381780460041329,1.8567648,1.046371380779338,2.667158219220662,0.9245381499468803,0.03,0.02553051233361138,0.03446948766638862,0.005099019513592784,3.1649400000000005,2.693417990171334,3.636462009828667,0.5379363606450116
robustness_alt_test,uptake(mmol/g) CO2 at 0.15 bar,47,1000,topology_only,hgb,topology_only | hgb,5,0.8062950396475126,0.8034140421377645,0.8091760371572607,0.0032867889157165925,0.5338803875518503,0.5328742464303777,0.5348865286733229,0.0011478571135564572,0.353988461535237,0.34936134882995645,0.35861557424051754,0.005278846198245034,0.6180751401054703,0.6080527887936716,0.6280974914172689,0.01143400960590103,0.19787637466818356,0.19751224877543763,0.19824050056092948,0.0004154133921161562,3.9582028393522988,3.9509190787468933,3.9654865999577043,0.008309685635470219,0.0,0.0,0.0,0.0,0.0,0.0,0.0,0.0,0.006,0.0011990001041449717,0.010800999895855028,0.005477225575051661,3.16494,0.6324605649354313,5.697419435064569,2.8891817185840005,0.0064,0.004479600041657989,0.008320399958342013,0.0021908902300206644,1.3503744,0.9451776903896689,1.755571109610331,0.46226907497344016,0.027599999999999996,0.02471940006248698,0.030480599937513012,0.003286335345030996,2.9117448,2.607847267792252,3.2156423322077483,0.3467018062300799
robustness_alt_test,uptake(mmol/g) CO2 at 0.15 bar,47,2000,geometry_plus_topology,rf,geometry_plus_topology | rf,5,0.5985177750402245,0.5965343781246822,0.6005011719557668,0.0022627603722019506,0.346616050256533,0.3442342383268056,0.34899786218626044,0.0027172925431073855,0.6440363944118831,0.6416718326316849,0.6464009561920813,0.0026976126926127114,0.8493237539768419,0.8449380266045665,0.8537094813491173,0.005003461497545545,0.5029958285930982,0.4970561848271439,0.5089354723590526,0.00677624858306462,10.061633281174569,9.942820134033756,10.180446428315381,0.13554809878956262,0.047999999999999994,-0.017123931085277704,0.11312393108527768,0.07429670248402684,50.63904000000001,-18.065404816346273,119.34348481634629,78.38153518659864,0.062,0.01303921569255656,0.11096078430744344,0.05585696017507577,32.70438,6.878055885666662,58.53070411433334,29.463987922750714,0.1288,0.10216706880570597,0.15543293119429402,0.030384206423732702,27.1762848,21.55684284972874,32.795726750271264,6.410946018581908,0.18319999999999997,0.16062678968334365,0.2057732103166563,0.025752669764511796,19.327233600000007,16.945805058013395,21.70866214198662,2.716855154816466
robustness_alt_test,uptake(mmol/g) CO2 at 0.15 bar,47,2000,geometry_plus_topology,hgb,geometry_plus_topology | hgb,5,0.6039338189576562,0.5997558315555651,0.6081118063597473,0.00476646114296598,0.3490211598617667,0.34643191711427357,0.3516104026092598,0.0029539402008382076,0.6375510330359654,0.6325354599275163,0.6425666061444145,0.005722021641128705,0.8473308540376114,0.8447126239772094,0.8499490840980135,0.0029870104060165086,0.49488054607508536,0.4783188211178961,0.5114422710322746,0.0188944606270051,9.89929993360435,9.568008909802009,10.230590957406692,0.377953698753846,0.04,-0.0384,0.1184,0.08944271909999159,42.199200000000005,-40.51123200000001,124.90963200000002,94.36027979610914,0.052000000000000005,0.0026484610169044617,0.10135153898309554,0.05630275304103698,27.42948,1.3970367018069325,53.46192329819307,29.6991392016166,0.13520000000000001,0.11425090970948859,0.15614909029051144,0.023899790794063444,28.5266592,24.10648494506325,32.94683345493675,5.042760258384212,0.2,0.1775839057817826,0.22241609421821742,0.02557342370508884,21.099600000000002,18.734746892166502,23.464453107833503,2.6979450540394634
robustness_alt_test,uptake(mmol/g) CO2 at 0.15 bar,47,2000,geometry_plus_topology,mlp,geometry_plus_topology | mlp,5,0.6098200082877338,0.6053704733346611,0.6142695432408064,0.005076256440475386,0.3529227453591873,0.3484878754680368,0.35735761525033777,0.005059525789785522,0.6304493771334722,0.6250577293662543,0.63584102490069,0.0061510667950174435,0.84753181385805,0.8436718030507584,0.8513918246653416,0.004403697223973367,0.48039438756162306,0.47452115241870746,0.48626762270453866,0.006700486238469401,9.609527322521068,9.492042574491618,9.727012070550517,0.1340325933231029,0.032,-0.012001890868461547,0.07600189086846154,0.050199601592044535,33.75936,-12.661754828409556,80.18047482840956,52.95957568757514,0.03,0.006808967250249501,0.0531910327497505,0.02645751311064591,15.824700000000002,3.591662134834113,28.05773786516589,13.95607359073461,0.0616,0.055230753890765406,0.06796924610923459,0.007266360849833982,12.997353600000002,11.65346814793594,14.341239052064065,1.533173073871571,0.1256,0.11688736457780999,0.13431263542219,0.00993981891183134,13.2505488,12.3313831882298,14.169714411770201,1.0486310155603824
robustness_alt_test,uptake(mmol/g) CO2 at 0.15 bar,47,2000,enriched_interpretable,rf,enriched_interpretable | rf,5,0.6318104262296809,0.6280704306125362,0.6355504218468255,0.004266777773207512,0.375664481073016,0.3726612173674081,0.37866774477862386,0.003426276428621005,0.6033239796475652,0.5986168748270674,0.6080310844680631,0.00537010528359699,0.831117928163755,0.827510989845803,0.834724866481707,0.004114979219178267,0.4663632916192643,0.45424231052683167,0.47848427271169697,0.013828233508504654,9.32885751597443,9.086396525589626,9.571318506359235,0.2766118655062993,0.06,-0.029389753327772397,0.14938975332777238,0.10198039027185568,63.29880000000001,-31.005601965733327,157.60320196573335,107.58727212900233,0.06999999999999999,0.028886693151730064,0.11111330684826992,0.04690415759823429,36.9243,15.237441770606093,58.61115822939391,24.741474091492606,0.1312,0.11241669507248525,0.14998330492751477,0.0214289523775662,27.682675200000006,23.719472993514103,31.64587740648591,4.521423235856959,0.18319999999999997,0.17064375597561116,0.1957562440243888,0.01432480366357599,19.327233600000003,18.00257496791503,20.651892232084975,1.5112381368999395
robustness_alt_test,uptake(mmol/g) CO2 at 0.15 bar,47,2000,enriched_interpretable,hgb,enriched_interpretable | hgb,5,0.6404599741361957,0.6335606478562414,0.64735930041615,0.007871103347412459,0.3766739884504024,0.37349091031382275,0.37985706658698204,0.0036314179036150153,0.5923541873903733,0.5835395563436161,0.6011688184371304,0.01005618072302502,0.8299736569641827,0.8287631504485617,0.8311841634798036,0.0013810075796605865,0.4558210087220326,0.43845490107634805,0.4731871163677171,0.019812141428739515,9.117975877542092,8.770594454636436,9.465357300447748,0.39631044680492294,0.04,-0.0384,0.1184,0.08944271909999159,42.199200000000005,-40.51123200000001,124.90963200000002,94.36027979610914,0.06200000000000001,0.016707457567497946,0.10729254243250208,0.05167204273105526,32.70438,8.813016792279484,56.59574320772052,27.25648582020434,0.13520000000000001,0.11725341971293696,0.15314658028706307,0.020474374227311565,28.5266592,24.740002545750848,32.313315854249154,4.320011064465831,0.18839999999999998,0.17260283772318585,0.20419716227681411,0.018022208521710093,19.875823200000003,18.209254174120666,21.54239222587934,1.901306954623371
robustness_alt_test,uptake(mmol/g) CO2 at 0.15 bar,47,2000,geometry_only,rf,geometry_only | rf,5,0.6423763443310401,0.6370458669198514,0.6477068217422287,0.006081280532624932,0.38094619295161286,0.3764039967317077,0.385488389171518,0.005181969140229849,0.5899311868300773,0.583153419083044,0.5967089545771106,0.0077324231724858195,0.8315042363893157,0.8277444233996598,0.8352640493789716,0.004289386442631293,0.44800910125142207,0.436192294999392,0.45982590750345215,0.01348121533494068,8.96171106632964,8.725334610892274,9.198087521767006,0.2696703176726533,0.052000000000000005,-0.020916214931934046,0.12491621493193406,0.0831865373723417,54.85896,-22.06618842889177,131.78410842889178,87.76013319707305,0.057999999999999996,0.021122820064435513,0.09487717993556448,0.04207136793592526,30.594420000000003,11.142076355789094,50.04676364421091,22.192225872521217,0.1192,0.10403816158904204,0.13436183841095797,0.017297398648351732,25.1507232,21.951635942641516,28.349810457358487,3.6496819252076222,0.1744,0.15802959939402828,0.19077040060597172,0.018676188047885997,18.398851200000003,16.671806676871196,20.12589572312881,1.9703004866758762
robustness_alt_test,uptake(mmol/g) CO2 at 0.15 bar,47,2000,geometry_plus_topology,ridge,geometry_plus_topology | ridge,5,0.6513058751002199,0.6487105470250808,0.6539012031753589,0.00296088265302281,0.39203347817849254,0.38942300749478015,0.39464394886220494,0.0029781581132914507,0.5784746502005641,0.575111383051309,0.5818379173498192,0.003836986720523551,0.8276772885897099,0.8233427541586161,0.8320118230208037,0.004945057978948444,0.41130072051573763,0.4037845117247764,0.41881692930669884,0.0085748743824851,8.22741816704006,8.077068338631106,8.377767995449014,0.17152675343257776,0.024,0.004796000416579887,0.04320399958342011,0.021908902300206645,25.319519999999997,5.059684519483444,45.579355480516554,23.113453748672008,0.024,0.010706633233074475,0.037293366766925524,0.015165750888103102,12.65976,5.647641964114455,19.671878035885545,7.999781935965506,0.049600000000000005,0.03322959939402827,0.06597040060597174,0.018676188047886,10.465401600000002,7.011312553742387,13.919490646257616,3.9406009733517555,0.068,0.05719330577836127,0.07880669422163875,0.012328828005937953,7.173864,6.033779373005557,8.313948626994444,1.3006666969704421
robustness_alt_test,uptake(mmol/g) CO2 at 0.15 bar,47,2000,geometry_only,hgb,geometry_only | hgb,5,0.6562824939899793,0.6491265741521381,0.6634384138278204,0.008163838366812214,0.38655088531664894,0.3831177147259481,0.3899840559073498,0.0039167361322246,0.5719623956452494,0.5626221629677238,0.581302628322775,0.010655813873781655,0.8242628638343422,0.8220040263149081,0.8265217013537763,0.0025769970630518876,0.4315510049298445,0.41423427590619033,0.44886773395349866,0.01975580777797664,8.632492968920882,8.286099286983555,8.97888665085821,0.3951835815246448,0.044,-0.03281599833368047,0.12081599833368047,0.0876356092008266,46.41912000000001,-34.62022192206622,127.45846192206623,92.45381499468805,0.046,0.004145853252037264,0.08785414674796274,0.047749345545253286,24.264540000000004,2.1868961319171376,46.34218386808287,25.18730228166566,0.10399999999999998,0.08127752126197495,0.12672247873802503,0.02592296279363144,21.943584,17.14923187619167,26.737936123808332,5.469641457605059,0.1608,0.14315564498203462,0.17844435501796538,0.02012958022413781,16.9640784,15.102634234314687,18.82552256568531,2.123630454486091
robustness_alt_test,uptake(mmol/g) CO2 at 0.15 bar,47,2000,enriched_interpretable,mlp,enriched_interpretable | mlp,5,0.6592439714199243,0.6521326268611205,0.6663553159787281,0.008112984614749255,0.3947397287423762,0.38912490951138273,0.4003545479733696,0.006405672184629809,0.5680917740206051,0.5587318543867654,0.5774516936544447,0.010678273757755301,0.8254599950373528,0.8131261344964393,0.8377938555782662,0.014071097242084036,0.4210845657944634,0.4130153903183541,0.4291537412705727,0.009205726983140115,8.423128464577987,8.261717415207759,8.584539513948215,0.1841459585262262,0.032,-0.004352584502343153,0.06835258450234316,0.04147288270665544,33.75936,-4.591889598281988,72.110609598282,43.75306179786736,0.022,-0.0015200000000000005,0.04552,0.02683281572999748,11.60478,-0.8017848000000001,24.0113448,14.15404196941637,0.0624,0.05512948309953137,0.06967051690046863,0.008294576541331087,13.166150400000001,11.632100416068722,14.70020038393128,1.7501224719146944,0.11439999999999999,0.10815254803940037,0.1206474519605996,0.007127411872482184,12.068971200000002,11.409877513060664,12.72806488693934,0.7519276977231255
robustness_alt_test,uptake(mmol/g) CO2 at 0.15 bar,47,2000,geometry_only,mlp,geometry_only | mlp,5,0.6641634472062986,0.6565159372157175,0.6718109571968797,0.008724669488544938,0.396680726481149,0.3916331695155581,0.4017282834467399,0.005758510456818261,0.5616142623917724,0.551486285382163,0.5717422394013817,0.01155451278981711,0.8244670045539175,0.8181771552890277,0.8307568538188074,0.0071757808798575025,0.3784603716344331,0.3569299367470131,0.39999080652185304,0.02456301836398166,7.5704991063119875,7.139816925850662,8.001181286773313,0.491344200106814,0.016,-0.0032039995834201133,0.03520399958342012,0.021908902300206645,16.87968,-3.3801554805165495,37.13951548051655,23.113453748672004,0.02,0.006140707088743671,0.03385929291125633,0.015811388300841896,10.5498,3.2391615822413984,17.8604384177586,8.340349214811091,0.0472,0.024969763294107734,0.06943023670589227,0.02536138797463577,9.9590112,5.268520176003556,14.649502223996446,5.35115141709625,0.0868,0.060927999999999996,0.11267200000000001,0.02951609730299723,9.157226400000003,6.427782144000002,11.886670656000003,3.1138892332716024
robustness_alt_test,uptake(mmol/g) CO2 at 0.15 bar,47,2000,enriched_interpretable,ridge,enriched_interpretable | ridge,5,0.7110181719329407,0.7101229013873659,0.7119134424785155,0.0010213703051829882,0.43957384523488613,0.43756154360475846,0.4415861468650138,0.0022957363449995155,0.49764741266147644,0.49638194379715794,0.49891288152579494,0.00144371143062533,0.8005726644896685,0.7983310989006033,0.8028142300787336,0.0025572923638643146,0.28957148274554423,0.2765534516042456,0.30258951388684285,0.014851633961812712,5.792417953486807,5.532012900520421,6.052823006453194,0.2970833674067726,0.004,-0.003839999999999998,0.011839999999999998,0.008944271909999158,4.21992,-4.051123199999999,12.4909632,9.436027979610913,0.016,0.011199000104144971,0.02080099989585503,0.005477225575051661,8.43984,5.907360564935432,10.972319435064568,2.889181718584,0.0288,0.02586654060876923,0.03173345939123077,0.0033466401061363026,6.076684800000001,5.4577366022878735,6.695632997712128,0.706127675834335,0.066,0.06018570038611701,0.071814299613883,0.006633249580710799,6.962868,6.349471019334572,7.576264980665429,0.6997945642658279
robustness_alt_test,uptake(mmol/g) CO2 at 0.15 bar,47,2000,geometry_only,ridge,geometry_only | ridge,5,0.7520461172981525,0.751529309545229,0.752562925051076,0.0005896006463448007,0.4966366084957352,0.4939876938632811,0.4992855231281893,0.003022016931000651,0.4380008146660675,0.4372283292742734,0.4387733000578616,0.0008812907386107737,0.7870319531794628,0.7852199029265925,0.7888440034323332,0.0020672793592162583,0.18483124762988246,0.18399693039688167,0.18566556486288324,0.0009518316570353531,3.6972557759683995,3.680566583809295,3.713944968127504,0.01903988171291536,0.0,0.0,0.0,0.0,0.0,0.0,0.0,0.0,0.0,0.0,0.0,0.0,0.0,0.0,0.0,0.0,0.0,0.0,0.0,0.0,0.0,0.0,0.0,0.0,0.0088,0.007839800020828996,0.009760199979171005,0.0010954451150103322,0.9283823999999999,0.8270832225974172,1.0296815774025827,0.11556726874336001
robustness_alt_test,uptake(mmol/g) CO2 at 0.15 bar,47,2000,topology_only,ridge,topology_only | ridge,5,0.7955348450692743,0.7937350556323443,0.7973346345062043,0.0020532915949804946,0.5204454126452447,0.5179851427571084,0.522905682533381,0.002806801384116576,0.3711207666128444,0.368272992885629,0.3739685403400598,0.003248885529893677,0.6480998544659975,0.6434318047230267,0.6527679042089682,0.0053255492589964325,0.20144103147516118,0.19649731562674266,0.2063847473235797,0.005640043213523916,4.0295081415560405,3.930616951837334,4.128399331274747,0.1128201135647225,0.008,-0.0016019997917100567,0.01760199979171006,0.010954451150103323,8.43984,-1.6900777402582747,18.569757740258275,11.556726874336002,0.022,0.01057133428610321,0.033428665713896785,0.013038404810405298,11.60478,5.576273122576583,17.633286877423416,6.87762815344069,0.036000000000000004,0.019932781198975354,0.052067218801024655,0.01833030277982336,7.595856,4.205737101859003,10.985974898140999,3.86762056533161,0.045599999999999995,0.037156061582413094,0.054043938417586895,0.009633275663033838,4.8107088000000005,3.9198901848214174,5.7015274151785835,1.0162913158987439
robustness_alt_test,uptake(mmol/g) CO2 at 0.15 bar,47,2000,topology_only,rf,topology_only | rf,5,0.795961257461234,0.7933574011922058,0.7985651137302623,0.0029706120516256214,0.5202416448496701,0.5177922100984979,0.5226910796008423,0.0027944401071792564,0.37044275843083224,0.36631469645236797,0.3745708204092965,0.004709503673050169,0.6456069436657216,0.6399974388860353,0.6512164484454078,0.006399609187494093,0.20219946909366704,0.19837037180585712,0.20602856638147696,0.004368429504083183,4.044679482450453,3.968084468102829,4.121274496798077,0.08738349939737715,0.012,0.0023980002082899434,0.021601999791710055,0.010954451150103323,12.65976,2.5298422597417254,22.789677740258277,11.556726874336002,0.018,0.0035970003124349142,0.03240299968756508,0.01643167672515498,9.49482,1.8973816948062936,17.09225830519371,8.667545155752002,0.0256,0.006621369490924803,0.0445786305090752,0.021651789764358973,5.4014976,1.397082477107169,9.40591272289283,4.568441033120686,0.045200000000000004,0.035792000000000004,0.054608000000000004,0.010733126291998992,4.7685096,3.775984416,5.761034784,1.1323233575533094
robustness_alt_test,uptake(mmol/g) CO2 at 0.15 bar,47,2000,topology_only,mlp,topology_only | mlp,5,0.7971456203599951,0.795252287163368,0.7990389535566222,0.002160011087609785,0.5230786921346267,0.5170184251705796,0.5291389590986737,0.00691386168030889,0.3685711726150937,0.3655731070694433,0.3715692381607441,0.0034203461025889277,0.6408449225655938,0.6362227270778619,0.6454671180533257,0.0052732363856435715,0.2018960940462647,0.19831141071194489,0.20548077738058454,0.004089589598647826,4.038610946092687,3.9669050449921803,4.110316847193194,0.08180574961663765,0.008,-0.0016019997917100567,0.01760199979171006,0.010954451150103323,8.43984,-1.6900777402582747,18.569757740258275,11.556726874336002,0.013999999999999999,0.0007066332330744746,0.027293366766925523,0.0151657508881031,7.384860000000001,0.37274196411445626,14.396978035885546,7.999781935965505,0.0264,0.0003268426154406853,0.052473157384559314,0.02974558790812513,5.570294400000001,0.06896248448752296,11.071626315512479,6.276200066262771,0.039999999999999994,0.025176386405467793,0.054823613594532195,0.01691153452528776,4.21992,2.6560584130040414,5.783781586995959,1.7841330693488084
robustness_alt_test,uptake(mmol/g) CO2 at 0.15 bar,47,2000,topology_only,hgb,topology_only | hgb,5,0.8031541392622332,0.8017249412356457,0.8045833372888207,0.0016305020105909286,0.5274684027976054,0.5253245338169958,0.529612271778215,0.0024458350895388554,0.35901810683555124,0.35673455593297104,0.36130165773813144,0.0026051913511481546,0.6293673537014778,0.6238990724104754,0.6348356349924802,0.0062384942279447,0.2011376564277588,0.19904063689646223,0.20323467595905537,0.0023923868480223726,4.0234396051982735,3.9814920575090955,4.0653871528874514,0.047855902103273416,0.0,0.0,0.0,0.0,0.0,0.0,0.0,0.0,0.002,-0.0019199999999999998,0.00592,0.00447213595499958,1.05498,-1.0127807999999998,3.1227408,2.359006994902728,0.0024000000000000002,0.00047960004165798886,0.004320399958342012,0.0021908902300206644,0.5063904000000001,0.10119369038966902,0.9115871096103312,0.46226907497344016,0.027199999999999995,0.023782623228264105,0.030617376771735885,0.0038987177379235867,2.8695456000000004,2.509019185335408,3.230072014664593,0.4113069239154625
robustness_alt_test,uptake(mmol/g) CO2 at 0.15 bar,47,5000,geometry_plus_topology,hgb,geometry_plus_topology | hgb,5,0.5708044052354244,0.5667928996559741,0.5748159108148747,0.004576530187638082,0.3281714587054193,0.3260052602235742,0.33033765718726443,0.0024713097235522907,0.6762248660531645,0.6716878889634043,0.6807618431429246,0.005176014890338287,0.8650419783677343,0.8629643700981507,0.8671195866373179,0.0023702414905125125,0.5246871444823664,0.5133767510532304,0.5359975379115024,0.012903473755007638,10.495533630754775,10.2692871601467,10.72178010136285,0.2581135142597264,0.07599999999999998,-0.0018097783058145106,0.1538097783058145,0.08876936408468859,80.17848000000001,-1.9092799170681474,162.26623991706816,93.64990372206475,0.07800000000000001,0.040605583304455746,0.11539441669554429,0.04266145801540309,41.144220000000004,21.419039137267355,60.869400862732654,22.503492488544975,0.16960000000000003,0.14181496921002248,0.19738503078997757,0.031698580409854314,35.784921600000004,29.922391243437904,41.64745195656211,6.688273672157621,0.2352,0.20763150087509297,0.262768499124907,0.03145155004129368,24.813129600000003,21.90470807932056,27.721551120679447,3.3180756262564004
robustness_alt_test,uptake(mmol/g) CO2 at 0.15 bar,47,5000,geometry_plus_topology,rf,geometry_plus_topology | rf,5,0.5726193075829981,0.5709387966674312,0.5742998184985649,0.0019172125735397684,0.32891475347118393,0.3272881367114723,0.3305413702308956,0.0018557273714569604,0.6741765068884588,0.6722632429410329,0.6760897708358846,0.002182749104767212,0.8655297390940232,0.8631638373866849,0.8678956408013615,0.0026991413498425026,0.5229427379598028,0.5182713655714156,0.5276141103481901,0.00532933990237208,10.460639546697625,10.367196155679409,10.55408293771584,0.10660498692082873,0.068,0.014538327747815452,0.12146167225218456,0.06099180272790763,71.73864,15.337645007390357,128.13963499260964,64.34513204188798,0.08,0.05027512825931793,0.10972487174068207,0.03391164991562634,42.199200000000005,26.519627405507617,57.87877259449239,17.88805621399374,0.16560000000000002,0.14376028718137532,0.18743971281862473,0.024915858403835898,34.940937600000005,30.33284555412147,39.54902964587854,5.25714645977576,0.24159999999999998,0.2237478534623984,0.25945214653760157,0.020366639388961556,25.4883168,23.604951044576108,27.37168255542389,2.1486397222566658
robustness_alt_test,uptake(mmol/g) CO2 at 0.15 bar,47,5000,geometry_plus_topology,mlp,geometry_plus_topology | mlp,5,0.5899370751006299,0.580982196699212,0.5988919535020477,0.010216182059089274,0.3403329604422073,0.3344272962829327,0.34623862460148186,0.006737482914501035,0.6540908199795001,0.6435753868393992,0.6646062531196011,0.011996542507204035,0.8623376700022568,0.8577269838601222,0.8669483561443914,0.0052601059371066685,0.5025407660219947,0.488233274733384,0.5168482573106055,0.01632271587184674,10.052530476637921,9.766331819837418,10.338729133438424,0.326510026364825,0.048,0.0186654060876923,0.07733459391230771,0.033466401061363026,50.63904,19.691630114393625,81.58644988560638,35.30638379171676,0.048,0.03359700031243491,0.06240299968756509,0.016431676725154987,25.31952,17.722081694806292,32.91695830519371,8.667545155752004,0.09359999999999999,0.07478399999999999,0.11241599999999999,0.02146625258399798,19.749225600000003,15.779124864000003,23.719326336,4.529293430213238,0.16360000000000002,0.13473005826122958,0.19246994173877047,0.032936302160382236,17.2594728,14.213751686443196,20.305193913556806,3.474714005316006
robustness_alt_test,uptake(mmol/g) CO2 at 0.15 bar,47,5000,enriched_interpretable,hgb,enriched_interpretable | hgb,5,0.6054162579958794,0.6017737916496892,0.6090587243420695,0.004155511406038988,0.3549156100256802,0.3527637620925978,0.35706745795876255,0.002454937885517654,0.6357739089260376,0.6313966904804618,0.6401511273716134,0.004993754079935414,0.8477027369059866,0.8456576731136937,0.8497478006982796,0.002333113090760527,0.4940462646947289,0.48662696693563995,0.5014655624538178,0.008464313333997315,9.882611458620499,9.734200181603365,10.031022735637633,0.16931515512135933,0.07599999999999998,-0.012003781736923111,0.1640037817369231,0.10039920318408906,80.17848000000001,-12.663749656819107,173.02070965681912,105.91915137515028,0.07400000000000001,0.03499649246542052,0.1130035075345795,0.044497190922573975,39.03426,18.46029981058466,59.60822018941535,23.47182323974855,0.16160000000000002,0.12007019460676469,0.20312980539323536,0.04737932038347532,34.0969536,25.334330781248912,42.85957641875109,9.99684708363176,0.2156,0.1946215897647129,0.23657841023528714,0.02393324048264255,22.7453688,20.53218847699768,24.958549123002324,2.524909004437823
robustness_alt_test,uptake(mmol/g) CO2 at 0.15 bar,47,5000,enriched_interpretable,rf,enriched_interpretable | rf,5,0.605653162644422,0.6038788703325434,0.6074274549563007,0.002024203174140801,0.3572853355427445,0.3561959454580553,0.3583747256274337,0.0012428317772343951,0.6354992843328899,0.6333665740504701,0.6376319946153097,0.002433104677450682,0.8473657281640344,0.8448612039462593,0.8498702523818096,0.0028572889807345417,0.5029199848312477,0.49402122180597563,0.5118187478565197,0.01015216277559691,10.060116147085129,9.882110515374823,10.238121778795435,0.20307790453165053,0.092,0.025706784660871965,0.15829321533912805,0.07563068160475615,97.05816000000002,27.120143681526727,166.99617631847332,79.78885647938564,0.10400000000000001,0.06971400285830964,0.13828599714169038,0.03911521443121589,54.85896,36.77343936772975,72.94448063227026,20.63288446032207,0.18719999999999998,0.16349777259412102,0.21090222740587894,0.027040710049848912,39.4984512,34.49737602626916,44.49952637373084,5.705481657677922,0.2424,0.2218284017149858,0.2629715982850142,0.02346912865872952,25.5727152,23.40245272412757,27.74297767587243,2.475946135238648
robustness_alt_test,uptake(mmol/g) CO2 at 0.15 bar,47,5000,geometry_only,rf,geometry_only | rf,5,0.6203318667328874,0.6177590811070571,0.6229046523587177,0.0029351650769851613,0.3656526009148165,0.36423998971330435,0.36706521211632864,0.00161157891446878,0.6176135563346479,0.6144389901084771,0.6207881225608186,0.003621707082037076,0.8440571136970535,0.8422511803605337,0.8458630470335733,0.0020603008690261936,0.4714448236632537,0.4587364474539344,0.484153199872573,0.01449836382024439,9.430505499966994,9.176294602482965,9.684716397451023,0.29001675887526385,0.096,0.03230753890765406,0.15969246109234594,0.07266360849833982,101.27808,34.0838073967969,168.4723526032031,76.65865369357853,0.09,0.048886693151730054,0.13111330684826994,0.046904157598234304,47.47410000000001,25.787241770606094,69.16095822939391,24.741474091492613,0.15360000000000001,0.13066213750150205,0.17653786249849798,0.026168683574073797,32.40898560000001,27.569188364266928,37.24878283573309,5.521487559395276,0.22399999999999998,0.20511877970045367,0.24288122029954629,0.02154065922853802,23.631552000000006,21.63962102083847,25.623482979161544,2.272496467292304
robustness_alt_test,uptake(mmol/g) CO2 at 0.15 bar,47,5000,geometry_only,hgb,geometry_only | hgb,5,0.6280952482856849,0.6232281110757241,0.6329623854956457,0.005552678396577012,0.3688583348380543,0.366091249437429,0.3716254202386796,0.0031568321710945964,0.6079651330493191,0.6019043641473061,0.6140259019513321,0.006914434316743835,0.8423277714622532,0.8409586490091266,0.8436968939153798,0.0015619647319961433,0.45369738339021615,0.4382352470784373,0.469159519701995,0.017639993811482336,9.075496123037736,8.766200625005872,9.3847916210696,0.35286008098668264,0.07200000000000001,0.02149433299123752,0.1225056670087625,0.057619441163551735,75.95856,22.676091419095748,129.24102858090427,60.787358038723816,0.064,0.038747166495618754,0.08925283350438125,0.028809720581775868,33.75936,20.43874285477394,47.07997714522607,15.196839509680952,0.14800000000000002,0.10549013479202742,0.19050986520797264,0.04849742261192856,31.227408000000004,22.257996480578615,40.196819519421396,10.23276218142648,0.2088,0.19026374622530218,0.22733625377469785,0.021147103820618088,22.027982400000006,20.072444699276932,23.98352010072308,2.230977158867568
robustness_alt_test,uptake(mmol/g) CO2 at 0.15 bar,47,5000,enriched_interpretable,mlp,enriched_interpretable | mlp,5,0.6463915961744912,0.6373018146372401,0.6554813777117422,0.010370086437712223,0.3823279910159821,0.380407934982431,0.3842480470495332,0.0021904978630759744,0.5847330748967025,0.5730668159838711,0.5963993338095338,0.013309463251124276,0.8376425079107939,0.834403209274599,0.8408818065469887,0.0036955571173235844,0.4474023511566174,0.43578403403562316,0.4590206682776117,0.013254768809537179,8.949573993614111,8.717167998234768,9.181979988993454,0.26514061430954755,0.052000000000000005,0.01782623228264113,0.08617376771735888,0.03898717737923585,54.85895999999999,18.80631853354072,90.91160146645926,41.13069239154624,0.036,0.022706633233074473,0.04929336676692552,0.0151657508881031,18.98964,11.977521964114457,26.001758035885544,7.999781935965505,0.08800000000000001,0.08144058539197285,0.09455941460802716,0.007483314773547884,18.567648000000002,17.183637755364703,19.9516582446353,1.5789494839595095,0.14320000000000002,0.1295868158023187,0.15681318419768134,0.015530614926653741,15.107313600000001,13.671149893513018,16.543477306486984,1.6384488135321167
robustness_alt_test,uptake(mmol/g) CO2 at 0.15 bar,47,5000,geometry_plus_topology,ridge,geometry_plus_topology | ridge,5,0.6468723906408504,0.645865299459714,0.6478794818219868,0.0011489409900824826,0.391027776321362,0.3877711037736435,0.3942844488690805,0.003715378161814253,0.5841996483563092,0.5829052468304353,0.5854940498821831,0.001476719286751834,0.8323738681828358,0.8293473517038658,0.8354003846618058,0.003452804378571583,0.40963215775502465,0.4052261341437775,0.4140381813662718,0.005026616482253924,8.194041217072353,8.105905707224164,8.282176726920543,0.10054948533273135,0.024,0.0011426685722064275,0.04685733142779357,0.026076809620810593,25.319519999999997,1.2054924903063267,49.43354750969367,27.510512613762764,0.026000000000000002,0.012706633233074478,0.039293366766925526,0.0151657508881031,13.71474,6.702621964114456,20.726858035885545,7.999781935965504,0.0456,0.032111553981277165,0.05908844601872284,0.015388307249337076,9.6214176,6.775409443833555,12.467425756166444,3.246871276381126,0.0648,0.053810008917201065,0.07578999108279894,0.012537942414925986,6.836270400000001,5.676848320746879,7.9956924792531225,1.3227278488898617
robustness_alt_test,uptake(mmol/g) CO2 at 0.15 bar,47,5000,geometry_only,mlp,geometry_only | mlp,5,0.6533069013143316,0.6471861311356054,0.6594276714930577,0.006982886833819027,0.38954546730682427,0.38425274921374863,0.3948381853998999,0.0060382027764592705,0.57584879184531,0.5678786036302989,0.5838189800603212,0.009092797266445192,0.8346914529851798,0.8313900292825982,0.8379928766877613,0.0037664325619905757,0.40295790671217296,0.3792726905882566,0.42664312283608935,0.02702130271165874,8.06053341720152,7.586748257808095,8.534318576594947,0.5405182771093234,0.027999999999999997,0.012319999999999998,0.04368,0.01788854381999832,29.539440000000003,12.997353600000004,46.0815264,18.872055959221825,0.03,0.03,0.03,0.0,15.824700000000002,15.8247,15.824700000000004,1.9860273225978185e-15,0.054400000000000004,0.03711640037492189,0.07168359962507811,0.019718012070185982,11.4781824,7.83141201350702,15.12495278649298,4.160421674760961,0.1072,0.08801201042318399,0.12638798957681602,0.021890637268019406,11.309385600000002,9.285091075625065,13.33368012437494,2.309418450501512
robustness_alt_test,uptake(mmol/g) CO2 at 0.15 bar,47,5000,enriched_interpretable,ridge,enriched_interpretable | ridge,5,0.7090054299513596,0.7080965926528144,0.7099142672499048,0.0010368479489971274,0.44097234305549,0.43766052437091263,0.44428416174006735,0.0037782916876882523,0.5004874648528108,0.49920666816035586,0.5017682615452658,0.0014611981988195005,0.8033242240059103,0.8022620429329264,0.8043864050788943,0.0012117903487785001,0.28502085703450897,0.27203469278617254,0.2980070212828454,0.014815278584825346,5.701389908120329,5.441622301773913,5.961157514466745,0.29635613578724007,0.004,-0.0038399999999999997,0.01184,0.00894427190999916,4.21992,-4.051123199999999,12.4909632,9.436027979610913,0.01,0.01,0.01,0.0,5.2749,5.2749,5.2749,0.0,0.0304,0.026402368701343257,0.03439763129865674,0.004560701700396551,6.414278400000001,5.570794186508623,7.257762613491378,0.9622898159768707,0.0648,0.05990392156925565,0.06969607843074434,0.005585696017507579,6.836270400000001,6.319743917713334,7.352796882286668,0.5892797584550149
robustness_alt_test,uptake(mmol/g) CO2 at 0.15 bar,47,5000,geometry_only,ridge,geometry_only | ridge,5,0.7511087410440689,0.7505130938712329,0.7517043882169049,0.0006795446780953644,0.4963342834291974,0.4952656806896944,0.4974028861687004,0.0012191165135056767,0.4394008405005512,0.43851122438369494,0.4402904566174075,0.0010149194444744848,0.7892465512622207,0.7876068958836663,0.790886206640775,0.001870602492918792,0.1797497155858931,0.1758519807690302,0.18364745040275599,0.0044467346983536535,3.5956077919758336,3.517639792789371,3.673575791162296,0.08894987053600939,0.0,0.0,0.0,0.0,0.0,0.0,0.0,0.0,0.0,0.0,0.0,0.0,0.0,0.0,0.0,0.0,0.0,0.0,0.0,0.0,0.0,0.0,0.0,0.0,0.0076,0.006133270304384615,0.009066729695615386,0.001673320053068151,0.8017848000000001,0.6470477505719683,0.9565218494280319,0.17653191895858375
robustness_alt_test,uptake(mmol/g) CO2 at 0.15 bar,47,5000,topology_only,rf,topology_only | rf,5,0.7932732274158583,0.7924795737163476,0.7940668811153689,0.0009054406238265744,0.5207325693940656,0.5176541016576354,0.5238110371304959,0.0035120730230602188,0.3746940330764009,0.3734428088919523,0.37594525726084954,0.0014274603732239166,0.6520928991607567,0.6505850426894054,0.6536007556321081,0.0017202395766605096,0.20083428138035644,0.19759785965325205,0.20407070310746084,0.0036922749926850463,4.017371068840509,3.9526315884904792,4.082110549190539,0.07385810147483628,0.02,0.007603871572139953,0.03239612842786005,0.01414213562373095,21.0996,8.021932431176207,34.177267568823794,14.919670240323677,0.030000000000000006,0.023801935786069983,0.03619806421393003,0.007071067811865475,15.824700000000002,12.555283107794054,19.09411689220595,3.7299175600809193,0.0376,0.025056000000000005,0.050143999999999994,0.014310835055998651,7.933449600000001,5.286715776000001,10.580183424000001,3.019528953475492,0.048,0.03684348441492596,0.059156515585074045,0.012727922061357857,5.063904,3.886913918805859,6.240894081194141,1.3427703216291311
robustness_alt_test,uptake(mmol/g) CO2 at 0.15 bar,47,5000,topology_only,ridge,topology_only | ridge,5,0.7939491978571024,0.7927698751872837,0.7951285205269211,0.0013454314577148524,0.5212840462560477,0.518218466992734,0.5243496255193615,0.0034973691955016302,0.373627111232416,0.37176597728334687,0.3754882451814851,0.002123276543546492,0.651941538381557,0.6502245149317106,0.6536585618314034,0.0019588679351110775,0.20394387561623056,0.2010709707806923,0.20681678045176882,0.0032775563801792787,4.079573566507602,4.022105664660879,4.137041468354324,0.06556231380283535,0.008,-0.0016019997917100567,0.01760199979171006,0.010954451150103323,8.43984,-1.690077740258273,18.569757740258275,11.556726874336,0.024,0.010706633233074477,0.037293366766925524,0.0151657508881031,12.65976,5.647641964114456,19.671878035885545,7.999781935965505,0.0336,0.019016757013613193,0.04818324298638681,0.016637307474468337,7.0894656,4.0124596628443285,10.16647153715567,3.5104053278829213,0.044399999999999995,0.03586555590562572,0.05293444409437427,0.009736529155710468,4.684111199999999,3.783744416931702,5.584477983068297,1.027184352869143
robustness_alt_test,uptake(mmol/g) CO2 at 0.15 bar,47,5000,topology_only,mlp,topology_only | mlp,5,0.7941673915427107,0.7930219141093233,0.795312868976098,0.0013068190855847835,0.5170719317771652,0.5137877356687696,0.5203561278855607,0.003746778443782078,0.3732828656363957,0.37147537691686355,0.3750903543559278,0.002062075329305033,0.649769631881615,0.6466469091942277,0.6528923545690022,0.003562561328509502,0.20386803185437996,0.20092671493990727,0.20680934876885265,0.0033556043694545155,4.07805643241816,4.019220055504425,4.136892809331895,0.06712353996373004,0.004,-0.0038399999999999997,0.01184,0.00894427190999916,4.21992,-4.051123199999999,12.4909632,9.436027979610913,0.006,-0.0018399999999999996,0.01384,0.00894427190999916,3.16494,-0.9705815999999996,7.3004616,4.718013989805456,0.0128,0.0030708158615431694,0.02252918413845683,0.011099549540409287,2.7007488000000004,0.6479298635221626,4.753567736477838,2.3419605548281983,0.0364,0.03302788849531929,0.03977211150468071,0.0038470768123342694,3.8401272000000004,3.484376180479195,4.1958782195208055,0.40585890954764076
robustness_alt_test,uptake(mmol/g) CO2 at 0.15 bar,47,5000,topology_only,hgb,topology_only | hgb,5,0.7982282269629328,0.797559664800777,0.7988967891250887,0.0007627298172269201,0.5253547272987242,0.5224932334591038,0.5282162211383447,0.0032645381339735974,0.3668581725752128,0.36579735774948846,0.36791898740093715,0.0012102316642138822,0.6388707301918928,0.635198259319206,0.6425432010645795,0.004189742100365052,0.19643534319302236,0.19336176690700452,0.1995089194790402,0.003506492606922055,3.929377291652915,3.867895275911104,3.9908593073947256,0.07014181969000055,0.0,0.0,0.0,0.0,0.0,0.0,0.0,0.0,0.006,0.0011990001041449717,0.010800999895855028,0.005477225575051661,3.16494,0.6324605649354313,5.697419435064569,2.8891817185840005,0.0056,0.0036796000416579886,0.007520399958342011,0.0021908902300206644,1.1815776,0.776380890389669,1.586774309610331,0.46226907497344016,0.029199999999999997,0.02556474154976568,0.032835258450234314,0.004147288270665545,3.0805416,2.6970291040171803,3.46405409598282,0.4375306179786736
robustness_alt_test,uptake(mmol/g) CO2 at 0.15 bar,47,10000,geometry_plus_topology,hgb,geometry_plus_topology | hgb,5,0.5462325402403522,0.5435058691523628,0.5489592113283416,0.0031107254617488106,0.3125148470463408,0.31129512244419333,0.3137345716484883,0.0013915240429748284,0.703508033717589,0.7005584969260082,0.7064575705091697,0.0033649820245465496,0.8746775702544973,0.8732560425069567,0.876099098002038,0.0016217513650016485,0.5568448995070155,0.5530071553945978,0.5606826436194333,0.004378294242661055,11.138798484677878,11.062030504326751,11.215566465029005,0.08758082783698443,0.10800000000000001,0.05749433299123753,0.1585056670087625,0.05761944116355173,113.93784000000001,60.65537141909575,167.22030858090426,60.787358038723816,0.136,0.09507399848507066,0.17692600151492938,0.04669047011971501,71.73864,50.15058346088992,93.32669653911009,24.62875608344847,0.23040000000000002,0.195285901179156,0.26551409882084404,0.040059955067373705,48.613478400000005,41.2045440051972,56.02241279480281,8.452490279395583,0.29280000000000006,0.2728272249299203,0.31277277507007983,0.022785960589801778,30.8898144,28.782726575656724,32.99690222434327,2.4038732703029075
robustness_alt_test,uptake(mmol/g) CO2 at 0.15 bar,47,10000,geometry_plus_topology,rf,geometry_plus_topology | rf,5,0.5492395224909978,0.5476810458364582,0.5507979991455375,0.0017779896637231086,0.3123986202531274,0.3111729200792716,0.31362432042698324,0.001398341279987222,0.7002399666847114,0.6985385636918674,0.7019413696775555,0.0019410473209800117,0.8780529015378582,0.876134497246173,0.8799713058295434,0.0021886134717017357,0.5518392112248767,0.5477182562153609,0.5559601662343925,0.00470139568035493,11.038667634774754,10.956234469891573,11.121100799657935,0.09404395932614426,0.10800000000000001,0.05173741562992331,0.1642625843700767,0.06418722614352484,113.93784000000001,54.58193874125648,173.29374125874352,67.71623983689585,0.118,0.07623773952478147,0.15976226047521852,0.04764451699828638,62.24382000000001,40.214645221926986,84.27299477807303,25.132006271426082,0.20879999999999996,0.17921503516987045,0.23838496483012947,0.033752036975566384,44.055964800000005,37.813655560701996,50.298274039298015,7.121544793696605,0.27880000000000005,0.2578876174480286,0.29971238255197147,0.023857912733514633,29.4128424,27.206627865532116,31.61905693446788,2.5169620775603265
robustness_alt_test,uptake(mmol/g) CO2 at 0.15 bar,47,10000,geometry_plus_topology,mlp,geometry_plus_topology | mlp,5,0.5703487959789703,0.5656118936890665,0.575085698268874,0.005404099756632285,0.33023585267674643,0.32476140117273167,0.3357103041807612,0.006245533521685215,0.6767349341217453,0.67137391371302,0.6820959545304707,0.006116125542180324,0.8720272191603078,0.86931782876817,0.8747366095524456,0.00309101076245148,0.528631020098597,0.5183830700469809,0.538878970150213,0.011691384155834659,10.57442460340572,10.369430626434658,10.779418580376783,0.23386758545169567,0.032,0.016320000000000005,0.04768,0.017888543819998316,33.75936,17.217273600000002,50.3014464,18.872055959221825,0.05800000000000001,0.04232000000000001,0.07368000000000001,0.01788854381999832,30.594420000000003,22.323376800000005,38.8654632,9.436027979610913,0.1272,0.10858103160752455,0.14581896839247546,0.021241468875762805,26.838691200000007,22.910163345061257,30.767219054938757,4.481864966910449,0.2068,0.1828078066029802,0.2307921933970198,0.027371518043396863,21.8169864,19.285857981001207,24.348114818998795,2.8876404105422817
robustness_alt_test,uptake(mmol/g) CO2 at 0.15 bar,47,10000,enriched_interpretable,hgb,enriched_interpretable | hgb,5,0.582821558844253,0.5792438941965894,0.5863992234919166,0.0040815823228948,0.34100501553632145,0.339457512639024,0.3425525184336189,0.0017654702417014736,0.6624525890120275,0.6583168998911824,0.6665882781328727,0.004718205106130639,0.8556921995359188,0.8536327934356277,0.8577516056362099,0.0023494755273105877,0.5309821767159651,0.5257033977136221,0.5362609557183082,0.006022300350733491,10.621455760178403,10.515862163820954,10.727049356535852,0.12046656094078173,0.096,0.024359385820611507,0.1676406141793885,0.0817312669668102,101.27808,25.69866485302873,176.85749514697127,86.22485202464543,0.11000000000000001,0.06750821255818958,0.15249178744181047,0.04847679857416329,58.023900000000005,35.60990704231941,80.43789295768059,25.571026479885393,0.19839999999999997,0.1603457027919316,0.23645429720806832,0.04341428336388843,41.86160640000001,33.83230190628641,49.8909108937136,9.160240132647004,0.2692,0.25240336033606725,0.28599663966393274,0.019162463307205564,28.400061599999997,26.628049708734416,30.17207349126558,2.0216015539835728
robustness_alt_test,uptake(mmol/g) CO2 at 0.15 bar,47,10000,enriched_interpretable,rf,enriched_interpretable | rf,5,0.5831881788195876,0.5812156113382618,0.5851607463009134,0.002250405601249958,0.34065237871270615,0.3395234811372853,0.341781276288127,0.0012879039378957495,0.6620370256288792,0.6597536269915997,0.6643204242661588,0.0026050176391263073,0.8595196067341864,0.8572344759356164,0.8618047375327563,0.00260699377708202,0.5292377701934015,0.5201025150448673,0.5383730253419357,0.01042196505302412,10.586561676121251,10.403825394805352,10.76929795743715,0.20847487090707972,0.124,0.059112454199592365,0.18888754580040762,0.07402702209328699,130.81752,62.36245693148594,199.27258306851405,78.09702776797592,0.134,0.08904800783057554,0.17895199216942448,0.051283525619832335,70.68366,46.971933650550284,94.39538634944972,27.051546929205358,0.2224,0.19854268548222578,0.2462573145177742,0.027217641337926403,46.92551040000001,41.89171246600772,51.9593083339923,5.742813451737119,0.2816,0.26744451145315007,0.29575548854684997,0.016149303390549073,29.70823680000001,28.214861069284435,31.201612530715582,1.7037192090961446
robustness_alt_test,uptake(mmol/g) CO2 at 0.15 bar,47,10000,geometry_only,rf,geometry_only | rf,5,0.6030610577634196,0.6012238390115617,0.6048982765152774,0.0020959928666793156,0.35261541773403976,0.35241773276800653,0.352813102700073,0.00022552909294899022,0.6386123617824458,0.6364074367972274,0.6408172867676643,0.0025154908939979854,0.8541193309103384,0.8527775945002345,0.8554610673204424,0.0015307213371831695,0.4900265453166477,0.4812528238171652,0.49880026681613016,0.01000950902474195,9.80220335188011,9.626698977448482,9.977707726311737,0.20022434264168093,0.1,0.040550256518635856,0.15944974348136415,0.06782329983125268,105.498,42.77970962203045,168.21629037796956,71.55222485597496,0.11800000000000002,0.07356372652888185,0.1624362734711182,0.0506951674225463,62.24382000000001,38.80413010671988,85.68350989328013,26.74119386371895,0.2024,0.1655770297775967,0.2392229702224033,0.04200952272997159,42.7055904,34.93609097495379,50.475089825046204,8.863841257933085,0.2584,0.23419102447438145,0.2826089755256186,0.02761883415352645,27.2606832,24.70668469999829,29.814681700001707,2.913731765528734
robustness_alt_test,uptake(mmol/g) CO2 at 0.15 bar,47,10000,geometry_only,hgb,geometry_only | hgb,5,0.6091074393283278,0.606021665026304,0.6121932136303516,0.003520408725789389,0.3571695809844242,0.3556601855341964,0.35867897643465196,0.0017219953222643617,0.631323090045355,0.6275847054056575,0.6350614746850526,0.00426493988796157,0.8495709152486327,0.8480631944277406,0.8510786360695248,0.0017200848196972818,0.48494501327265827,0.47513668005611,0.49475334648920655,0.01118984684600565,9.700555367887542,9.504355228016589,9.896755507758495,0.2238351275236831,0.07599999999999998,0.006537423025056138,0.14546257697494383,0.0792464510246358,80.17848000000001,6.896850542973738,153.46010945702628,83.60342090197028,0.1,0.05661355050248984,0.14338644949751017,0.04949747468305833,52.749,29.863081754558365,75.63491824544164,26.10942292056644,0.17919999999999997,0.13957890178200505,0.2188210982179949,0.04520176987685327,37.81048320000001,29.450589960395952,46.17037643960406,9.537392636936534,0.2424,0.21993597150998956,0.26486402849001045,0.025628109567426168,25.5727152,23.20280512236088,27.942625277639124,2.703714303144326
robustness_alt_test,uptake(mmol/g) CO2 at 0.15 bar,47,10000,geometry_only,mlp,geometry_only | mlp,5,0.6278000749552515,0.6227175053130835,0.6328826445974195,0.0057984547042165685,0.3713093542508034,0.3674685046520736,0.37515020384953324,0.004381837139853377,0.6083312792018287,0.6019893352284345,0.614673223175223,0.007235213180614612,0.8477187211857998,0.8448725991890029,0.8505648431825967,0.003247001151579245,0.4627227910504361,0.45166980570560367,0.4737757763952686,0.012609809482323622,9.256035079681249,9.03493764928513,9.477132510077368,0.25223922653890346,0.044000000000000004,0.03616000000000001,0.05184,0.008944271909999156,46.41911999999999,38.14807679999999,54.69016319999999,9.436027979610914,0.066,0.05816,0.07384,0.008944271909999161,34.81434,30.6788184,38.9498616,4.718013989805456,0.1056,0.08980283772318585,0.12139716227681414,0.018022208521710097,22.2811776,18.948039548241322,25.614315651758677,3.8026139092467433,0.1956,0.174842498801638,0.216357501198362,0.02368121618498509,20.6354088,18.445533938575206,22.825283661424795,2.498320945083558
robustness_alt_test,uptake(mmol/g) CO2 at 0.15 bar,47,10000,enriched_interpretable,mlp,enriched_interpretable | mlp,5,0.6284237833039856,0.6238876400526064,0.6329599265553648,0.005175063604980002,0.3738864420620723,0.3703212052561007,0.37745167886804387,0.004067404007161611,0.6075581518119394,0.6018884137576421,0.6132278898662367,0.0064683263796051025,0.8461492547066719,0.8432309331176576,0.8490675762956862,0.003329370129204654,0.45968904057641263,0.4492134312209942,0.47016464993183105,0.01195110950226953,9.195349716103598,8.985801776062276,9.40489765614492,0.23906297881502261,0.064,0.037997661643613664,0.09000233835638634,0.029664793948382652,67.51872,40.086773080779544,94.95066691922045,31.295764319664734,0.05600000000000001,0.03489015395603275,0.07710984604396726,0.024083189157584593,29.539440000000003,18.404207310267715,40.67467268973229,12.703641448734297,0.1008,0.07749000420420459,0.12410999579579542,0.026593232221751462,21.268396800000005,16.350080927070355,26.186712672929655,5.611065625860673,0.1608,0.13999812931489092,0.18160187068510908,0.02373183515870612,16.964078400000002,14.769522646462365,19.158634153537637,2.5036611455731785
robustness_alt_test,uptake(mmol/g) CO2 at 0.15 bar,47,10000,geometry_plus_topology,ridge,geometry_plus_topology | ridge,5,0.6447080026503225,0.6440415112973138,0.6453744940033311,0.0007603673325220513,0.3898667011796989,0.3882266884825814,0.3915067138768164,0.0018710101401619996,0.5869780516344648,0.5861237941800658,0.5878323090888639,0.0009745804787357849,0.8333154407586539,0.8314825433527038,0.8351483381646041,0.0020910628548405645,0.41319681456200225,0.41064793331278077,0.4157456958112237,0.00290789374481317,8.265346519276092,8.214360195038251,8.316332843513932,0.05816779944829368,0.012,0.0023980002082899434,0.021601999791710055,0.010954451150103323,12.65976,2.5298422597417254,22.789677740258277,11.556726874336002,0.015999999999999997,0.011199000104144968,0.020800999895855026,0.005477225575051661,8.43984,5.9073605649354315,10.97231943506457,2.8891817185840005,0.04240000000000001,0.035565246456528234,0.04923475354347178,0.00779743547584717,8.946230400000001,7.50412474134163,10.388336058658371,1.6452276956618501,0.0644,0.055512745305776365,0.07328725469422363,0.01013903348450926,6.7940712,5.856483604268796,7.731658795731205,1.0696477545487582
robustness_alt_test,uptake(mmol/g) CO2 at 0.15 bar,47,10000,enriched_interpretable,ridge,enriched_interpretable | ridge,5,0.7076807178377109,0.707103673255781,0.7082577624196408,0.0006583218934913344,0.44037664950434696,0.4389197409075638,0.4418335581011301,0.0016621156425566245,0.5023528153910477,0.501541130752542,0.5031645000295534,0.0009260112387709686,0.8036366148185339,0.8025183136598417,0.804754915977226,0.0012758150051797824,0.28577929465301477,0.27801009039254576,0.2935484989134838,0.008863504519127407,5.7165612490147435,5.561150647749867,5.87197185027962,0.17730034125121436,0.0,0.0,0.0,0.0,0.0,0.0,0.0,0.0,0.01,0.01,0.01,0.0,5.2749,5.2749,5.2749,0.0,0.028000000000000004,0.025520774314427994,0.030479225685572015,0.0028284271247461905,5.907888,5.384781297247049,6.430994702752951,0.5967868096129471,0.0616,0.057799418991785596,0.0654005810082144,0.004335896677735761,6.498676800000001,6.0977231047953975,6.899630495204605,0.45742842770776737
robustness_alt_test,uptake(mmol/g) CO2 at 0.15 bar,47,10000,geometry_only,ridge,geometry_only | ridge,5,0.75089935504888,0.7506358751471526,0.7511628349506073,0.0003005913117180967,0.4954987180921101,0.49433153054622697,0.49666590563799323,0.0013315870893295374,0.43971364757003945,0.43932037713418376,0.44010691800589513,0.0004486629735276916,0.7888489544696224,0.7876990800242485,0.7899988289149964,0.001311835421145943,0.18111490329920363,0.17945956493725493,0.18277024166115233,0.001888494440347173,3.6229162055857764,3.58980378872782,3.656028622443733,0.037776334180459906,0.0,0.0,0.0,0.0,0.0,0.0,0.0,0.0,0.0,0.0,0.0,0.0,0.0,0.0,0.0,0.0,0.0,0.0,0.0,0.0,0.0,0.0,0.0,0.0,0.0088,0.007232000000000001,0.010368,0.0017888543819998318,0.9283823999999999,0.7629615359999999,1.093803264,0.1887205595922182
robustness_alt_test,uptake(mmol/g) CO2 at 0.15 bar,47,10000,topology_only,ridge,topology_only | ridge,5,0.7924636124725122,0.79180831347393,0.7931189114710944,0.0007475985236822954,0.5198991408648389,0.5182761407951245,0.5215221409345533,0.001851601267024585,0.37596996282137884,0.37493783327034247,0.3770020923724152,0.0011775060396447558,0.6538692150051936,0.65162368775503,0.6561147422553572,0.002561812028925525,0.2054607508532423,0.20209217631861898,0.20882932538786564,0.0038430416564757615,4.109916248296427,4.0425332607625455,4.177299235830309,0.07687394931264314,0.008,-0.0016019997917100567,0.01760199979171006,0.010954451150103323,8.43984,-1.6900777402582747,18.569757740258275,11.556726874336002,0.03,0.021234613528200823,0.038765386471799175,0.01,15.824699999999998,11.201046289990652,20.448353710009343,5.2749,0.0392,0.02530748460501123,0.05309251539498877,0.015849290204927157,8.2710432,5.339778021718948,11.20230837828105,3.3441368360788113,0.048799999999999996,0.037465843480876046,0.060134156519123946,0.012930583900195691,5.1483024,3.952571555545462,6.344033244454539,1.364150740302845
robustness_alt_test,uptake(mmol/g) CO2 at 0.15 bar,47,10000,topology_only,rf,topology_only | rf,5,0.7925110396614878,0.7918177559066136,0.793204323416362,0.0007909334712218918,0.5198611251566924,0.5182375110953016,0.5214847392180831,0.0018523017400480708,0.37589521401237935,0.37480310435657255,0.37698732366818616,0.0012459344026877301,0.6529700422600007,0.6507637826241001,0.6551763018959013,0.0025170135315753846,0.20401971937808114,0.19832509619015837,0.2097143425660039,0.006496716609409112,4.081090700597043,3.9671788012645677,4.195002599929518,0.1299565052824122,0.012,0.0023980002082899434,0.021601999791710055,0.010954451150103323,12.65976,2.5298422597417254,22.789677740258277,11.556726874336002,0.026000000000000002,0.016005921753358146,0.03599407824664186,0.011401754250991379,13.71474,8.442963665678889,18.986516334321113,6.014311349855443,0.036,0.02112464588656794,0.05087535411343205,0.01697056274847714,7.595856,4.45721578348229,10.73449621651771,3.5807208576776834,0.045599999999999995,0.03911124541995923,0.05208875458004076,0.007402702209328699,4.8107088000000005,4.12615816931486,5.495259430685141,0.7809702776797589
robustness_alt_test,uptake(mmol/g) CO2 at 0.15 bar,47,10000,topology_only,mlp,topology_only | mlp,5,0.7933875211934045,0.7926059147407469,0.7941691276460621,0.0008916965100994303,0.5202370596633831,0.5145998151686432,0.525874304158123,0.006431256069400443,0.3745138533737554,0.3732809021401019,0.37574680460740895,0.0014066136588732413,0.6525922390906687,0.650869937679818,0.6543145405015193,0.001964889302247803,0.20326128175957528,0.20133737800175444,0.20518518551739612,0.0021948875431911713,4.06591935970263,4.027434718321785,4.104404001083476,0.043905241947588415,0.004,-0.0038399999999999997,0.01184,0.00894427190999916,4.21992,-4.051123199999999,12.4909632,9.436027979610913,0.01,0.0038019357860699767,0.016198064213930025,0.007071067811865475,5.2749,2.005483107794052,8.544316892205948,3.7299175600809193,0.019200000000000002,0.0023121231648262006,0.0360878768351738,0.019266551326067673,4.051123200000001,0.4878487392856683,7.614397660714333,4.0651652635949755,0.0392,0.028350731637571132,0.050049268362428866,0.01237739875741264,4.1355216,2.990945486300479,5.28009771369952,1.3057908141095187
robustness_alt_test,uptake(mmol/g) CO2 at 0.15 bar,47,10000,topology_only,hgb,topology_only | hgb,5,0.7963981841588679,0.7957159231417267,0.7970804451760091,0.0007783581697580825,0.5228332241191542,0.5208048944149255,0.524861553823383,0.0023140219895089083,0.3697579446212007,0.36867766825899123,0.3708382209834102,0.0012324343777482458,0.6468154888813432,0.6450079437379108,0.6486230340247756,0.0020621397005685794,0.19901403109594235,0.19841941600303376,0.19960864618885094,0.0006783672286688715,3.9809598506939188,3.969065519432699,3.9928541819551384,0.01356965981989174,0.0,0.0,0.0,0.0,0.0,0.0,0.0,0.0,0.0,0.0,0.0,0.0,0.0,0.0,0.0,0.0,0.008,0.005520774314427991,0.01047922568557201,0.00282842712474619,1.6879680000000001,1.1648612972470485,2.211074702752952,0.5967868096129473,0.0316,0.024765246456528226,0.03843475354347178,0.007797435475847172,3.3337368000000005,2.612683970670815,4.054789629329186,0.8226138478309251
robustness_alt_test,uptake(mmol/g) CO2 at 0.15 bar,47,20000,geometry_plus_topology,rf,geometry_plus_topology | rf,5,0.524211680797891,0.5232966834206592,0.5251266781751229,0.0010438756809818628,0.29775844928844786,0.2971560589913833,0.2983608395855124,0.0006872375781748144,0.726937984654046,0.7259853181177501,0.7278906511903419,0.0010868505791056082,0.8876232757531964,0.8867202103365174,0.8885263411698755,0.001030263091746667,0.5746681835419036,0.5706270969511757,0.5787092701326315,0.00461027771419921,11.495324995696578,11.414489471777614,11.576160519615541,0.09222128902021001,0.184,0.16933270304384615,0.19866729695615384,0.016733200530681516,194.11632,178.6426150571968,209.5900249428032,17.65319189585839,0.17400000000000002,0.14586870781496167,0.20213129218503836,0.03209361307176243,91.78326000000001,76.94428468531413,106.6222353146859,16.929059959223963,0.28080000000000005,0.25227274033490077,0.30932725966509933,0.03254535297089279,59.24767680000001,53.228539119702724,65.2668144802973,6.866939295446494,0.3356,0.32177400940257805,0.34942599059742196,0.015773395322504276,35.405128800000014,33.94651444395319,36.86374315604684,1.6640616597335576
robustness_alt_test,uptake(mmol/g) CO2 at 0.15 bar,47,20000,geometry_plus_topology,hgb,geometry_plus_topology | hgb,5,0.5314043918551102,0.5265214134794964,0.536287370230724,0.0055707508063948955,0.3059780704333975,0.3022052738145719,0.30975086705222304,0.0043041988290690334,0.7193694263087425,0.7142233774755239,0.724515475141961,0.005870875003372568,0.8786970269924635,0.8753911021927567,0.8820029517921704,0.003771567643187115,0.5729996207811908,0.5655743685285599,0.5804248730338217,0.008471106523962334,11.461948045728871,11.313417658518393,11.610478432939349,0.1694510421056086,0.13999999999999999,0.08596652889180631,0.19403347110819366,0.061644140029689765,147.6972,90.69296865027785,204.70143134972216,65.03333484852212,0.16999999999999998,0.13439483183581347,0.2056051681641865,0.040620192023179805,89.67330000000001,70.89192984507328,108.45467015492675,21.42674509030711,0.268,0.2415291133507017,0.2944708866492983,0.03019933774108299,56.546928,50.96167680054465,62.13217919945535,6.3719394660175475,0.3284,0.31807319914010157,0.3387268008598985,0.0117813411800185,34.645543200000006,33.55608636288244,35.73500003711757,1.2429079318095912
robustness_alt_test,uptake(mmol/g) CO2 at 0.15 bar,47,20000,geometry_plus_topology,mlp,geometry_plus_topology | mlp,5,0.553947948791421,0.5511471119865122,0.5567487855963297,0.0031953374947241244,0.3203923278904922,0.31693405794488166,0.32385059783610276,0.003945370756596797,0.6950729143774407,0.6919930083942543,0.6981528203606271,0.0035137138483230974,0.877635778496461,0.8758341858422927,0.8794373711506294,0.002055348797186018,0.5406143344709898,0.5370761872944396,0.54415248164754,0.004036498776104695,10.814131789537445,10.743356770418808,10.884906808656082,0.0807437519684286,0.04,0.027603871572139956,0.052396128427860046,0.01414213562373095,42.1992,29.121532431176206,55.27686756882379,14.91967024032368,0.07,0.05040000000000001,0.08960000000000001,0.022360679774997897,36.924299999999995,26.585495999999996,47.263104,11.79503497451364,0.1816,0.15370457930053755,0.20949542069946248,0.03182451884946573,38.31687360000001,32.431051414096224,44.20269578590379,6.714846179161873,0.2504,0.2307451966176204,0.2700548033823796,0.022423202269078346,26.416699200000004,24.343156752765722,28.490241647234285,2.3656029929832285
robustness_alt_test,uptake(mmol/g) CO2 at 0.15 bar,47,20000,enriched_interpretable,rf,enriched_interpretable | rf,5,0.5633350015069519,0.5612882937693373,0.5653817092445665,0.002334988587439336,0.3278738174231866,0.3270786412920205,0.3286689935543527,0.0009071774915166822,0.684654987452439,0.6823625016027951,0.686947473302083,0.002615384794520432,0.8690408027734648,0.8682052079866507,0.869876397560279,0.0009532891555923266,0.5482745544178991,0.5437509832161975,0.5527981256196006,0.005160720769421017,10.96736233257101,10.876875469727416,11.057849195414605,0.10323202876988553,0.21599999999999997,0.1871940006248698,0.24480599937513015,0.03286335345030996,227.87568000000002,197.48592677922517,258.26543322077487,34.670180623008015,0.196,0.162853392330436,0.22914660766956402,0.03781534080237807,103.38804,85.90353592038169,120.87254407961832,19.947214119846414,0.292,0.283777338630346,0.300222661369654,0.009380831519646844,61.610832,59.875883341648496,63.34578065835151,1.979317927319403,0.326,0.3127066332330745,0.3392933667669255,0.015165750888103097,34.392348,32.98992439282289,35.794771607177104,1.5999563871931008
robustness_alt_test,uptake(mmol/g) CO2 at 0.15 bar,47,20000,enriched_interpretable,hgb,enriched_interpretable | hgb,5,0.5694600920034671,0.5668285933684916,0.5720915906384427,0.003002147872705713,0.33475464479557837,0.332057324565597,0.33745196502555974,0.0030772405057773776,0.67775753593053,0.6747808600737206,0.6807342117873394,0.003395943654493969,0.85959772936487,0.8575372425683474,0.8616582161613926,0.0023507084406965985,0.5475161167993933,0.5448424143142006,0.550189819284586,0.003050296177806664,10.952190991676598,10.89870781670829,11.005674166644907,0.06101633412329258,0.148,0.0974943329912375,0.1985056670087625,0.057619441163551735,156.13704,102.85457141909578,209.41950858090425,60.7873580387238,0.13999999999999999,0.09750821255818955,0.18249178744181044,0.04847679857416329,73.8486,51.43460704231941,96.2625929576806,25.57102647988539,0.2472,0.225248,0.269152,0.025043961347997634,52.158211200000004,47.526427008000006,56.789995392,5.284175668582108,0.3024,0.2904842316236006,0.3143157683763994,0.013594116374373156,31.902595199999997,30.645505467826613,33.159684932173384,1.4341520892636195
robustness_alt_test,uptake(mmol/g) CO2 at 0.15 bar,47,20000,geometry_only,rf,geometry_only | rf,5,0.5852759524405049,0.5844496439178694,0.5861022609631404,0.0009426949117349828,0.34137611186500144,0.3405808102965473,0.3421714134334556,0.0009073205967733134,0.659616274144587,0.6586548402303631,0.6605777080588109,0.001096852851060301,0.862300672132178,0.8614987800732753,0.8631025641910807,0.0009148393644508168,0.5106560485400076,0.5085855410676313,0.5127265560123838,0.0023621405388543487,10.214863824208138,10.173446608182209,10.256281040234066,0.04725087269018897,0.192,0.14799810913153846,0.23600189086846154,0.050199601592044535,202.55616,156.13504517159043,248.97727482840958,52.959575687575146,0.166,0.13464,0.19736,0.03577708763999663,87.56334,71.0212536,104.1054264,18.87205595922182,0.2448,0.22773111181125144,0.26186888818874854,0.019473058311420943,51.65182080000001,48.05035366772682,55.2532879322732,4.108737411476575,0.28400000000000003,0.2758713149894956,0.2921286850105045,0.009273618495495685,29.961432000000002,29.103871988761803,30.8189920112382,0.9783482040378048
robustness_alt_test,uptake(mmol/g) CO2 at 0.15 bar,47,20000,geometry_only,hgb,geometry_only | hgb,5,0.5985128851690138,0.5956917354419337,0.6013340348960939,0.0032185115124776075,0.35362562159444855,0.3508599471677218,0.3563912960211753,0.0031552224600988913,0.6440380462460851,0.6406745523319998,0.6474015401601704,0.0038372454254089437,0.8507696606872773,0.8481915853525032,0.8533477360220515,0.002941199846770655,0.5065604854000758,0.5039601063980514,0.5091608644021002,0.002966645008055864,10.132938583378309,10.080922128324163,10.184955038432454,0.05934302522940414,0.10400000000000001,0.04940071795343826,0.15859928204656176,0.06228964600958975,109.71792,52.116769426518296,167.31907057348172,65.714330747197,0.138,0.11367703965385793,0.16232296034614208,0.027748873851023214,72.79362,59.963501647013516,85.62373835298649,14.637253467676237,0.21679999999999996,0.19659773319649498,0.23700226680350495,0.02304777646542069,45.7439328,41.481335313527666,50.00653028647234,4.862988643097904,0.262,0.25140874322849266,0.27259125677150736,0.01208304597359456,27.640476,26.52311959311952,28.75783240688048,1.274737184122279
robustness_alt_test,uptake(mmol/g) CO2 at 0.15 bar,47,20000,enriched_interpretable,mlp,enriched_interpretable | mlp,5,0.6114747044470932,0.6051701903819342,0.6177792185122521,0.0071925112320402945,0.3592433425620071,0.35414403482284307,0.3643426503011711,0.0058175503790619575,0.6284206376822377,0.6207408007613794,0.6361004746030959,0.00876154969956725,0.8546449283940424,0.8513300509872518,0.857959805800833,0.0037817812340112064,0.4906332954114524,0.4806380562369153,0.5006285345859894,0.011403078696751955,9.814340424595638,9.614401527660615,10.014279321530662,0.2281004922923661,0.052000000000000005,0.042398000208289946,0.06160199979171006,0.010954451150103319,54.85896,44.729042259741725,64.98887774025829,11.556726874336006,0.064,0.049332703043846154,0.07866729695615385,0.016733200530681513,33.75936,26.022507528598407,41.49621247140159,8.82659594792919,0.1216,0.10580283772318586,0.13739716227681414,0.0180222085217101,25.657113600000002,22.323975548241325,28.99025165175868,3.802613909246744,0.2056,0.18458499735902945,0.22661500264097056,0.023974986965585608,21.6903888,19.47334805138289,23.907429548617113,2.529313174895351
robustness_alt_test,uptake(mmol/g) CO2 at 0.15 bar,47,20000,geometry_only,mlp,geometry_only | mlp,5,0.6205644709308002,0.6179079315755813,0.6232210102860192,0.003030715603659697,0.367591018667902,0.3635632085331714,0.3716188288026326,0.00459513125597969,0.6173262896905697,0.6140541505898213,0.6205984287913181,0.003733023194443101,0.8525230228071818,0.8513600632146415,0.8536859823997222,0.0013267636244926114,0.47227910504361015,0.46479604478441855,0.47976216530280175,0.008537056846571233,9.447193974950851,9.29750723031221,9.596880719589493,0.17077027364421182,0.04,0.027603871572139956,0.052396128427860046,0.01414213562373095,42.1992,29.121532431176206,55.27686756882379,14.91967024032368,0.064,0.05400592175335814,0.07399407824664186,0.011401754250991382,33.75936,28.487583665678887,39.03113633432111,6.014311349855443,0.12079999999999999,0.109331068750751,0.132268931249249,0.0130843417870369,25.4883168,23.06841818213346,27.90821541786654,2.7607437796976386,0.198,0.18307308471250675,0.21292691528749327,0.017029386365926404,20.888604,19.313844291000038,22.463363708999964,1.7965662028325045
robustness_alt_test,uptake(mmol/g) CO2 at 0.15 bar,47,20000,geometry_plus_topology,ridge,geometry_plus_topology | ridge,5,0.6432714565142018,0.6425353028463975,0.6440076101820061,0.0008398416546409093,0.38885376271632593,0.38771465698195867,0.3899928684506932,0.0012995499263291014,0.5888164988257822,0.587875023371534,0.5897579742800305,0.0010740832218604796,0.8340431059037063,0.8332376906888991,0.8348485211185136,0.0009188587604191529,0.4135760333712552,0.41070120621711076,0.41645086052539965,0.0032797494593006606,8.272932189723301,8.21542583494364,8.330438544502963,0.0656061828701749,0.024,0.01616,0.03184,0.008944271909999158,25.31952,17.048476800000003,33.5905632,9.436027979610913,0.014000000000000002,0.009199000104144973,0.01880099989585503,0.005477225575051661,7.384859999999999,4.85238056493543,9.917339435064568,2.8891817185840005,0.04959999999999999,0.04045706742888256,0.05874293257111742,0.010430723848324237,10.4654016,8.536279399224506,12.394523800775493,2.2008410091010204,0.07,0.06405502565186359,0.07594497434813642,0.006782329983125267,7.384860000000001,6.757677096220306,8.012042903779696,0.7155222485597493
robustness_alt_test,uptake(mmol/g) CO2 at 0.15 bar,47,20000,enriched_interpretable,ridge,enriched_interpretable | ridge,5,0.7069606232584558,0.7065710166938484,0.7073502298230632,0.00044448304231751144,0.43947689466143114,0.43838548683592604,0.44056830248693624,0.0012451337188799066,0.503365240334657,0.5028177849930219,0.5039126956762922,0.0006245649788476806,0.8039202911231123,0.8029715947550741,0.8048689874911504,0.0010823212086431043,0.29116420174440655,0.2846956271315605,0.2976327763572526,0.007379679873394497,5.824277769365073,5.694884200061692,5.953671338668455,0.14761878408861837,0.008,-0.0016019997917100567,0.01760199979171006,0.010954451150103323,8.43984,-1.6900777402582747,18.569757740258275,11.556726874336002,0.01,0.01,0.01,0.0,5.2749,5.2749,5.2749,0.0,0.0312,0.02826654060876923,0.03413345939123077,0.0033466401061363004,6.583075200000001,5.964127002287873,7.202023397712128,0.706127675834335,0.0632,0.05879981091315385,0.06760018908684616,0.005019960159204456,6.667473600000001,6.203262451715905,7.131684748284097,0.5295957568757517
robustness_alt_test,uptake(mmol/g) CO2 at 0.15 bar,47,20000,geometry_only,ridge,geometry_only | ridge,5,0.750679922613477,0.7505184885267399,0.7508413567002142,0.00018417224072951764,0.4958978344738412,0.495288286838199,0.4965073821094835,0.0006954030351123951,0.4400411052040523,0.43980027087394896,0.4402819395341557,0.0002747560884830419,0.7894962515676454,0.7885691749076119,0.7904233282276788,0.0010576563429531402,0.181418278346606,0.17944336387554424,0.18339319281766778,0.0022530831668582355,3.6289847419435417,3.5894797121998794,3.668489771687204,0.04506935304080592,0.0,0.0,0.0,0.0,0.0,0.0,0.0,0.0,0.0,0.0,0.0,0.0,0.0,0.0,0.0,0.0,0.0,0.0,0.0,0.0,0.0,0.0,0.0,0.0,0.0076,0.006816,0.008383999999999999,0.0008944271909999159,0.8017848000000001,0.7190743680000001,0.884495232,0.0943602797961091
robustness_alt_test,uptake(mmol/g) CO2 at 0.15 bar,47,20000,topology_only,ridge,topology_only | ridge,5,0.7916695177534043,0.7913091004080444,0.7920299350987643,0.0004111824920892171,0.5193368820899501,0.5173798793927428,0.5212938847871574,0.002232648501584655,0.37722027414786297,0.37665309730057717,0.37778745099514877,0.0006470642784668819,0.6541262032035841,0.6534353181012719,0.6548170883058962,0.0007881969660264957,0.20508153204398938,0.20096728541432352,0.20919577867365524,0.004693742418434832,4.102330577849221,4.020031603458533,4.184629552239909,0.09389086796739451,0.012,0.0023980002082899434,0.021601999791710055,0.010954451150103323,12.65976,2.5298422597417254,22.789677740258277,11.556726874336002,0.038,0.03408,0.04192,0.00447213595499958,20.044620000000002,17.976859200000003,22.1123808,2.3590069949027277,0.04,0.031777338630346014,0.04822266136965399,0.009380831519646858,8.439840000000002,6.704891341648489,10.174788658351515,1.979317927319409,0.046,0.03759253664890533,0.05440746335109467,0.00959166304662544,4.852908000000001,3.9659374313862155,5.739878568613786,1.011901268092891
robustness_alt_test,uptake(mmol/g) CO2 at 0.15 bar,47,20000,topology_only,rf,topology_only | rf,5,0.7922183892719352,0.7917767065421654,0.7926600720017051,0.0005038941878841788,0.5198393575823756,0.5178229611522122,0.5218557540125391,0.0023004079017518338,0.3763563500894856,0.37566068373062167,0.3770520164483495,0.0007936516673874988,0.6541553992485134,0.6524853215602875,0.6558254769367393,0.0019053098156014956,0.20075843761850587,0.19816657051821318,0.20335030471879856,0.0029569341963773936,4.015853934751068,3.9640077467824155,4.067700122719722,0.0591487758531327,0.016,0.008160000000000002,0.02384,0.008944271909999158,16.87968,8.608636800000001,25.1507232,9.436027979610913,0.036000000000000004,0.031199000104144975,0.040800999895855034,0.005477225575051662,18.98964,16.457160564935432,21.52211943506457,2.889181718584,0.0448,0.03182249083991847,0.05777750916008153,0.014805404418657398,9.452620800000002,6.714418277259439,12.190823322740565,3.123881110719037,0.048400000000000006,0.041235938582061156,0.055564061417938855,0.008173126696681021,5.1061032,4.350309048530287,5.861897351469713,0.8622485202464544
robustness_alt_test,uptake(mmol/g) CO2 at 0.15 bar,47,20000,topology_only,mlp,topology_only | mlp,5,0.7923665570974815,0.7914955041176048,0.7932376100773582,0.0009937416709224984,0.5216566240465179,0.5144355065261016,0.5288777415669342,0.008238219208758009,0.3761224662527341,0.37474970080587006,0.37749523169959814,0.0015661208450769815,0.6538439514559748,0.6530771116952121,0.6546107912167376,0.000874849914752585,0.20075843761850592,0.1975134922481784,0.20400338298883344,0.0037019991996559056,4.0158539347510676,3.950943952445642,4.080763917056493,0.07405261880267341,0.008,-0.0016019997917100567,0.01760199979171006,0.010954451150103323,8.43984,-1.6900777402582747,18.569757740258275,11.556726874336002,0.024,0.008076884726913518,0.03992311527308648,0.01816590212458495,12.65976,4.260475924599614,21.059044075400386,9.582331711697314,0.0288,0.010682983026999174,0.046917016973000825,0.0206688170924221,6.076684800000001,2.2540666867647188,9.899302913235282,4.361037731232694,0.0372,0.027159901195705292,0.0472400988042947,0.011454256850621083,3.9245256000000004,2.865315256344517,4.983735943655484,1.2084011892268232
robustness_alt_test,uptake(mmol/g) CO2 at 0.15 bar,47,20000,topology_only,hgb,topology_only | hgb,5,0.7944659080925067,0.7932293136537919,0.7957025025312215,0.0014107700130431373,0.5214681795867424,0.5188585988246652,0.5240777603488196,0.0029771428452961064,0.37281140491621206,0.37086027020879975,0.3747625396236244,0.0022259539995067093,0.6508393039264326,0.6491754776663899,0.6525031301864753,0.0018981778674513996,0.20212362533181646,0.19893535709097662,0.2053118935726563,0.0036373390392967246,4.04316234836101,3.97938610208264,4.10693859463938,0.07275919491234839,0.012,-0.0036799999999999992,0.02768,0.01788854381999832,12.65976,-3.8823263999999984,29.2018464,18.872055959221825,0.01,-0.002396128427860047,0.022396128427860047,0.01414213562373095,5.2749,-1.263933784411897,11.813733784411896,7.45983512016184,0.015200000000000002,0.0037310687507510123,0.02666893124924899,0.0130843417870369,3.2071392000000003,0.7872405821334603,5.62703781786654,2.760743779697638,0.0316,0.023623979939844688,0.039576020060155315,0.00909945053286186,3.3337368000000005,2.4922826356937353,4.175190964306266,0.9599738323158606
robustness_alt_test,uptake(mmol/g) CO2 at 0.15 bar,47,40000,geometry_plus_topology,rf,geometry_plus_topology | rf,5,0.5015257023102271,0.49955808063150076,0.5034933239889534,0.002244763177364447,0.28436929103239506,0.2835411975278862,0.2851973845369039,0.0009447313101060531,0.7500576346791796,0.7480925918880942,0.7520226774702651,0.002241821050797493,0.8959141183574328,0.8953398577061011,0.8964883790087645,0.0006551458434596573,0.5985589685248388,0.5944500964848347,0.6026678405648429,0.004687610812396655,11.973222233870581,11.891030769616437,12.055413698124726,0.09376821491964783,0.252,0.20628533714441286,0.2977146628555871,0.05215361924162119,265.85496,217.62690498061266,314.08301501938735,55.02102522752551,0.236,0.20061127863287512,0.2713887213671249,0.04037325847637271,124.48764000000001,105.82044336605531,143.1548366339447,21.29649011370184,0.35440000000000005,0.32820923643724764,0.38059076356275245,0.029879759035172954,74.77698240000001,69.2508360513135,80.30312874868652,6.304509637385355,0.3776,0.3742278884953193,0.3809721115046807,0.0038470768123342724,39.8360448,39.4802937804792,40.191795819520806,0.40585890954764103
robustness_alt_test,uptake(mmol/g) CO2 at 0.15 bar,47,40000,geometry_plus_topology,hgb,geometry_plus_topology | hgb,5,0.5139343736291778,0.5118611001788117,0.5160076470795439,0.0023652961076347403,0.29734407475537084,0.2969065550314653,0.2977815944792764,0.0004991448184437694,0.7375363185290753,0.7354176597626854,0.7396549772954653,0.002417073991211108,0.8843475183537416,0.8839132793213825,0.8847817573861007,0.000495402038183015,0.5950701554797118,0.5916852206034127,0.5984550903560109,0.003861706368783029,11.903434065756283,11.83572381555154,11.971144315961025,0.07724730726087804,0.21200000000000002,0.1697803079120655,0.25421969208793455,0.04816637831516918,223.65576000000001,179.11482924107088,268.19669075892915,50.81456579493719,0.22799999999999998,0.20801184350671625,0.2479881564932837,0.022803508501982758,120.26772000000001,109.72416733135779,130.81127266864223,12.028622699710887,0.3088,0.29788014359068765,0.3197198564093124,0.012457929201917961,65.15556480000001,62.85151877706074,67.45961082293928,2.6285732298878806,0.35919999999999996,0.34779825697535677,0.37060174302464316,0.01300769003320727,37.894881600000005,36.6920205143862,39.09774268561381,1.3722852831233003
robustness_alt_test,uptake(mmol/g) CO2 at 0.15 bar,47,40000,geometry_plus_topology,mlp,geometry_plus_topology | mlp,5,0.5384265751964865,0.5358483079838613,0.5410048424091117,0.002941418750810635,0.3095508100390112,0.3064430127672861,0.3126586073107363,0.0035455336529927285,0.7119221487172681,0.7091622203532317,0.7146820770813045,0.003148667058681199,0.8841325027090445,0.8829729836621708,0.8852920217559183,0.0013228384744976677,0.5541903678422451,0.5493130287077157,0.5590677069767744,0.005564317272514133,11.085698791547433,10.988135362648194,11.183262220446672,0.1113053362942163,0.052000000000000005,0.042398000208289946,0.06160199979171006,0.010954451150103319,54.85896,44.729042259741725,64.98887774025829,11.556726874336006,0.11200000000000002,0.08470035897671914,0.13929964102328088,0.031144823004794875,59.078880000000005,44.67859235662958,73.47916764337043,16.42858268679925,0.1928,0.18759953232872273,0.19800046767127727,0.005932958789676536,40.68002880000001,39.58275092323119,41.77730667676883,1.2518305727865902,0.2776,0.2593225402202604,0.2958774597797396,0.020851858430365376,29.286244800000002,27.358009348157033,31.21448025184297,2.1998293606866866
robustness_alt_test,uptake(mmol/g) CO2 at 0.15 bar,47,40000,enriched_interpretable,rf,enriched_interpretable | rf,5,0.544738408195587,0.5422319009693112,0.5472449154218629,0.0028595512979832658,0.31506089869037657,0.313550754306917,0.31657104307383616,0.0017228497434974958,0.7051289784214377,0.7024135461780582,0.7078444106648173,0.0030979036145364577,0.8773571140557263,0.8765869617370715,0.878127266374381,0.0008786290497657935,0.5687523701175579,0.5636168179061898,0.5738879223289259,0.005858899921744134,11.376988536720159,11.274259965010847,11.47971710842947,0.1171979946803492,0.248,0.18170678466087198,0.314293215339128,0.07563068160475614,261.63504,191.69702368152673,331.5730563184733,79.78885647938564,0.236,0.20856,0.26344,0.031304951684997064,124.48764000000001,110.01331440000001,138.9619656,16.513048964319097,0.31920000000000004,0.2975298088610184,0.3408701911389817,0.024722459424579898,67.3499232,62.77759955043943,71.92224684956058,5.216340048748658,0.3428,0.32794532046794683,0.35765467953205315,0.016946976131451876,36.1647144,34.59757541872745,37.73185338127255,1.7878720879159111
robustness_alt_test,uptake(mmol/g) CO2 at 0.15 bar,47,40000,enriched_interpretable,hgb,enriched_interpretable | hgb,5,0.5563658691629695,0.5549787388931745,0.5577529994327645,0.0015825089678108454,0.3277477436730222,0.32716507762354863,0.3283304097224957,0.0006647351504102842,0.6924113568272341,0.6908776265686117,0.6939450870858564,0.001749757712973403,0.8632314447436279,0.862018234942556,0.8644446545446998,0.0013840916255947152,0.5673113386423967,0.5636098895393162,0.5710127877454771,0.004222801943746659,11.348162989020775,11.274121374027073,11.422204604014476,0.08447045116825662,0.16799999999999998,0.12578030791206546,0.2102196920879345,0.048166378315169185,177.23664,132.69570924107086,221.77757075892913,50.81456579493718,0.194,0.17031722989175466,0.21768277010824535,0.027018512172212586,102.33306,89.84063559560167,114.82548440439834,14.251994985720415,0.2816,0.2731560615824131,0.2900439384175869,0.009633275663033816,59.4164736,57.63483636964284,61.198110830357166,2.0325826317974833,0.324,0.30933270304384614,0.3386672969561539,0.016733200530681527,34.181352000000004,32.63398150571968,35.728722494280326,1.76531918958584
robustness_alt_test,uptake(mmol/g) CO2 at 0.15 bar,47,40000,geometry_only,rf,geometry_only | rf,5,0.5699716451719636,0.5682194591764511,0.5717238311674762,0.00199898316081078,0.331194683351001,0.33009018767606363,0.33229917902593836,0.0012600650051094214,0.6771823280475617,0.6751980381714362,0.6791666179236873,0.002263779107184321,0.8692466807020495,0.8683349852844917,0.8701583761196072,0.0010401086369562728,0.5268107698141828,0.5238154792800884,0.5298060603482773,0.003417180227855537,10.53801338525913,10.478097351742655,10.597929418775607,0.06835526728826373,0.21599999999999997,0.18999766164361365,0.2420023383563863,0.02966479394838266,227.87568000000002,200.44373308077957,255.30762691922047,31.29576431966473,0.20600000000000002,0.16368941503595114,0.2483105849640489,0.04827007354458869,108.66294,86.34452953731386,130.98135046268615,25.461981094035085,0.3048,0.29507081586154316,0.3145291841384569,0.011099549540409297,64.3115808,62.25876186352216,66.36439973647784,2.341960554828202,0.3124,0.3022988665982475,0.3225011334017525,0.011523888232710357,32.9575752,31.891925828381915,34.02322457161809,1.2157471607744759
robustness_alt_test,uptake(mmol/g) CO2 at 0.15 bar,47,40000,geometry_only,hgb,geometry_only | hgb,5,0.5866596413102383,0.5853498514543086,0.587969431166168,0.0014942750786215717,0.34601466077649423,0.34508644867175386,0.3469428728812346,0.0010589517161926354,0.6580038599175884,0.6564758930078721,0.6595318268273046,0.001743182590559099,0.8566386000578362,0.8558550893219922,0.8574221107936802,0.0008938690134939379,0.518847174819871,0.5134698929684542,0.5242244566712877,0.006134677425481465,10.378714305867796,10.271150316341675,10.486278295393916,0.12271448597524517,0.14400000000000002,0.1179976616436137,0.17000233835638634,0.02966479394838265,151.91712,124.48517308077956,179.34906691922046,31.295764319664727,0.168,0.15359700031243492,0.1824029996875651,0.016431676725154984,88.61832,81.02088169480629,96.2157583051937,8.667545155752006,0.244,0.21871675970133575,0.26928324029866424,0.028844410203711923,51.483024,46.14836142994304,56.81768657005696,6.0860551753424,0.28600000000000003,0.2804562828354975,0.29154371716450256,0.006324555320336747,30.172428000000004,29.587576926579317,30.75727907342069,0.6672279371848865
robustness_alt_test,uptake(mmol/g) CO2 at 0.15 bar,47,40000,enriched_interpretable,mlp,enriched_interpretable | mlp,5,0.6004930837285043,0.5957934907200771,0.6051926767369314,0.005361535425217281,0.35327289795493194,0.35185388353022556,0.3546919123796383,0.0016188840381103227,0.641664165034993,0.6360767935643438,0.6472515365056423,0.006374358379548312,0.8595597195355144,0.8562029967401039,0.8629164423309248,0.0038295205878371265,0.5029958285930982,0.4976123860195716,0.5083792711666248,0.006141705891516289,10.061633281174569,9.953946056179895,10.169320506169242,0.12285507928388043,0.055999999999999994,0.04133270304384615,0.07066729695615384,0.01673320053068151,59.078880000000005,43.60517505719682,74.5525849428032,17.65319189585838,0.07200000000000001,0.05632000000000001,0.08768000000000001,0.017888543819998316,37.979279999999996,29.708236799999995,46.2503232,9.436027979610913,0.1272,0.10496976329410775,0.14943023670589228,0.02536138797463577,26.838691200000007,22.148200176003563,31.52918222399645,5.351151417096249,0.2152,0.2014185376683024,0.2289814623316976,0.01572259520562684,22.703169600000003,21.249252886930567,24.15708631306944,1.6587023490032209
robustness_alt_test,uptake(mmol/g) CO2 at 0.15 bar,47,40000,geometry_only,mlp,geometry_only | mlp,5,0.6025345555320631,0.5994360058073164,0.6056331052568099,0.0035349835796923985,0.3555594622858662,0.3535128634899793,0.35760606108175313,0.0023348643011593517,0.639236657547577,0.6355242613279694,0.6429490537671846,0.004235290972681554,0.8564218072996509,0.8539293797000477,0.8589142348992541,0.0028434885416884345,0.4924535456958665,0.4879044001901745,0.49700269120155854,0.005189897239931151,9.85075164274223,9.759753206534512,9.941750078949948,0.10381565775848667,0.052000000000000005,0.042398000208289946,0.06160199979171006,0.010954451150103319,54.85896,44.729042259741725,64.98887774025829,11.556726874336006,0.066,0.051332703043846156,0.08066729695615385,0.01673320053068151,34.81434,27.077487528598407,42.55119247140159,8.82659594792919,0.1496,0.13460119684774816,0.16459880315225187,0.01711139970896595,31.5650016,28.400314130087466,34.72968906991253,3.610436892992981,0.22920000000000001,0.22130141886159294,0.2370985811384071,0.009011104260855047,24.180141600000006,23.346857087060336,25.013426112939676,0.9506534773116859
robustness_alt_test,uptake(mmol/g) CO2 at 0.15 bar,47,40000,geometry_plus_topology,ridge,geometry_plus_topology | ridge,5,0.6425065313734404,0.6423030754002905,0.6427099873465902,0.0002321129522405399,0.38949278299978296,0.38879486773480965,0.3901906982647563,0.0007962173341913727,0.5897943246833213,0.5895345676843259,0.5900540816823167,0.00029634403438016666,0.8334926631273539,0.8327464359070675,0.8342388903476403,0.0008513340771536097,0.4175957527493364,0.41448288452642484,0.420708620972248,0.0035513188527700177,8.353340296463688,8.29107230788183,8.415608285045547,0.07103849759756023,0.02,0.02,0.02,0.0,21.0996,21.0996,21.0996,0.0,0.013999999999999999,0.00919900010414497,0.018800999895855028,0.005477225575051661,7.384860000000001,4.852380564935432,9.91733943506457,2.8891817185840005,0.0512,0.04445577699063858,0.057944223009361424,0.007694153624668539,10.802995200000002,9.37999112191678,12.225999278083224,1.6234356381905628,0.0732,0.06935920008331597,0.07704079991668403,0.004381780460041328,7.7224536,7.317256890389669,8.127650309610331,0.4622690749734399
robustness_alt_test,uptake(mmol/g) CO2 at 0.15 bar,47,40000,enriched_interpretable,ridge,enriched_interpretable | ridge,5,0.7068734830127783,0.7066583775569918,0.7070885884685648,0.00024540327626006815,0.44037343979183347,0.43957058623148876,0.4411762933521782,0.0009159362943410818,0.5034877727233265,0.5031856417455739,0.503789903701079,0.00034468643079758947,0.8029069547431635,0.8016044185982014,0.8042094908881257,0.0014859996751458626,0.2891922639362912,0.2856385369962459,0.2927459908763365,0.004054272965006925,5.7848322830396,5.713745615477807,5.855918950601394,0.08109929640923416,0.0,0.0,0.0,0.0,0.0,0.0,0.0,0.0,0.01,0.01,0.01,0.0,5.2749,5.2749,5.2749,0.0,0.0288,0.027232,0.030368,0.0017888543819998316,6.076684800000001,5.745843072,6.407526528000001,0.3774411191844364,0.0616,0.05931426685722064,0.06388573314277936,0.0026076809620810618,6.498676800000001,6.257536524903064,6.739817075096938,0.275105126137628
robustness_alt_test,uptake(mmol/g) CO2 at 0.15 bar,47,40000,geometry_only,ridge,geometry_only | ridge,5,0.7507571684839636,0.750558948068997,0.7509553888989301,0.00022613996040474194,0.49655912201872815,0.49579613340325907,0.49732211063419723,0.0008704563317588226,0.43992584469870355,0.43963005628590124,0.44022163311150586,0.0003374505091748942,0.7889283810620707,0.7883448885712061,0.7895118735529354,0.0006656779969051376,0.18210087220326127,0.18048266133970906,0.18371908306681348,0.001846137496342527,3.6426389487485134,3.610269208573498,3.6750086889235285,0.0369290507374184,0.0,0.0,0.0,0.0,0.0,0.0,0.0,0.0,0.0,0.0,0.0,0.0,0.0,0.0,0.0,0.0,0.0,0.0,0.0,0.0,0.0,0.0,0.0,0.0,0.009200000000000002,0.008239800020828997,0.010160199979171006,0.0010954451150103322,0.9705815999999998,0.8692824225974171,1.0718807774025825,0.11556726874336
robustness_alt_test,uptake(mmol/g) CO2 at 0.15 bar,47,40000,topology_only,ridge,topology_only | ridge,5,0.7908922629584794,0.7907596955977039,0.7910248303192549,0.00015123960729176674,0.5194948284570591,0.5182707928825357,0.5207188640315824,0.0013964422201592486,0.3784426700944783,0.3782343001196732,0.3786510400692834,0.00023771909598679388,0.6532446420979854,0.6505731840976853,0.6559161000982855,0.0030477355549524323,0.20530906332954119,0.2022211412186145,0.20839698544046786,0.003522859055743214,4.106881980117545,4.045112998915697,4.1686509613193925,0.07046920452461104,0.02,0.02,0.02,0.0,21.0996,21.0996,21.0996,0.0,0.034,0.026160000000000003,0.04184,0.00894427190999916,17.93466,13.7991384,22.0701816,4.718013989805456,0.04239999999999999,0.036533081217538454,0.04826691878246153,0.006693280212272605,8.946230400000001,7.708334004575746,10.184126795424255,1.4122553516686707,0.044399999999999995,0.041263999999999995,0.047535999999999995,0.0035777087639996645,4.684111200000001,4.353269472000001,5.014952928000001,0.3774411191844366
robustness_alt_test,uptake(mmol/g) CO2 at 0.15 bar,47,40000,topology_only,rf,topology_only | rf,5,0.7915744831345967,0.7913340469376682,0.7918149193315251,0.00027430187784881427,0.5200371486337831,0.5186723378893784,0.5214019593781879,0.0015570457147506185,0.37736986079312523,0.3769915930294901,0.3777481285567604,0.00043154715978826406,0.6532998060744484,0.6507482131228984,0.6558513990259983,0.002910987393150509,0.2031854379977247,0.20155024649222603,0.20482062950322338,0.0018655098788394162,4.064402225613189,4.031692814644835,4.097111636581543,0.037316564504702394,0.016,0.00816,0.02384,0.00894427190999916,16.87968,8.608636800000003,25.150723199999998,9.43602797961091,0.036000000000000004,0.026005921753358145,0.04599407824664187,0.01140175425099138,18.98964,13.717863665678887,24.261416334321115,6.0143113498554435,0.043199999999999995,0.03799953232872273,0.04840046767127726,0.00593295878967653,9.1150272,8.017749323231183,10.212305076768818,1.2518305727865893,0.05399999999999999,0.04859665288918063,0.059403347110819356,0.006164414002968975,5.696892,5.126849686502778,6.266934313497222,0.650333348485221
robustness_alt_test,uptake(mmol/g) CO2 at 0.15 bar,47,40000,topology_only,mlp,topology_only | mlp,5,0.7916971369128548,0.791388379881348,0.7920058939443616,0.0003522457709082467,0.5187775858949154,0.5151396844723494,0.5224154873174814,0.004150303508316731,0.3771768550432856,0.3766909316081691,0.3776627784784021,0.0005543662412146544,0.65423099088438,0.653533174534664,0.654928807234096,0.0007961044866203155,0.20348881304512706,0.20164406823313297,0.20533355785712115,0.002104578979979006,4.070470761970954,4.033569569673693,4.107371954268215,0.042098762462993065,0.016,0.00816,0.02384,0.00894427190999916,16.87968,8.608636800000003,25.150723199999998,9.43602797961091,0.03,0.014817905282866925,0.045182094717133074,0.017320508075688773,15.824699999999998,7.816296857659475,23.83310314234052,9.13639480484507,0.0392,0.0236380443388371,0.054761955661162896,0.017753872816937716,8.271043200000003,4.987532803317276,11.55455359668273,3.745996148882591,0.046799999999999994,0.03418271407948603,0.05941728592051396,0.014394443372357265,4.937306400000001,3.606207969957618,6.268404830042384,1.518584986896947
robustness_alt_test,uptake(mmol/g) CO2 at 0.15 bar,47,40000,topology_only,hgb,topology_only | hgb,5,0.7917663281986782,0.7908858145576985,0.792646841839658,0.0010045348756870516,0.5205257229275182,0.5190064676286267,0.5220449782264097,0.00173324394056029,0.37706728207098933,0.3756806028514665,0.3784539612905122,0.0015819943866527805,0.6521514289675089,0.6494403612875567,0.6548624966474611,0.003092924297946863,0.20561243837694348,0.203598742079566,0.20762613467432098,0.0022973274525386316,4.11295051647531,4.0726697178441515,4.153231315106469,0.04595438975880179,0.016,0.00816,0.02384,0.00894427190999916,16.87968,8.608636800000003,25.150723199999998,9.43602797961091,0.028000000000000004,0.018398000208289945,0.03760199979171006,0.010954451150103323,14.769719999999998,9.70476112987086,19.834678870129135,5.778363437168001,0.0352,0.02373106875075101,0.04666893124924899,0.0130843417870369,7.4270591999999995,5.0071605821334595,9.846957817866539,2.760743779697638,0.05,0.040318314196380885,0.05968168580361912,0.01104536101718726,5.274900000000001,4.253501511089791,6.29629848891021,1.1652634965912216
robustness_alt_test,uptake(mmol/g) CO2 at 0.15 bar,47,210995,geometry_plus_topology,rf,geometry_plus_topology | rf,5,0.4447082329519194,0.44441894717831876,0.44499751872552007,0.00033003196668093696,0.25373659095689644,0.25358301820744183,0.25389016370635104,0.0001752036261592082,0.8034843888217695,0.8032286336439021,0.803740143999637,0.0002917785527088269,0.911490771582336,0.9114116471510743,0.9115698960135978,9.026918723594974e-05,0.6576412590064467,0.656388680048887,0.6588938379640064,0.0014290059674946136,13.155069689545337,13.130013835380636,13.180125543710039,0.028584996503364817,0.4,0.38760387157214,0.41239612842786005,0.014142135623730944,421.992,408.91433243117626,435.0696675688238,14.919670240323665,0.38,0.37380193578606996,0.38619806421393005,0.007071067811865481,200.4462,197.17678310779405,203.71561689220596,3.729917560080921,0.4816,0.47573308121753843,0.4874669187824615,0.00669328021227261,101.61567360000001,100.37777720457575,102.85356999542427,1.4122553516686691,0.45680000000000004,0.45090694781967783,0.46269305218032225,0.0067230945255886505,48.19148640000001,47.56978118108038,48.81319161891964,0.7092730262605504
robustness_alt_test,uptake(mmol/g) CO2 at 0.15 bar,47,210995,geometry_plus_topology,hgb,geometry_plus_topology | hgb,5,0.4968274344164218,0.4962329716455419,0.4974218971873017,0.0006781934519287393,0.2911673689720509,0.2907463397151705,0.29158839822893134,0.0004803316525004384,0.7547221608280457,0.7541346980322978,0.7553096236237935,0.0006702075232368993,0.8878711842236386,0.88751723320194,0.8882251352453373,0.0004038053802161648,0.612135001896094,0.609400014849736,0.614869988942452,0.0031202127312437485,12.244789235880571,12.190080160526632,12.29949831123451,0.062414903815083925,0.276,0.2613327030438462,0.29066729695615384,0.016733200530681506,291.17448,275.70077505719684,306.6481849428032,17.65319189585837,0.28200000000000003,0.27057133428610325,0.2934286657138968,0.013038404810405281,148.75218,142.7236731225766,154.78068687742342,6.87762815344068,0.3912,0.384928,0.397472,0.007155417527999334,82.54163520000002,81.21826828800002,83.86500211200001,1.509764476737747,0.39959999999999996,0.3973142668572206,0.4018857331427793,0.0026076809620810618,42.157000800000006,41.91586052490307,42.398141075096945,0.27510512613762717
robustness_alt_test,uptake(mmol/g) CO2 at 0.15 bar,47,210995,geometry_plus_topology,mlp,geometry_plus_topology | mlp,5,0.4974852118909053,0.49444574948833225,0.5005246742934784,0.003467573748575582,0.2866563310201455,0.28422367231970397,0.289088989720587,0.0027753011327773316,0.7540630650833389,0.7510528486299778,0.7570732815367,0.0034342084779099996,0.8972832610895523,0.8961363429839792,0.8984301791951254,0.0013084626779014106,0.5918088737201366,0.5890921268798109,0.5945256205604622,0.0030994033737887514,11.838197299910306,11.783853090930275,11.892541508890336,0.0619986456442863,0.136,0.0632948309953137,0.20870516900468633,0.08294576541331088,143.47728,66.77478080343603,220.17977919656397,87.50612359573472,0.22000000000000003,0.18779391361869624,0.2522060863813038,0.036742346141747685,116.04780000000001,99.05941149472608,133.03618850527394,19.381220166310484,0.32080000000000003,0.291111337113302,0.35048866288669805,0.033870341008026474,67.6875168,61.42332768555826,73.95170591444173,7.146506471329556,0.36479999999999996,0.3491887507226359,0.380411249277364,0.017810109488714563,38.485670400000004,36.838714823736645,40.13262597626336,1.8789309308404094
robustness_alt_test,uptake(mmol/g) CO2 at 0.15 bar,47,210995,enriched_interpretable,rf,enriched_interpretable | rf,5,0.4976836583671595,0.49740729363681063,0.49796002309750836,0.00031529098145073733,0.28635429337483653,0.2862764372005863,0.28643214954908675,8.882229494469571e-05,0.7538763048966726,0.7536029508727646,0.7541496589205805,0.000311856213970039,0.8943592118583741,0.8943121580532871,0.894406265663461,5.368138100739672e-05,0.6157755024649223,0.6145010618403116,0.617049943089533,0.0014539468724065808,12.31761167217375,12.29211851005483,12.34310483429267,0.029083899724146538,0.34,0.34,0.34,0.0,358.69320000000005,358.69320000000005,358.69320000000005,0.0,0.33799999999999997,0.33066635152192303,0.3453336484780769,0.008366600265340743,178.29162000000002,174.42319376429924,182.1600462357008,4.413297973964587,0.3936,0.38960236870134324,0.3975976312986568,0.004560701700396556,83.0480256,82.20454138650862,83.89150981349138,0.9622898159768729,0.39640000000000003,0.3918622719341063,0.4009377280658938,0.005176871642217919,41.8194072,41.34068596450434,42.29812843549566,0.5461496045107063
robustness_alt_test,uptake(mmol/g) CO2 at 0.15 bar,47,210995,geometry_only,rf,geometry_only | rf,5,0.5338532479802923,0.533629201082645,0.5340772948779396,0.0002556041292282231,0.31030166199041237,0.31014961117941997,0.31045371280140477,0.00017346732112908406,0.7168018682683936,0.7165641261832464,0.7170396103535409,0.000271228297705013,0.8833019962626987,0.8832092531127732,0.8833947394126241,0.00010580611616361147,0.5642017444065225,0.563140144124388,0.565263344688657,0.0012111277529519265,11.285960491353682,11.264724862501838,11.307196120205527,0.024226688600857353,0.332,0.32239800020828996,0.3416019997917101,0.010954451150103331,350.25336,340.1234422597417,360.3832777402583,11.55672687433604,0.304,0.29616,0.31184,0.008944271909999166,160.35696,156.22143839999998,164.4924816,4.718013989805459,0.36239999999999994,0.3584023687013432,0.3663976312986567,0.004560701700396556,76.4649504,75.62146618650863,77.30843461349139,0.9622898159768735,0.36719999999999997,0.36454132664661487,0.36985867335338507,0.003033150177620623,38.738865600000004,38.45838087856458,39.019350321435425,0.3199912774386206
robustness_alt_test,uptake(mmol/g) CO2 at 0.15 bar,47,210995,enriched_interpretable,hgb,enriched_interpretable | hgb,5,0.5415786421000786,0.5412022236900534,0.5419550605101037,0.0004294373228564563,0.3213701586577219,0.3211685607697469,0.32157175654569686,0.00022999315389409463,0.7085461462580088,0.7081409182667416,0.708951374249276,0.0004623047626832418,0.8674750002981471,0.867216653217937,0.8677333473783572,0.0002947355271114877,0.5877891543420553,0.5857672444294939,0.5898110642546166,0.0023066979637081033,11.75778919316992,11.717344094202268,11.798234292137572,0.0461418319634579,0.23199999999999998,0.21201184350671626,0.2519881564932837,0.022803508501982758,244.75536000000002,223.66825466271558,265.84246533728447,24.057245399421774,0.248,0.24066635152192306,0.25533364847807694,0.008366600265340763,130.81752,126.9490937642992,134.6859462357008,4.413297973964598,0.33120000000000005,0.3197310687507511,0.342668931249249,0.01308434178703689,69.8818752,67.46197658213346,72.30177381786653,2.7607437796976364,0.3412,0.33412225572657506,0.34827774427342495,0.008074651695274528,35.995917600000006,35.24922973464222,36.74260546535779,0.8518596045480712
robustness_alt_test,uptake(mmol/g) CO2 at 0.15 bar,47,210995,enriched_interpretable,mlp,enriched_interpretable | mlp,5,0.5547330202652379,0.5506813377295915,0.5587847028008842,0.0046223661086499815,0.32494629047280077,0.32180480303702963,0.3280877779085719,0.003583969110635583,0.6941991530461785,0.6897219583154998,0.6986763477768573,0.005107812125664003,0.8722221927323559,0.8713843467759003,0.8730600386888115,0.0009558574047490371,0.5489571482745544,0.5437830145776935,0.5541312819714154,0.005902915648394582,10.981016539375984,10.87751620627939,11.084516872472578,0.11807845943768118,0.072,0.027998109131538447,0.11600189086846155,0.05019960159204453,75.95856,29.53744517159044,122.37967482840958,52.959575687575146,0.11600000000000002,0.08926916387390774,0.1427308361260923,0.030495901363953814,61.188840000000006,47.08859125184759,75.28908874815242,16.086283010472,0.236,0.20120240927880206,0.2707975907211979,0.03969886648255842,49.795056,42.45290354819012,57.13720845180988,8.3763020323539,0.31520000000000004,0.2895966677168772,0.3408033322831229,0.02920958746713139,33.2529696,30.55186925079511,35.95406994920489,3.081553058607427
robustness_alt_test,uptake(mmol/g) CO2 at 0.15 bar,47,210995,geometry_only,hgb,geometry_only | hgb,5,0.5732901390904093,0.5726402516684043,0.5739400265124143,0.0007414247210843467,0.34079007020275387,0.3405011960630325,0.34107894434247527,0.0003295623537544895,0.6734151380180879,0.672674659022075,0.6741556170141009,0.0008447762096917145,0.8602228582896785,0.8600045916614332,0.8604411249179238,0.00024900970304913477,0.5422828972317026,0.5395519530361081,0.5450138414272971,0.003115600440871275,10.84750873950515,10.792880534964608,10.902136944045692,0.062322642266028655,0.18,0.14281161471641984,0.21718838528358014,0.042426406871192854,189.8964,150.66339729352862,229.12940270647138,44.759010720971034,0.238,0.22839800020828993,0.24760199979171005,0.010954451150103319,125.54261999999999,120.47766112987084,130.60757887012912,5.778363437168005,0.28640000000000004,0.2751474831259847,0.2976525168740154,0.01283744522870496,60.429254400000005,58.05501834965027,62.80349045034974,2.7086495934758332,0.3056,0.29923075389076537,0.3119692461092346,0.0072663608498339865,32.2401888,31.568246073967966,32.91213152603203,0.7665865369357853
robustness_alt_test,uptake(mmol/g) CO2 at 0.15 bar,47,210995,geometry_only,mlp,geometry_only | mlp,5,0.5832930101278455,0.5798862473588395,0.5866997728968515,0.003886608742200425,0.343733991994838,0.3394024758772452,0.3480655081124308,0.00494161453294565,0.6619075323675815,0.6579504707618827,0.6658645939732802,0.00451441772525356,0.8657513215398044,0.8646948713057342,0.8668077717738746,0.0012052523154217484,0.5105043610163065,0.5064714852432536,0.5145372367893594,0.004600910394570556,10.211829556029254,10.13115827648706,10.292500835571449,0.09203391065726317,0.028000000000000004,0.018398000208289945,0.03760199979171006,0.010954451150103323,29.539439999999995,19.40952225974172,39.66935774025827,11.556726874336002,0.09200000000000001,0.08239800020828995,0.10160199979171007,0.010954451150103324,48.52908,43.46412112987086,53.59403887012914,5.778363437168005,0.1936,0.16910705701635673,0.21809294298364326,0.02794279871451677,40.8488256,35.6809126022232,46.01673859777679,5.895818757568182,0.272,0.2587066332330745,0.2852933667669255,0.015165750888103095,28.695456,27.29303239282289,30.09787960717711,1.5999563871931015
robustness_alt_test,uptake(mmol/g) CO2 at 0.15 bar,47,210995,geometry_plus_topology,ridge,geometry_plus_topology | ridge,5,0.6416991623176113,0.6416991623176113,0.6416991623176113,0.0,0.3893508742979683,0.3893508742979683,0.3893508742979683,0.0,0.5908246426430726,0.5908246426430726,0.5908246426430726,0.0,0.8346852814223326,0.8346852814223324,0.8346852814223327,1.2412670766236366e-16,0.4144861585134622,0.41448615851346216,0.41448615851346227,6.206335383118183e-17,8.291137798796594,8.291137798796594,8.291137798796594,0.0,0.02,0.02,0.02,0.0,21.0996,21.0996,21.0996,0.0,0.01,0.01,0.01,0.0,5.2749,5.2749,5.2749,0.0,0.044,0.044,0.044,0.0,9.283824000000001,9.283824000000001,9.283824000000001,0.0,0.074,0.074,0.074,0.0,7.806852000000001,7.806852,7.806852000000002,9.930136612989092e-16
robustness_alt_test,uptake(mmol/g) CO2 at 0.15 bar,47,210995,enriched_interpretable,ridge,enriched_interpretable | ridge,5,0.7064357718806842,0.7064357718806842,0.7064357718806842,0.0,0.44015865666457793,0.4401586566645779,0.440158656664578,6.206335383118183e-17,0.5041025320723564,0.5041025320723564,0.5041025320723564,0.0,0.8041020386783521,0.8041020386783521,0.8041020386783521,0.0,0.2935153583617747,0.2935153583617747,0.2935153583617747,0.0,5.871308926137753,5.871308926137753,5.871308926137753,0.0,0.0,0.0,0.0,0.0,0.0,0.0,0.0,0.0,0.01,0.01,0.01,0.0,5.2749,5.2749,5.2749,0.0,0.028000000000000004,0.028,0.028000000000000008,3.878959614448864e-18,5.907888000000001,5.907888000000001,5.907888000000001,0.0,0.066,0.066,0.066,0.0,6.962868000000002,6.962868000000001,6.962868000000003,9.930136612989092e-16
robustness_alt_test,uptake(mmol/g) CO2 at 0.15 bar,47,210995,geometry_only,ridge,geometry_only | ridge,5,0.7505819411312802,0.7505819411312802,0.7505819411312802,0.0,0.4971679834964033,0.4971679834964033,0.4971679834964033,0.0,0.4401872983770322,0.4401872983770322,0.4401872983770322,0.0,0.7894570303595706,0.7894570303595706,0.7894570303595706,0.0,0.18088737201365188,0.18088737201365188,0.18088737201365188,0.0,3.6183648033174527,3.6183648033174527,3.6183648033174527,0.0,0.0,0.0,0.0,0.0,0.0,0.0,0.0,0.0,0.0,0.0,0.0,0.0,0.0,0.0,0.0,0.0,0.0,0.0,0.0,0.0,0.0,0.0,0.0,0.0,0.008,0.008,0.008,0.0,0.8439840000000001,0.8439840000000001,0.8439840000000001,0.0
robustness_alt_test,uptake(mmol/g) CO2 at 0.15 bar,47,210995,topology_only,ridge,topology_only | ridge,5,0.790373304148221,0.790373304148221,0.790373304148221,0.0,0.5196063230619572,0.5196063230619572,0.5196063230619572,0.0,0.379258113665657,0.379258113665657,0.379258113665657,0.0,0.6547560882616238,0.6547560882616238,0.6547560882616238,0.0,0.20212362533181646,0.20212362533181646,0.20212362533181646,0.0,4.043162348361011,4.043162348361011,4.043162348361011,0.0,0.02,0.02,0.02,0.0,21.0996,21.0996,21.0996,0.0,0.03,0.03,0.03,0.0,15.824700000000002,15.8247,15.824700000000004,1.9860273225978185e-15,0.04,0.04,0.04,0.0,8.43984,8.43984,8.43984,0.0,0.046,0.046,0.046,0.0,4.852908,4.852908,4.852908,0.0
robustness_alt_test,uptake(mmol/g) CO2 at 0.15 bar,47,210995,topology_only,hgb,topology_only | hgb,5,0.7903834255252289,0.7903395540030981,0.7904272970473597,5.005087028621206e-05,0.5197237850869986,0.5196031007901074,0.5198444693838897,0.00013768280187016163,0.37924221335670627,0.379173303462973,0.37931112325043953,7.861592179073457e-05,0.6544506265404179,0.6542234418487554,0.6546778112320804,0.00025918388469626207,0.2036405005688282,0.20215396283655668,0.20512703830109974,0.0016959180716722014,4.073505030149837,4.0437692019967875,4.103240858302887,0.03392414954972975,0.02,0.02,0.02,0.0,21.0996,21.0996,21.0996,0.0,0.03,0.03,0.03,0.0,15.824700000000002,15.8247,15.824700000000004,1.9860273225978185e-15,0.0392,0.037632,0.040768,0.0017888543819998333,8.2710432,7.940201471999999,8.601884927999999,0.37744111918443646,0.0508,0.044528,0.057072,0.007155417527999327,5.3592984,4.697614944000001,6.020981856,0.7548822383688728
robustness_alt_test,uptake(mmol/g) CO2 at 0.15 bar,47,210995,topology_only,mlp,topology_only | mlp,5,0.7905359090835308,0.7904326276477748,0.7906391905192868,0.00011782873018578629,0.5176315721352939,0.5155145876348777,0.5197485566357101,0.0024151639031857125,0.379002663644416,0.3788403944924908,0.37916493279634117,0.00018512492569184138,0.6552300714847279,0.654856997051291,0.6556031459181648,0.00042562234379197586,0.20432309442548352,0.20252690404943152,0.20611928480153552,0.0020491856027465066,4.087159236954808,4.0512292990911885,4.123089174818428,0.04099070586244802,0.02,0.02,0.02,0.0,21.0996,21.0996,21.0996,0.0,0.03,0.03,0.03,0.0,15.824700000000002,15.8247,15.824700000000004,1.9860273225978185e-15,0.041600000000000005,0.03760236870134326,0.04559763129865675,0.004560701700396553,8.7774336,7.933949386508622,9.62091781349138,0.9622898159768715,0.0496,0.04457995059785264,0.054620049402147354,0.005727128425310542,5.232700800000001,4.703095628172259,5.762305971827742,0.6042005946134114
robustness_alt_test,uptake(mmol/g) CO2 at 0.15 bar,47,210995,topology_only,rf,topology_only | rf,5,0.7911511277759409,0.7911450049220532,0.7911572506298286,6.985264035270568e-06,0.520218502349017,0.52019877667063,0.520238228027404,2.250406008965909e-05,0.3780357411504315,0.3780261141336969,0.37804536816716605,1.0982991754585115e-05,0.6533945892184514,0.6528848187001972,0.6539043597367056,0.0005815722100723253,0.20561243837694348,0.2027880166856276,0.20843686006825937,0.003222244336177163,4.11295051647531,4.056452442984517,4.169448589966104,0.06445588414448597,0.02,0.02,0.02,0.0,21.0996,21.0996,21.0996,0.0,0.03,0.03,0.03,0.0,15.824700000000002,15.8247,15.824700000000004,1.9860273225978185e-15,0.0368,0.035232,0.038368,0.0017888543819998336,7.7646528,7.433811072,8.095494528,0.3774411191844364,0.04360000000000001,0.04046400000000001,0.04673600000000001,0.003577708763999664,4.599712800000001,4.2688710720000005,4.930554528000001,0.3774411191844364
robustness_alt_test,uptake(mmol/g) CO2 at 0.15 bar,71,500,geometry_plus_topology,rf,geometry_plus_topology | rf,5,0.6289783237551211,0.6198134234716189,0.6381432240386232,0.010455785735162178,0.3749845535205412,0.36516752605456615,0.3848015809865163,0.011199765689236118,0.6030746267334465,0.5914227088856537,0.6147265445812392,0.013293102232605955,0.8270441042711557,0.8241555373949012,0.8299326711474102,0.003295424435132339,0.44573378839590444,0.4272899342847881,0.46417764250702076,0.02104168957119648,8.916197043646402,8.547257013116528,9.285137074176276,0.4209056060641045,0.016,-0.006857331427793573,0.03885733142779357,0.026076809620810593,16.87968,-7.2343475096936665,40.993707509693664,27.51051261376276,0.02,-0.0005566534241349674,0.04055665342413497,0.02345207879911715,10.5498,-0.29362911469695696,21.393229114696958,12.370737045746305,0.06,0.044320000000000005,0.07568,0.017888543819998312,12.659760000000002,9.351342720000002,15.968177280000003,3.7744111918443655,0.11199999999999999,0.09870663323307446,0.1252933667669255,0.015165750888103105,11.815776,10.41335239282289,13.218199607177109,1.5999563871931013
robustness_alt_test,uptake(mmol/g) CO2 at 0.15 bar,71,500,geometry_plus_topology,hgb,geometry_plus_topology | hgb,5,0.6543191068276089,0.6367606884533746,0.6718775252018431,0.020031539317433227,0.38895445498705294,0.3741928729993246,0.4037160369747813,0.016840765704080142,0.5702199845496687,0.5470457924636581,0.5933941766356793,0.02643830042242724,0.8097138837095942,0.8027609142986899,0.8166668531204985,0.007932302167478915,0.4309442548350398,0.39900824818148056,0.462880261488599,0.036434225411859186,8.620355896205352,7.9815267665244285,9.259185025886275,0.7288088571293742,0.012,-0.011519999999999999,0.035519999999999996,0.02683281572999748,12.65976,-12.153369599999996,37.472889599999995,28.308083938832738,0.026000000000000002,-0.005359999999999997,0.05736,0.03577708763999664,13.71474,-2.827346399999998,30.2568264,18.872055959221825,0.052000000000000005,0.03052927574579749,0.07347072425420252,0.024494897427831782,10.971792,6.441555065260288,15.502028934739712,5.168325377682795,0.11720000000000001,0.09841669507248527,0.13598330492751476,0.0214289523775662,12.364365600000003,10.382764496757051,14.345966703242954,2.260711617928479
robustness_alt_test,uptake(mmol/g) CO2 at 0.15 bar,71,500,geometry_plus_topology,mlp,geometry_plus_topology | mlp,5,0.6556107589251943,0.6362100507026807,0.6750114671477079,0.022133317549581394,0.38020793699026983,0.3655594560131535,0.3948564179673862,0.016711734302012605,0.5684516601466394,0.5427043646443404,0.5941989556489384,0.029373828050977217,0.8167410902171337,0.7986624934449095,0.8348196869893579,0.020624985367602933,0.4170648464163823,0.3782662116040956,0.455863481228669,0.04426346167064429,8.342720357837598,7.566615243043017,9.118825472632178,0.885420303247939,0.004,-0.0038399999999999997,0.01184,0.00894427190999916,4.21992,-4.051123199999999,12.4909632,9.436027979610913,0.008,0.0006663515219230767,0.015333648478076924,0.008366600265340755,4.21992,0.35149376429920354,8.088346235700797,4.413297973964594,0.0336,0.013215999999999999,0.053984,0.023255106965997814,7.089465600000001,2.788523136000001,11.390408064000002,4.906734549397675,0.07880000000000001,0.04392301297416878,0.11367698702583123,0.03978944583680452,8.3132424,4.633790022748856,11.992694777251144,4.197706956891203
robustness_alt_test,uptake(mmol/g) CO2 at 0.15 bar,71,500,enriched_interpretable,rf,enriched_interpretable | rf,5,0.6630447364433851,0.6593307898711603,0.6667586830156099,0.00423705969402907,0.40279547817977274,0.39728989608437976,0.4083010602751657,0.006281048888267598,0.558997190566559,0.5540673344695847,0.5639270466635334,0.005624231302105422,0.8125181603144158,0.8079383295031289,0.8170979911257027,0.005224904601778261,0.4062950322335988,0.3821741538222649,0.43041591064493273,0.027518328471811106,8.127287317136936,7.6447874250931545,8.609787209180718,0.5504604886460233,0.012,-0.011519999999999999,0.035519999999999996,0.02683281572999748,12.65976,-12.153369599999996,37.472889599999995,28.308083938832738,0.016,7.688472691351825e-05,0.031923115273086486,0.01816590212458495,8.43984,0.0405559245996141,16.839124075400385,9.582331711697314,0.055200000000000006,0.022931946696461536,0.08746805330353848,0.036813041167499325,11.6469792,4.838549025166598,18.4554093748334,7.7674044341776876,0.1056,0.08232959097909967,0.12887040902090033,0.026548069609672185,11.1405888,8.685607189113055,13.595570410886944,2.8007682476811966
robustness_alt_test,uptake(mmol/g) CO2 at 0.15 bar,71,500,geometry_only,rf,geometry_only | rf,5,0.6742839216988803,0.664937588334137,0.6836302550636236,0.010662773848949144,0.4073240151869716,0.39955356548727133,0.41509446488667184,0.008864925379730895,0.5438433755299502,0.5310859819106366,0.5566007691492638,0.01455428538189151,0.8126598022345449,0.8095374160061974,0.8157821884628924,0.0035621774788746207,0.39355328024270003,0.36538407662056793,0.42172248386483213,0.032136864373020775,7.872408790110802,7.308928577041463,8.43588900318014,0.6428469695913812,0.0,0.0,0.0,0.0,0.0,0.0,0.0,0.0,0.01,-0.0007353621271012547,0.020735362127101253,0.01224744871391589,5.2749,-0.3878961684246409,10.93769616842464,6.460406722103493,0.052000000000000005,0.018187869632334618,0.08581213036766538,0.038574603043971825,10.971792000000002,3.837567740944076,18.106016259055927,8.139086943865879,0.0992,0.07981283558639891,0.11858716441360108,0.02211786608151881,10.465401600000002,8.420094528693914,12.510708671306089,2.3333906358680716
robustness_alt_test,uptake(mmol/g) CO2 at 0.15 bar,71,500,geometry_plus_topology,ridge,geometry_plus_topology | ridge,5,0.6749284334064073,0.6670993126355917,0.6827575541772228,0.008931860330407755,0.4009791467689049,0.3925728825731482,0.4093854109646616,0.009590294989048254,0.5429983193735453,0.532363798505198,0.5536328402418925,0.012132403862124823,0.8235659498347505,0.8136853935861488,0.8334465060833522,0.011272242564991793,0.3742131209708001,0.35621833765112826,0.392207904290472,0.020529366705696734,7.4855395973032754,7.1255825152671095,7.845496679339441,0.41065740021190633,0.0,0.0,0.0,0.0,0.0,0.0,0.0,0.0,0.002,-0.0019199999999999998,0.00592,0.00447213595499958,1.05498,-1.0127807999999998,3.1227408,2.359006994902728,0.0264,0.016298866598247502,0.0365011334017525,0.011523888232710347,5.5702944,3.43899565676383,7.70159314323617,2.431494321548952,0.0472,0.04378262322826411,0.05061737677173589,0.003898717737923586,4.9795056,4.618979185335408,5.340032014664593,0.41130692391546225
robustness_alt_test,uptake(mmol/g) CO2 at 0.15 bar,71,500,enriched_interpretable,hgb,enriched_interpretable | hgb,5,0.6920869429077097,0.6837834806492452,0.7003904051661741,0.009473013295168581,0.41918145965478465,0.40993869494380936,0.42842422436575994,0.010544617445804538,0.5194618147405821,0.5079316962214853,0.5309919332596789,0.013154147345576413,0.7944525671876987,0.7875987103603794,0.8013064240150181,0.007819229476498487,0.37868790291998483,0.3590276335263521,0.3983481723136176,0.02242943817353133,7.575050508580311,7.181778020812114,7.968322996348508,0.4486653144541542,0.0,0.0,0.0,0.0,0.0,0.0,0.0,0.0,0.026000000000000002,-0.0014399999999999968,0.05344,0.03130495168499706,13.71474,-0.7595855999999976,28.1890656,16.513048964319097,0.055200000000000006,0.028798865478923078,0.08160113452107694,0.03011976095522672,11.6469792,6.0764454205908525,17.21751297940915,6.355149082509017,0.1036,0.07732137720503603,0.12987862279496398,0.029979993328885183,10.9295928,8.157250652376892,13.701934947623108,3.162829336210729
robustness_alt_test,uptake(mmol/g) CO2 at 0.15 bar,71,500,geometry_only,hgb,geometry_only | hgb,5,0.7088421782457971,0.702110137886129,0.7155742186054652,0.007680255036474555,0.42714229038277385,0.41840843350260165,0.43587614726294605,0.009964029433581281,0.4959409768447178,0.4863382852898326,0.505543668399603,0.010955240348819636,0.7869533754793172,0.7783938557600454,0.795512895198589,0.009765136707674399,0.37550246492226014,0.35176389551594656,0.3992410343285737,0.02708217085771125,7.511330876823777,7.036478469689293,7.986183283958262,0.5417358477714868,0.004,-0.0038399999999999997,0.01184,0.00894427190999916,4.21992,-4.051123199999999,12.4909632,9.436027979610913,0.018,0.004998830821806832,0.031001169178193164,0.014832396974191326,9.49482,2.636833270194887,16.352806729805113,7.823941079916183,0.0432,0.024253783913403715,0.06214621608659629,0.021614809737770073,9.1150272,5.117451390592529,13.112603009407472,4.560638395430535,0.09759999999999999,0.08137101062912419,0.1138289893708758,0.01851485889765299,10.2966048,8.584478879351344,12.008730720648657,1.9532805839845948
robustness_alt_test,uptake(mmol/g) CO2 at 0.15 bar,71,500,enriched_interpretable,ridge,enriched_interpretable | ridge,5,0.725283745166135,0.714434025841121,0.736133464491149,0.01237791323853283,0.44360941274349297,0.43674367291143334,0.4504751525755526,0.00783278621444555,0.4722131378327604,0.45645685152406523,0.4879694241414556,0.017975575132240653,0.803607547683573,0.7983358331144312,0.8088792622527148,0.006014240884988213,0.27417519908987487,0.2529653216508434,0.29538507652890633,0.0241973100755681,5.484439733330228,5.060169795889397,5.908709670771058,0.4840287861873877,0.0,0.0,0.0,0.0,0.0,0.0,0.0,0.0,0.004,-0.0038399999999999997,0.01184,0.00894427190999916,2.10996,-2.0255615999999996,6.2454816,4.718013989805456,0.038400000000000004,0.035264000000000004,0.041536000000000003,0.003577708763999664,8.1022464,7.440562944,8.763929856,0.7548822383688731,0.054000000000000006,0.04936179345004991,0.058638206549950105,0.0052915026221291815,5.696892,5.207570485393364,6.186213514606636,0.5582429436293844
robustness_alt_test,uptake(mmol/g) CO2 at 0.15 bar,71,500,enriched_interpretable,mlp,enriched_interpretable | mlp,5,0.7303505961098751,0.665891847133205,0.7948093450865451,0.07353782880430061,0.4401019506623795,0.40677211503158295,0.47343178629317606,0.03802437660681413,0.46059815346279,0.3641432758566595,0.5570530310689205,0.11004064443302548,0.7917764969956613,0.7775623646557952,0.8059906293355275,0.016216207220979,0.31422070534698526,0.25945959293531273,0.3689818177586578,0.06247427034490166,6.285486532555224,5.190077386327194,7.380895678783253,1.2496986296637154,0.0,0.0,0.0,0.0,0.0,0.0,0.0,0.0,0.013999999999999999,0.0007066332330744746,0.027293366766925523,0.0151657508881031,7.384860000000001,0.37274196411445537,14.396978035885546,7.999781935965506,0.0472,0.03495352850817837,0.059446471491821626,0.013971399357258382,9.9590112,7.375054701111603,12.542967698888399,2.9479093787840904,0.05600000000000001,0.0431175654474785,0.06888243455252152,0.014696938456699069,5.907888,4.548816919578086,7.2669590804219135,1.5504976133048383
robustness_alt_test,uptake(mmol/g) CO2 at 0.15 bar,71,500,geometry_only,mlp,geometry_only | mlp,5,0.730628753093508,0.6934006140948988,0.7678568920921173,0.04247175993709243,0.4411726838411396,0.4203084634661216,0.4620369042161576,0.023802966865345096,0.4630826038034009,0.40809328944910367,0.5180719181576982,0.06273461476138448,0.7695824285450137,0.7340509543180237,0.8051139027720037,0.04053611822057721,0.2337504740235116,0.17905043010748992,0.28845051793953325,0.06240460029002463,4.675807263658025,3.5816196957679125,5.7699948315481375,1.2483049907844175,0.0,0.0,0.0,0.0,0.0,0.0,0.0,0.0,0.002,-0.0019199999999999998,0.00592,0.00447213595499958,1.05498,-1.0127807999999998,3.1227408,2.359006994902728,0.012000000000000002,-0.00570521279171758,0.029705212791717582,0.020199009876724155,2.531952000000001,-1.2037770782012438,6.267681078201246,4.261910287949291,0.018000000000000002,-0.005519999999999997,0.04152,0.02683281572999748,1.8989640000000008,-0.5823489599999996,4.3802769600000016,2.830808393883274
robustness_alt_test,uptake(mmol/g) CO2 at 0.15 bar,71,500,geometry_only,ridge,geometry_only | ridge,5,0.7521911541834598,0.7493358139865778,0.7550464943803419,0.003257517744446854,0.5034080138352799,0.49226015293596725,0.5145558747345925,0.012718048354375018,0.43244956007941926,0.42813522058391457,0.43676389957492395,0.00492201856630647,0.7840346805394801,0.781447844383908,0.7866215166950522,0.0029511946380170774,0.18043230944254834,0.17134313100081766,0.18952148788427903,0.010369398395579307,3.609261998780805,3.427447408859359,3.7910765887022504,0.20742335834979628,0.0,0.0,0.0,0.0,0.0,0.0,0.0,0.0,0.0,0.0,0.0,0.0,0.0,0.0,0.0,0.0,0.0024000000000000002,0.00047960004165798886,0.004320399958342012,0.0021908902300206644,0.5063904000000001,0.10119369038966902,0.9115871096103312,0.46226907497344016,0.0064,0.005616,0.007184,0.0008944271909999159,0.6751872000000001,0.5924767680000002,0.757897632,0.0943602797961091
robustness_alt_test,uptake(mmol/g) CO2 at 0.15 bar,71,500,topology_only,ridge,topology_only | ridge,5,0.8037295327506937,0.7994575591735135,0.8080015063278739,0.004873685365641812,0.5292417761022233,0.5211683617974429,0.5373151904070038,0.009210562855106273,0.3520013020046676,0.3451209508156504,0.3588816531936848,0.00784945559577242,0.6376991233611359,0.6331928555654922,0.6422053911567795,0.005140980161161921,0.19620781190747064,0.18887389096344445,0.20354173285149682,0.008366911108393856,3.9248258893845915,3.7781224400571602,4.071529338712023,0.16736677817848586,0.0,0.0,0.0,0.0,0.0,0.0,0.0,0.0,0.004,-0.0008009998958550283,0.00880099989585503,0.005477225575051661,2.10996,-0.4225194350645687,4.642439435064569,2.8891817185840005,0.0128,0.0024583297287140322,0.02314167027128597,0.011798304963002102,2.7007488000000004,0.5186977394397458,4.8827998605602545,2.4893951539735917,0.0264,0.019793898577829733,0.03300610142217027,0.007536577472566709,2.7851472,2.0882167121638813,3.4820776878361186,0.7950938502008428
robustness_alt_test,uptake(mmol/g) CO2 at 0.15 bar,71,500,topology_only,hgb,topology_only | hgb,5,0.8061794833850184,0.8020217790540506,0.8103371877159863,0.0047433211808109435,0.5328619482643655,0.5244997971273261,0.5412240994014049,0.009539968561503742,0.34804590827899917,0.34132853702679455,0.3547632795312038,0.007663519770424729,0.6170566629144627,0.6052377901173205,0.6288755357116049,0.013483572955016907,0.19795221843003413,0.19737648484197448,0.19852795201809378,0.000656826244811856,3.9597199734417408,3.9482033367194966,3.971236610163985,0.013138766624034971,0.0,0.0,0.0,0.0,0.0,0.0,0.0,0.0,0.0,0.0,0.0,0.0,0.0,0.0,0.0,0.0,0.0,0.0,0.0,0.0,0.0,0.0,0.0,0.0,0.0176,0.01567960004165799,0.01952039995834201,0.0021908902300206644,1.8567648,1.6541664451948346,2.0593631548051654,0.23113453748672
robustness_alt_test,uptake(mmol/g) CO2 at 0.15 bar,71,500,topology_only,rf,topology_only | rf,5,0.8067058554772784,0.8029169191394492,0.8104947918151075,0.004322611843778129,0.5292511667199831,0.5209378977845288,0.5375644356554373,0.009484201252506671,0.3471973646996087,0.34107825632905725,0.3533164730701602,0.006980990958286227,0.6318062843771803,0.6229394193467567,0.640673149407604,0.010115771915991355,0.20166856276071293,0.19728138719086652,0.20605573833055935,0.0050051136752055966,4.034059543824364,3.946301059131976,4.121818028516753,0.10011935580334476,0.0,0.0,0.0,0.0,0.0,0.0,0.0,0.0,0.0,0.0,0.0,0.0,0.0,0.0,0.0,0.0,0.008800000000000002,-0.0009291841384568272,0.018529184138456833,0.011099549540409285,1.8567648000000005,-0.1960541364778372,3.9095837364778383,2.3419605548281983,0.024,0.01587131498949553,0.03212868501050447,0.009273618495495704,2.531952,1.6743919887617997,3.3895120112382005,0.9783482040378059
robustness_alt_test,uptake(mmol/g) CO2 at 0.15 bar,71,500,topology_only,mlp,topology_only | mlp,5,0.8149955340853692,0.802627777044612,0.8273632911261264,0.014109768098130018,0.5570598945281607,0.5304315451037095,0.583688243952612,0.03037897930698489,0.33356762456870837,0.31331089840731635,0.3538243507301004,0.023109906478811677,0.629348418011257,0.6159183563038158,0.6427784797186982,0.015321699448905829,0.20083428138035647,0.19824241428006378,0.20342614848064916,0.0029569341963773936,4.017371068840509,3.9655248808718557,4.0692172568091625,0.059148775853133016,0.0,0.0,0.0,0.0,0.0,0.0,0.0,0.0,0.0,0.0,0.0,0.0,0.0,0.0,0.0,0.0,0.0064,0.002402368701343257,0.010397631298656743,0.004560701700396552,1.3503744,0.5068901865086218,2.1938586134913782,0.9622898159768709,0.019200000000000002,0.016015376945382704,0.0223846230546173,0.0036331804249169902,2.0255616000000005,1.6895902369839848,2.3615329630160162,0.38329326846789274
robustness_alt_test,uptake(mmol/g) CO2 at 0.15 bar,71,1000,geometry_plus_topology,rf,geometry_plus_topology | rf,5,0.6129525785197312,0.608472140160657,0.6174330168788054,0.00511151262239158,0.36186421976319316,0.35541654108352555,0.3683118984428608,0.007355840726945318,0.6231058311981743,0.6175686324933031,0.6286430299030455,0.006317118729089747,0.8379802278119204,0.8345585166430715,0.8414019389807693,0.003903662639243093,0.46734926052332193,0.45483980040216954,0.4798587206444743,0.014271430200367106,9.348580259137167,9.098348362310976,9.598812155963358,0.28547731196024434,0.024,-0.004805999375130175,0.052805999375130176,0.03286335345030997,25.31952,-5.070233220774828,55.70927322077483,34.67018062300801,0.05,0.03760387157213996,0.06239612842786005,0.01414213562373095,26.3745,19.835666215588105,32.9133337844119,7.45983512016184,0.1008,0.08029573936958467,0.12130426063041533,0.023392306427541514,21.2683968,16.942079824024887,25.594713775975116,4.93568308698555,0.1628,0.14430524225625002,0.18129475774374998,0.021099763031844687,17.175074400000003,15.223914447549866,19.12623435245014,2.225982800333552
robustness_alt_test,uptake(mmol/g) CO2 at 0.15 bar,71,1000,geometry_plus_topology,hgb,geometry_plus_topology | hgb,5,0.6264899840347358,0.6170906347440005,0.635889333325471,0.010723257121606395,0.36781706987122487,0.360738224741591,0.3748959150008587,0.008075907608191105,0.6062037773732293,0.5942857151433527,0.6181218396031058,0.01359673331942693,0.8306410243476009,0.8249390236267462,0.8363430250684556,0.0065051332752979075,0.44884338263177853,0.43220411750173404,0.465482647761823,0.01898292241143948,8.978399541313495,8.64555744941182,9.31124163321517,0.37972323635988636,0.008,-0.007679999999999996,0.023679999999999996,0.017888543819998316,8.43984,-8.102246399999999,24.9819264,18.872055959221825,0.034,0.008747166495618762,0.05925283350438124,0.028809720581775864,17.93466,4.614042854773938,31.255277145226064,15.196839509680952,0.08800000000000001,0.07611005130372718,0.09988994869627284,0.013564659966250538,18.567648,16.058916384881215,21.076379615118782,2.862088994238998,0.1516,0.1288302319730745,0.17436976802692553,0.025976912826585073,15.993496799999999,13.59133181269541,18.39566178730459,2.7405123493790717
robustness_alt_test,uptake(mmol/g) CO2 at 0.15 bar,71,1000,geometry_plus_topology,mlp,geometry_plus_topology | mlp,5,0.6451267282720655,0.6165435153859217,0.6737099411582094,0.032609187259574346,0.3798522461774615,0.35885858658614295,0.40084590576878004,0.023950637725856497,0.5816706209922543,0.5438741555998092,0.6194670863846994,0.0431201356769007,0.8175579389280176,0.7946846303980708,0.8404312474579645,0.026095037113921925,0.41911262798634813,0.380547501332384,0.45767775464031224,0.04399706365262893,8.383682978252514,7.612248823580556,9.155117132924472,0.8800914336793798,0.004,-0.0038399999999999997,0.01184,0.00894427190999916,4.21992,-4.051123199999999,12.4909632,9.436027979610913,0.016,0.0013327030438461535,0.030667296956153847,0.01673320053068151,8.43984,0.7029875285984071,16.176692471401594,8.826595947929189,0.029600000000000005,0.02012689195670186,0.03907310804329815,0.010807404868885036,6.2454816,4.246693695296265,8.244269504703736,2.2803191977152673,0.0756,0.049350630940915935,0.10184936905908407,0.029946619174791668,7.9756488,5.206392863004749,10.744904736995252,3.159308429702172
robustness_alt_test,uptake(mmol/g) CO2 at 0.15 bar,71,1000,enriched_interpretable,rf,enriched_interpretable | rf,5,0.6517660474829896,0.646614875982781,0.6569172189831982,0.005876719203176601,0.39300579630247756,0.38670065618486865,0.39931093642008647,0.007193225464609463,0.5738591024835202,0.5670945293176595,0.580623675649381,0.007717370121242694,0.8212683647276904,0.81930532681596,0.8232314026394207,0.0022395337821624495,0.42411831626848695,0.41085018628632725,0.43738644625064665,0.015136959476740893,8.483813828155638,8.218405944792368,8.749221711518908,0.3027908515125545,0.024,0.0011426685722064275,0.04685733142779357,0.026076809620810593,25.31952,1.2054924903063302,49.43354750969367,27.510512613762764,0.046,0.026796000416579886,0.06520399958342012,0.021908902300206645,24.26454,14.134622259741722,34.394457740258275,11.556726874336006,0.1056,0.07726732035263872,0.13393267964736127,0.03232336616133908,22.2811776,16.303095525125357,28.25925967487464,6.820100966577901,0.1652,0.15373106875075102,0.176668931249249,0.013084341787036899,17.4282696,16.218320291066732,18.63821890893327,1.380371889848819
robustness_alt_test,uptake(mmol/g) CO2 at 0.15 bar,71,1000,geometry_plus_topology,ridge,geometry_plus_topology | ridge,5,0.6610891229724957,0.6553850698109155,0.6667931761340758,0.0065074748043703785,0.39480886524932024,0.392721880611872,0.39689584988676846,0.002380938529250987,0.5615751196914232,0.5539676105733158,0.5691826288095305,0.008679034452825314,0.8272698139987487,0.8177594202753734,0.8367802077221239,0.010849942274619532,0.3777019340159272,0.3735237315324675,0.38188013649938696,0.004766706518762432,7.555327765417575,7.471749455671645,7.638906075163504,0.09535039899817947,0.004,-0.0038399999999999997,0.01184,0.00894427190999916,4.21992,-4.051123199999999,12.4909632,9.436027979610913,0.004,-0.0008009998958550283,0.00880099989585503,0.005477225575051661,2.10996,-0.4225194350645687,4.642439435064569,2.8891817185840005,0.020800000000000003,0.012429170650407455,0.02917082934959255,0.009549869109050658,4.3887168,2.62250529055337,6.15492830944663,2.014984182533253,0.04560000000000001,0.04160236870134327,0.04959763129865675,0.004560701700396551,4.8107088000000005,4.388966693254312,5.232450906745689,0.4811449079884355
robustness_alt_test,uptake(mmol/g) CO2 at 0.15 bar,71,1000,geometry_only,rf,geometry_only | rf,5,0.6624214078233083,0.6492361262788845,0.675606689367732,0.01504244175296173,0.39777745191776204,0.3927443681206205,0.40281053571490355,0.005741998727990399,0.5596587740777083,0.5420573237258335,0.577260224429583,0.020080632392540643,0.8189667993505678,0.8157995991686686,0.822133999532467,0.003613303522998169,0.39635949943117177,0.3659359149164153,0.42678308394592823,0.034708777088880295,7.928542751420129,7.319967226365565,8.537118276474693,0.69429400176767,0.004,-0.0038399999999999997,0.01184,0.00894427190999916,4.21992,-4.051123199999999,12.4909632,9.436027979610913,0.034,0.011999054565769229,0.05600094543423077,0.025099800796022267,17.93466,6.32938129289761,29.539938707102394,13.239893921893787,0.09119999999999999,0.05790075940805856,0.12449924059194142,0.03798947222586805,19.242835200000002,12.216828632062727,26.268841767937275,8.015626681769255,0.126,0.08811567923269575,0.16388432076730425,0.04322036556994863,13.292748,9.296027927690936,17.289468072309063,4.5596621268984405
robustness_alt_test,uptake(mmol/g) CO2 at 0.15 bar,71,1000,enriched_interpretable,hgb,enriched_interpretable | hgb,5,0.6675933588214129,0.6593277564047172,0.6758589612381086,0.009429820856488802,0.39922133579779495,0.3933404970542951,0.4051021745412948,0.00670916081386746,0.5528689447601179,0.541717231488103,0.5640206580321329,0.012722443337659217,0.8129246682538286,0.8081994090898572,0.8176499274178,0.00539081668466519,0.41076981418278347,0.3912961698900266,0.43024345847554035,0.022216526738905746,8.216798228413973,7.82725887960903,8.606337577218916,0.44440635910145604,0.0,0.0,0.0,0.0,0.0,0.0,0.0,0.0,0.036,0.010747166495618753,0.06125283350438124,0.028809720581775868,18.989639999999998,5.669022854773935,32.31025714522606,15.196839509680952,0.1016,0.07723285621990135,0.12596714378009863,0.02779928056623049,21.437193600000004,16.29582373097431,26.5785634690257,5.865537002352369,0.1448,0.12392438973347128,0.16567561026652874,0.023815961034566714,15.276110400000002,13.073775268101752,17.478445531898252,2.51253625722472
robustness_alt_test,uptake(mmol/g) CO2 at 0.15 bar,71,1000,geometry_only,hgb,geometry_only | hgb,5,0.6869280275573566,0.6758947269193176,0.6979613281953956,0.012587352164717824,0.40829847105521855,0.40232668726322746,0.41427025484720964,0.006812915564195705,0.5265429127411723,0.5112502167723658,0.5418356087099787,0.017446687625249126,0.8071096429297224,0.8015954703570385,0.8126238155024064,0.00629084934295219,0.377929465301479,0.3499894755175574,0.40586945508540057,0.031875365534437955,7.559879167685898,7.000984013680558,8.118774321691237,0.6376161003322215,0.004,-0.0038399999999999997,0.01184,0.00894427190999916,4.21992,-4.051123199999999,12.4909632,9.436027979610913,0.032,0.001383821270445916,0.06261617872955408,0.03492849839314596,16.87968,0.7299518819475139,33.02940811805249,18.424433617400563,0.0824,0.05562895414818465,0.10917104585181535,0.03054177467011372,17.3860704,11.73748680945037,23.034653990549632,6.444192288295315,0.11480000000000001,0.08886867407940736,0.14073132592059268,0.02958377933936096,12.1111704,9.375467378029317,14.846873421970685,3.1210295527439027
robustness_alt_test,uptake(mmol/g) CO2 at 0.15 bar,71,1000,enriched_interpretable,mlp,enriched_interpretable | mlp,5,0.6902596308158597,0.6713807770485382,0.7091384845831813,0.021537959367861768,0.42038264262005576,0.4097040140626059,0.4310612711775056,0.012182724163738941,0.5216953654150671,0.49579377966273946,0.5475969511673948,0.029549850238390133,0.7945132859765471,0.7766197887754223,0.812406783177672,0.020413814335161963,0.3361395525218051,0.28838512075609773,0.3838939842875125,0.054480691660712774,6.7239382844037525,5.768686664680848,7.679189904126657,1.0897997741414251,0.0,0.0,0.0,0.0,0.0,0.0,0.0,0.0,0.006,0.0011990001041449717,0.010800999895855028,0.005477225575051661,3.16494,0.6324605649354313,5.697419435064569,2.8891817185840005,0.037599999999999995,0.025303440481175228,0.04989655951882476,0.014028542333400146,7.9334496,5.33892472776605,10.52797447223395,2.9599663181780973,0.0644,0.03249591975937873,0.09630408024062126,0.03639780213144745,6.7940712,3.4282545427749382,10.159887857225062,3.839895329263443
robustness_alt_test,uptake(mmol/g) CO2 at 0.15 bar,71,1000,geometry_only,mlp,geometry_only | mlp,5,0.7024965501759319,0.6710747975225123,0.7339183028293516,0.0358475382169544,0.42066977275056133,0.40844776913579256,0.4328917763653301,0.013943485155036276,0.5039406319972806,0.45927424838090497,0.5486070156136562,0.05095768881392794,0.7965018845834291,0.7746676507241993,0.8183361184426589,0.024909607727482387,0.279484262419416,0.21552944243513444,0.3434390824036975,0.07296292090490593,5.590639119591117,4.311324444069362,6.869953795112872,1.4595074383059852,0.02,0.0024692270564016516,0.03753077294359835,0.02,21.0996,2.604985159962613,39.59421484003738,21.0996,0.036,0.006534739098389104,0.0654652609016109,0.03361547262794322,18.98964,3.4470095270092678,34.53227047299073,17.73182565651377,0.047200000000000006,0.012367099690091851,0.08203290030990816,0.03973914946246333,9.9590112,2.609408566210619,17.308613833789384,8.384801579981914,0.0624,0.017151584160326666,0.10764841583967333,0.05162170086310602,6.5830752000000015,1.8094578257461444,11.35669257425386,5.445986197655959
robustness_alt_test,uptake(mmol/g) CO2 at 0.15 bar,71,1000,enriched_interpretable,ridge,enriched_interpretable | ridge,5,0.7183869825527476,0.7118692660541183,0.7249046990513769,0.007435743443370945,0.44092263469799997,0.4352004438058133,0.44664482559018664,0.006528167252632441,0.482279175403869,0.47283109131877077,0.4917272594889672,0.010778856260925267,0.8056848930689664,0.8010995461713201,0.8102702399666127,0.0052311976344668375,0.2653773227152067,0.22989575025270698,0.3008588951777064,0.04047918774221122,5.308452178955038,4.598699632188107,6.0182047257219695,0.8097219090686006,0.0,0.0,0.0,0.0,0.0,0.0,0.0,0.0,0.004,-0.0038399999999999997,0.01184,0.00894427190999916,2.10996,-2.0255615999999996,6.2454816,4.718013989805456,0.0376,0.034464,0.040736,0.003577708763999664,7.9334496,7.271766144000001,8.595133056,0.7548822383688728,0.06,0.051322710100497965,0.06867728989950203,0.009899494936611665,6.329880000000001,5.4144432701823355,7.245316729817667,1.0443769168226575
robustness_alt_test,uptake(mmol/g) CO2 at 0.15 bar,71,1000,geometry_only,ridge,geometry_only | ridge,5,0.7484283324648338,0.7461799565923856,0.750676708337282,0.0025650618825329907,0.5019878069067942,0.4931904999259469,0.5107851138876416,0.010036416544953141,0.4381168279594291,0.43474386935526077,0.4414897865635974,0.0038480432266393525,0.7876841221720333,0.7836939292383013,0.7916743151057654,0.0045522156342673705,0.1806598407281001,0.1731767804689085,0.1881429009872917,0.008537056846571231,3.6138134010491285,3.464126656410487,3.76350014568777,0.17077027364421166,0.0,0.0,0.0,0.0,0.0,0.0,0.0,0.0,0.0,0.0,0.0,0.0,0.0,0.0,0.0,0.0,0.0032,0.0016320000000000002,0.004768,0.001788854381999832,0.6751872000000001,0.3443454720000001,1.006028928,0.3774411191844365,0.008,0.005852927574579749,0.010147072425420251,0.002449489742783178,0.8439840000000001,0.6174721532630144,1.0704958467369858,0.25841626888413977
robustness_alt_test,uptake(mmol/g) CO2 at 0.15 bar,71,1000,topology_only,ridge,topology_only | ridge,5,0.7969440687808185,0.7955947613987715,0.7982933761628654,0.0015393586881629097,0.5248905779656319,0.5180067575520506,0.5317743983792131,0.007853413464116535,0.3629133762235043,0.36075527538784946,0.3650714770591591,0.002462071515726131,0.6430296470033439,0.6385420833379667,0.647517210668721,0.005119641535276199,0.1983314372392871,0.19499085916523942,0.20167201531333476,0.003811101866181602,3.9673056438889467,3.900482681117638,4.034128606660255,0.07623504449723663,0.008,-0.007679999999999999,0.02368,0.01788854381999832,8.43984,-8.102246399999999,24.9819264,18.872055959221825,0.006,-0.0018399999999999996,0.01384,0.00894427190999916,3.16494,-0.9705815999999996,7.3004616,4.718013989805456,0.008799999999999999,0.004959200083315976,0.012640799916684022,0.004381780460041329,1.8567648,1.046371380779338,2.667158219220662,0.9245381499468803,0.0232,0.019782623228264108,0.02661737677173589,0.0038987177379235863,2.4475536,2.0870271853354074,2.8080800146645926,0.41130692391546253
robustness_alt_test,uptake(mmol/g) CO2 at 0.15 bar,71,1000,topology_only,rf,topology_only | rf,5,0.7975210176690072,0.7957808628981842,0.7992611724398302,0.0019852573259850764,0.5247260005444334,0.5176775356185562,0.5317744654703106,0.008041248322083923,0.36198934420160256,0.35920354086460715,0.36477514753859797,0.003178186547687486,0.6393352321716909,0.6338461996375055,0.6448242647058762,0.006262168304666442,0.20030337504740237,0.19798370924480233,0.2026230408500024,0.0026463930712731006,4.00675113021442,3.9603498972142877,4.0531523632145525,0.05293689348372571,0.0,0.0,0.0,0.0,0.0,0.0,0.0,0.0,0.0,0.0,0.0,0.0,0.0,0.0,0.0,0.0,0.009600000000000001,0.0037330812175384604,0.015466918782461541,0.006693280212272605,2.0255616000000005,0.7876652045757455,3.2634579954242557,1.4122553516686704,0.022399999999999996,0.01979976616436136,0.02500023383563863,0.002966479394838266,2.3631552000000005,2.088835730807796,2.637474669192205,0.3129576431966474
robustness_alt_test,uptake(mmol/g) CO2 at 0.15 bar,71,1000,topology_only,mlp,topology_only | mlp,5,0.7978312952077486,0.7950576418828545,0.8006049485326427,0.003164325194123254,0.5301118042015063,0.5176480661746425,0.54257554222837,0.014219268102967586,0.3614879384293293,0.3570408236954957,0.3659350531631629,0.005073495330914706,0.6387126119976104,0.6295820908219307,0.6478431331732901,0.010416564295316948,0.20053090633295412,0.19777579401850684,0.2032860186474014,0.003143172663648413,4.011302532482745,3.956190883080098,4.066414181885391,0.06287418082472139,0.0,0.0,0.0,0.0,0.0,0.0,0.0,0.0,0.0,0.0,0.0,0.0,0.0,0.0,0.0,0.0,0.0064,0.0032640000000000004,0.009536,0.0035777087639996636,1.3503744,0.6886909439999999,2.012057856,0.7548822383688731,0.0248,0.022141326646614893,0.027458673353385105,0.00303315017762062,2.6163504000000004,2.3358656785645784,2.8968351214354224,0.31999127743862027
robustness_alt_test,uptake(mmol/g) CO2 at 0.15 bar,71,1000,topology_only,hgb,topology_only | hgb,5,0.8012383855463753,0.7998172911025929,0.8026594799901576,0.0016212570299717554,0.5309684253033781,0.5234779078977626,0.5384589427089935,0.008545564339592603,0.3560288343834609,0.35374390020572427,0.3583137685611975,0.002606769462005971,0.6218896122976487,0.6135382503964874,0.6302409741988101,0.009527659650866648,0.19734546833522942,0.19541296928327645,0.1992779673871824,0.0022046934931738466,3.9475829007262098,3.908926324127246,3.9862394773251735,0.044101394414648165,0.0,0.0,0.0,0.0,0.0,0.0,0.0,0.0,0.0,0.0,0.0,0.0,0.0,0.0,0.0,0.0,0.0,0.0,0.0,0.0,0.0,0.0,0.0,0.0,0.017599999999999998,0.016815999999999998,0.018383999999999998,0.0008944271909999152,1.8567647999999999,1.7740543679999998,1.939475232,0.09436027979610911
robustness_alt_test,uptake(mmol/g) CO2 at 0.15 bar,71,2000,geometry_plus_topology,rf,geometry_plus_topology | rf,5,0.5984306831184947,0.5951294264386445,0.6017319397983448,0.003766242013938828,0.34930985533475967,0.34436425511755386,0.35425545555196547,0.0056421929975560515,0.6407614193208587,0.6367919106766923,0.6447309279650252,0.004528617941647613,0.8502457463199674,0.8479471713520199,0.8525443212879149,0.002622331571280575,0.483352294273796,0.46785268778203304,0.49885190076555896,0.017682741704121926,9.668695552009277,9.358650522493159,9.978740581525395,0.35371518473671876,0.028000000000000004,-0.006173767717358877,0.062173767717358885,0.038987177379235856,29.539440000000003,-6.513201466459268,65.59208146645928,41.13069239154624,0.048,0.02141326646614895,0.07458673353385105,0.030331501776206204,25.319519999999997,11.295283928228908,39.34375607177108,15.999563871931008,0.1312,0.10267274033490074,0.15972725966509926,0.032545352970892776,27.6826752,21.663537519702714,33.70181288029728,6.8669392954464925,0.1824,0.1608079510930528,0.20399204890694722,0.024633310780323464,19.242835200000002,16.964917224414886,21.520753175585117,2.598765020702565
robustness_alt_test,uptake(mmol/g) CO2 at 0.15 bar,71,2000,geometry_plus_topology,hgb,geometry_plus_topology | hgb,5,0.6058589487212522,0.6028786431788488,0.6088392542636557,0.003400084584966096,0.35272809187971893,0.34865036358946716,0.3568058201699707,0.004652080434069864,0.6317900661559065,0.6281593495462215,0.6354207827655914,0.004142106707292431,0.8466395032677111,0.8443895545754952,0.8488894519599269,0.0025668562355517623,0.4796359499431172,0.46336973538618276,0.49590216450005165,0.018557327288725528,9.594355981626652,9.268976174397325,9.919735788855979,0.37120988136252675,0.0,0.0,0.0,0.0,0.0,0.0,0.0,0.0,0.036,0.01782370774882842,0.05417629225117157,0.02073644135332772,18.98964,9.401827600429504,28.577452399570497,10.93826544946684,0.1192,0.09915043581521035,0.13924956418478965,0.022873565528793275,25.150723199999998,20.92034535526612,29.381101044733875,4.826230832313267,0.19039999999999999,0.17901174218767418,0.2017882578123258,0.012992305415129373,20.086819200000004,18.885380777315255,21.288257622684753,1.3706622366853192
robustness_alt_test,uptake(mmol/g) CO2 at 0.15 bar,71,2000,geometry_plus_topology,mlp,geometry_plus_topology | mlp,5,0.6161962516948991,0.6080108704846331,0.6243816329051651,0.009338300412196104,0.3589419376872445,0.3544053522281744,0.3634785231463147,0.005175568098070415,0.6190575274440026,0.6089812221742937,0.6291338327137114,0.011495563033218498,0.8437212261312771,0.8349744722238809,0.8524679800386733,0.009978743020101896,0.45164960182025027,0.4421747456895697,0.4611244579509308,0.010809399176138962,9.034533502622823,8.845004042616274,9.224062962629372,0.2162248756701378,0.004,-0.0038399999999999997,0.01184,0.00894427190999916,4.21992,-4.051123199999999,12.4909632,9.436027979610913,0.004,-0.0038399999999999997,0.01184,0.00894427190999916,2.10996,-2.0255615999999996,6.2454816,4.718013989805456,0.023200000000000005,0.0006949662519693256,0.045705033748030685,0.02567489045740994,4.8951072,0.14663509930051788,9.643579300699482,5.417299186951668,0.086,0.04928987496616225,0.12271012503383774,0.04188078318274385,9.072828000000001,5.199983229180187,12.945672770819815,4.418338864213111
robustness_alt_test,uptake(mmol/g) CO2 at 0.15 bar,71,2000,enriched_interpretable,rf,enriched_interpretable | rf,5,0.6310760856298422,0.6262780181661124,0.635874153093572,0.0054738801069029435,0.3785796588406343,0.3730311052439844,0.38412821243728423,0.006330072968831697,0.6004868395481135,0.5944010910021076,0.6065725880941195,0.006942932368795825,0.8337924728427313,0.8325909792679762,0.8349939664174864,0.001370725156980425,0.4572620401971938,0.44213802547245473,0.47238605492193286,0.01725424745776754,9.146801425241478,8.844269512949001,9.449333337533954,0.34514383737193033,0.028000000000000004,-0.006173767717358877,0.062173767717358885,0.038987177379235856,29.539440000000003,-6.513201466459268,65.59208146645928,41.13069239154624,0.068,0.029095110847092757,0.10690488915290725,0.044384682042344296,35.86932,15.34738002073296,56.39125997926705,23.41247593051619,0.1288,0.08640596570270764,0.17119403429729235,0.04836527680061389,27.1762848,18.231313139408506,36.121256460591496,10.204879943822329,0.1912,0.16914324992207602,0.213256750077924,0.025163465580082558,20.171217600000002,17.844274580279176,22.498160619720828,2.65469529176755
robustness_alt_test,uptake(mmol/g) CO2 at 0.15 bar,71,2000,enriched_interpretable,hgb,enriched_interpretable | hgb,5,0.6403859458618596,0.6364151102879045,0.6443567814358147,0.004530131770835716,0.3807255071284488,0.3757416258508288,0.38570938840606883,0.005685865983952437,0.5886206615271221,0.5835204068608304,0.5937209161934138,0.005818630681831009,0.8299706716870249,0.8268684885398982,0.8330728548341515,0.0035391287732802748,0.444899507015548,0.43035079025335576,0.4594482237777402,0.01659791819676143,8.899508568662547,8.608484579095283,9.190532558229812,0.33201501212020035,0.008,-0.0016019997917100567,0.01760199979171006,0.010954451150103323,8.43984,-1.6900777402582747,18.569757740258275,11.556726874336002,0.039999999999999994,0.014444726571605608,0.06555527342839437,0.029154759474226504,21.099600000000002,7.619448819256249,34.579751180743756,15.378844075059739,0.1232,0.09074202125824839,0.15565797874175163,0.03702971779530598,25.994707200000004,19.14620351740538,32.843210882594626,7.813122335938379,0.1872,0.16030868571452855,0.21409131428547146,0.03067898303399251,19.7492256,16.912245725511333,22.586205474488665,3.236571352120142
robustness_alt_test,uptake(mmol/g) CO2 at 0.15 bar,71,2000,geometry_only,rf,geometry_only | rf,5,0.6412621453708167,0.6353122813420482,0.6472120093995852,0.006787908380207704,0.3840191044100598,0.38040501663992904,0.3876331921801906,0.004123135678909708,0.587473701802556,0.5798149945326865,0.5951324090724255,0.00873744391591845,0.8315591739176826,0.8307844593570668,0.8323338884782985,0.0008838338881101013,0.43185437997724685,0.4108744394760592,0.4528343204784345,0.023934986288039133,8.638561505278648,8.218891091362398,9.058231919194899,0.4787814151337799,0.0,0.0,0.0,0.0,0.0,0.0,0.0,0.0,0.048,0.015556227099796184,0.08044377290020382,0.037013511046643494,25.319519999999997,8.205754232871481,42.43328576712851,19.52425694199398,0.1112,0.07397857305260852,0.14842142694739147,0.042464102486688686,23.462755200000004,15.60918299980819,31.316327400191817,8.959755768281367,0.16360000000000002,0.1449892865263043,0.18221071347369575,0.02123205124334434,17.259472800000005,15.296079749952053,19.222865850047956,2.239938942070341
robustness_alt_test,uptake(mmol/g) CO2 at 0.15 bar,71,2000,geometry_plus_topology,ridge,geometry_plus_topology | ridge,5,0.6548542879651078,0.6512462633213388,0.6584623126088768,0.004116218555082602,0.39228663995688573,0.3854804884032938,0.39909279151047766,0.0077648048668354066,0.5698255786806607,0.5650892200992685,0.574561937262053,0.005403479466228285,0.8323101811692724,0.8244495079771741,0.8401708543613706,0.008967856942062273,0.3817216533940083,0.37351669225493456,0.3899266145330821,0.009360638193731162,7.635735872157961,7.471608646096148,7.799863098219775,0.1872447114452503,0.004,-0.0038399999999999997,0.01184,0.00894427190999916,4.21992,-4.051123199999999,12.4909632,9.436027979610913,0.004,-0.0008009998958550283,0.00880099989585503,0.005477225575051661,2.10996,-0.4225194350645687,4.642439435064569,2.8891817185840005,0.024,0.017440585391972848,0.030559414608027153,0.007483314773547883,5.063904000000001,3.679893755364704,6.447914244635298,1.578949483959509,0.044000000000000004,0.032706589531943865,0.055293410468056144,0.012884098726725128,4.6419120000000005,3.450479782441014,5.833344217558987,1.3592466474720477
robustness_alt_test,uptake(mmol/g) CO2 at 0.15 bar,71,2000,geometry_only,hgb,geometry_only | hgb,5,0.6612492809647428,0.6557636729093739,0.6667348890201117,0.0062582614845536925,0.39183969158829524,0.387274135429784,0.39640524774680647,0.005208619349757116,0.5613652344203014,0.5540784056953924,0.5686520631452104,0.008313185902701407,0.8234384878584923,0.8199135524424653,0.8269634232745192,0.004021426125781964,0.4103905953735306,0.39658218806687295,0.4241990026801883,0.015753335407495548,8.209212557966767,7.932997284163625,8.48542783176991,0.3151204737997662,0.0,0.0,0.0,0.0,0.0,0.0,0.0,0.0,0.028000000000000004,0.008011843506716285,0.04798815649328372,0.02280350850198276,14.769719999999998,4.226167331357772,25.313272668642224,12.028622699710885,0.07999999999999999,0.05483860735173825,0.10516139264826173,0.02870540018881465,16.87968,11.570726796787365,22.188633203212635,6.056724618239135,0.13679999999999998,0.11086867407940734,0.1627313259205926,0.02958377933936095,14.432126399999998,11.696423378029316,17.16782942197068,3.1210295527439014
robustness_alt_test,uptake(mmol/g) CO2 at 0.15 bar,71,2000,enriched_interpretable,mlp,enriched_interpretable | mlp,5,0.6636225376869516,0.6539457895645834,0.6732992858093197,0.01103972785855033,0.397537677502792,0.38999060564791266,0.40508474935767136,0.008610084540094693,0.5581448735476554,0.5452528698211958,0.571036877274115,0.014707855458440994,0.8248276754035528,0.8214692046614046,0.8281861461457011,0.0038315147346365142,0.3877891543420554,0.3649300415035417,0.4106482671805691,0.026078841945027995,7.757106599313263,7.299846325093028,8.214366873533498,0.5216658451870618,0.02,-0.0014707242542025094,0.04147072425420251,0.02449489742783178,21.0996,-1.5515846736985637,43.75078467369856,25.841626888413973,0.026000000000000002,0.0023172298917546394,0.049682770108245365,0.027018512172212596,13.71474,1.2223155956016551,26.20716440439835,14.251994985720422,0.0504,0.03440947480537303,0.06639052519462697,0.01824280680158621,10.6341984,7.260261546034489,14.008135253965513,3.849159263907483,0.1016,0.07010797789915674,0.13309202210084325,0.03592770518694452,10.7185968,7.396251452405238,14.040942147594762,3.790301041812273
robustness_alt_test,uptake(mmol/g) CO2 at 0.15 bar,71,2000,geometry_only,mlp,geometry_only | mlp,5,0.6663367447167026,0.6539248689039701,0.6787486205294351,0.014160101043650734,0.4022218245414133,0.3940005234857597,0.4104431255970669,0.009379279604047042,0.5544608201948893,0.5380059307012137,0.5709157096885649,0.018772577280666135,0.8205823954510599,0.8119604506675018,0.8292043402346181,0.009836354405247777,0.3448615851346227,0.31166433180107694,0.3780588384681684,0.037873119959229457,6.8984087046894995,6.2343503368126685,7.5624670725663306,0.7575916589796721,0.008,-0.0016019997917100567,0.01760199979171006,0.010954451150103323,8.43984,-1.6900777402582747,18.569757740258275,11.556726874336002,0.026000000000000002,0.018160000000000003,0.03384,0.008944271909999158,13.71474,9.579218400000002,17.8502616,4.718013989805456,0.04479999999999999,0.031130492913056442,0.05846950708694354,0.015594870951694342,9.452620800000002,6.56840948268326,12.336832117316742,3.2904553913236994,0.07799999999999999,0.05782056492366547,0.0981794350763345,0.023021728866442673,8.228844,6.099953958316862,10.35773404168314,2.4287463519519696
robustness_alt_test,uptake(mmol/g) CO2 at 0.15 bar,71,2000,enriched_interpretable,ridge,enriched_interpretable | ridge,5,0.7110600652727733,0.7071645220850195,0.7149556084605272,0.004444234376073426,0.44023412308356064,0.43270864568158246,0.4477596004855388,0.00858544848671517,0.49281353662084487,0.48724725375033884,0.4983798194913509,0.0063502994287980424,0.8075993403461268,0.8014956709537492,0.8137030097385044,0.006963377384459837,0.2835798255593477,0.27892978916246497,0.2882298619562304,0.00530499871493774,5.672564360420946,5.579547762051902,5.7655809587899896,0.10611808009641684,0.0,0.0,0.0,0.0,0.0,0.0,0.0,0.0,0.0,0.0,0.0,0.0,0.0,0.0,0.0,0.0,0.04,0.03344058539197285,0.04655941460802715,0.007483314773547882,8.43984,7.055829755364703,9.823850244635297,1.578949483959509,0.0512,0.04920118435067163,0.05319881564932837,0.0022803508501982746,5.401497600000001,5.190626546627157,5.612368653372845,0.24057245399421742
robustness_alt_test,uptake(mmol/g) CO2 at 0.15 bar,71,2000,geometry_only,ridge,geometry_only | ridge,5,0.7467341357501389,0.7454838212531485,0.7479844502471293,0.0014264225553693578,0.4975074907470002,0.491864032355666,0.5031509491383344,0.006438345199599403,0.44066141110038376,0.43878796118115415,0.44253486101961337,0.0021373272305300235,0.7900105496019642,0.7872654332596959,0.7927556659442324,0.003131768748702752,0.18065984072810012,0.17504041349776048,0.18627926795843977,0.006410929225333074,3.6138134010491294,3.5014056775098097,3.726221124588449,0.12824046481118484,0.0,0.0,0.0,0.0,0.0,0.0,0.0,0.0,0.0,0.0,0.0,0.0,0.0,0.0,0.0,0.0,0.0024000000000000002,0.00047960004165798886,0.004320399958342012,0.0021908902300206644,0.5063904000000001,0.10119369038966902,0.9115871096103312,0.46226907497344016,0.008,0.006760387157213995,0.009239612842786005,0.001414213562373095,0.8439840000000001,0.7132073243117621,0.974760675688238,0.14919670240323676
robustness_alt_test,uptake(mmol/g) CO2 at 0.15 bar,71,2000,topology_only,ridge,topology_only | ridge,5,0.7938617072115858,0.792129543555223,0.7955938708679485,0.0019761406549906216,0.5203105990344739,0.5167117228743525,0.5239094751945952,0.004105781498283011,0.3678307523982768,0.3650733383185007,0.37058816647805287,0.003145798634946091,0.6462494885204972,0.6413972431616431,0.6511017338793513,0.005535689013217126,0.19742131209708003,0.1949606543117024,0.19988196988245766,0.0028072439170757366,3.9491000348156517,3.8998784809586615,3.998321588672642,0.056154459378774196,0.008,-0.007679999999999999,0.02368,0.01788854381999832,8.43984,-8.102246399999999,24.9819264,18.872055959221825,0.006,-0.0018399999999999996,0.01384,0.00894427190999916,3.16494,-0.9705815999999996,7.3004616,4.718013989805456,0.013600000000000001,0.0013034404811752345,0.025896559518824767,0.014028542333400144,2.8695456000000004,0.2750207277660497,5.464070472233951,2.9599663181780973,0.031599999999999996,0.014721224688976985,0.04847877531102301,0.019256167843057455,3.3337367999999996,1.5530597622376936,5.114413837762306,2.031487195106876
robustness_alt_test,uptake(mmol/g) CO2 at 0.15 bar,71,2000,topology_only,rf,topology_only | rf,5,0.7942622240490091,0.7919494547652394,0.7965749933327789,0.0026385251708074516,0.5204009905405937,0.516439756742235,0.5243622243389525,0.004519177575459165,0.3671902612980674,0.3635070385893382,0.37087348400679665,0.0042020083433619735,0.6449863353272078,0.640305240270149,0.6496674303842667,0.005340432018735639,0.19893818733409177,0.19768120562496913,0.2001951690432144,0.0014340288510571906,3.979442716604477,3.954298792382061,4.004586640826893,0.02868547131756387,0.0,0.0,0.0,0.0,0.0,0.0,0.0,0.0,0.002,-0.0019199999999999998,0.00592,0.00447213595499958,1.05498,-1.0127807999999998,3.1227408,2.359006994902728,0.008000000000000002,0.0014405853919728494,0.014559414608027154,0.007483314773547883,1.6879680000000001,0.30395775536470304,3.0719782446352975,1.578949483959509,0.0284,0.013659548989260879,0.04314045101073913,0.01681665840766233,2.9961432,1.441055099269044,4.551231300730956,1.7741238286915604
robustness_alt_test,uptake(mmol/g) CO2 at 0.15 bar,71,2000,topology_only,mlp,topology_only | mlp,5,0.7960891612135295,0.7932150173131359,0.798963305113923,0.003278969968569519,0.5257629614234955,0.5173047712435693,0.5342211516034218,0.009649534800477711,0.364272759331426,0.35968318655965725,0.36886233210319475,0.005236018727222958,0.6423966387241327,0.6342329161156074,0.6505603613326579,0.009313591174548186,0.19726962457337885,0.1942195041580418,0.2003197449887159,0.0034797329531905796,3.9460657666367696,3.8850529483627407,4.007078584910798,0.06960653528549474,0.0,0.0,0.0,0.0,0.0,0.0,0.0,0.0,0.004,-0.0038399999999999997,0.01184,0.00894427190999916,2.10996,-2.0255615999999996,6.2454816,4.718013989805456,0.009600000000000001,-0.0034247862170555393,0.02262478621705554,0.014859340496805366,2.0255616000000005,-0.7226161926538506,4.773739392653852,3.135261407463946,0.024399999999999998,0.008554275781776335,0.04024572421822366,0.018077610461562667,2.5741512,0.9024589864258397,4.2458434135741605,1.9071517484739386
robustness_alt_test,uptake(mmol/g) CO2 at 0.15 bar,71,2000,topology_only,hgb,topology_only | hgb,5,0.7990432909643925,0.7977040819507891,0.8003824999779959,0.0015278379543355776,0.5268515935735577,0.5220247002779237,0.5316784868691917,0.005506766086314048,0.35955270757071334,0.3574051479483566,0.3617002671930701,0.0024500455618997282,0.630043361509126,0.6255381547889811,0.6345485682292709,0.005139769632108609,0.20212362533181646,0.19936250404117004,0.2048847466224629,0.003150028010207846,4.043162348361011,3.98793049892593,4.098394197796091,0.06301131115299712,0.0,0.0,0.0,0.0,0.0,0.0,0.0,0.0,0.0,0.0,0.0,0.0,0.0,0.0,0.0,0.0,0.0016,-0.0003203999583420113,0.0035203999583420112,0.0021908902300206644,0.33759360000000005,-0.06760310961033106,0.7427903096103312,0.46226907497344016,0.0204,0.01847960004165799,0.022320399958342015,0.0021908902300206644,2.1521592000000003,1.9495608451948347,2.354757554805166,0.23113453748672014
robustness_alt_test,uptake(mmol/g) CO2 at 0.15 bar,71,5000,geometry_plus_topology,hgb,geometry_plus_topology | hgb,5,0.5721492597541631,0.5680729782811348,0.5762255412271914,0.00465042983118078,0.3283249219331136,0.3251202566701579,0.33152958719606923,0.0036560455985209547,0.6716151307369154,0.6669305518850986,0.6762997095887321,0.005344406509500082,0.8644979442983155,0.8615895203788553,0.8674063682177757,0.003318078362907931,0.5111111111111111,0.5031079310220402,0.5191142912001819,0.009130436079252654,10.223966628744787,10.063875712355557,10.384057545134016,0.18263988348293478,0.052000000000000005,0.025413266466148953,0.07858673353385105,0.030331501776206204,54.85896,26.810487856457826,82.90743214354218,31.999127743862015,0.084,0.06031722989175465,0.10768277010824537,0.02701851217221259,44.309160000000006,31.816735595601664,56.80158440439835,14.251994985720419,0.2,0.165646841193276,0.23435315880672403,0.03919183588453085,42.199200000000005,34.95082090441646,49.44757909558355,8.269320604292474,0.2392,0.2166949662519693,0.26170503374803067,0.02567489045740995,25.235121600000003,22.860885549650263,27.609357650349743,2.708649593475835
robustness_alt_test,uptake(mmol/g) CO2 at 0.15 bar,71,5000,geometry_plus_topology,rf,geometry_plus_topology | rf,5,0.5741721587406832,0.571827328446462,0.5765169890349043,0.0026751020069282283,0.3295405091558474,0.32643080579358297,0.3326502125181119,0.003547708218307659,0.6693006764071432,0.6666003755097294,0.672000977304557,0.003080641003224968,0.865825973912697,0.8625955257712519,0.8690564220541421,0.0036854600214587026,0.504133485020857,0.49565370255107305,0.5126132674906408,0.009674168386146877,10.084390292516186,9.91476570188341,10.254014883148963,0.19351638536248075,0.068,0.058398000208289946,0.07760199979171006,0.010954451150103326,71.73864,61.60872225974173,81.86855774025828,11.556726874336,0.076,0.07119900010414497,0.08080099989585503,0.005477225575051659,40.089240000000004,37.55676056493544,42.62171943506457,2.8891817185839983,0.16240000000000002,0.14740119684774816,0.17739880315225187,0.017111399708965944,34.2657504,31.101062930087473,37.43043786991253,3.6104368929929787,0.22080000000000002,0.2140557769906386,0.22754422300936145,0.007694153624668545,23.293958400000005,22.582456360958393,24.005460439041617,0.8117178190952826
robustness_alt_test,uptake(mmol/g) CO2 at 0.15 bar,71,5000,geometry_plus_topology,mlp,geometry_plus_topology | mlp,5,0.596159476341467,0.5916176335050255,0.6007013191779086,0.00518156598234884,0.3408470866303856,0.33670552343634913,0.34498864982442207,0.004724906548457522,0.6434728117265893,0.6380404130808103,0.6489052103723684,0.006197557475938611,0.8611088358474502,0.8571344158723027,0.8650832558225978,0.004534221038552569,0.4674251042851726,0.4551002809971267,0.4797499275732185,0.014060787083032189,9.350097393226608,9.103558863222386,9.596635923230831,0.2812637306950573,0.0,0.0,0.0,0.0,0.0,0.0,0.0,0.0,0.0,0.0,0.0,0.0,0.0,0.0,0.0,0.0,0.0392,0.021425490611552734,0.05697450938844727,0.020278066969018523,8.271043200000001,4.520692817075181,12.021393582924821,4.278591018195033,0.124,0.0996139449684866,0.1483860550315134,0.027820855486487113,13.081752,10.509071966285399,15.6544320337146,2.9350446121134173
robustness_alt_test,uptake(mmol/g) CO2 at 0.15 bar,71,5000,enriched_interpretable,hgb,enriched_interpretable | hgb,5,0.6051895769969392,0.6009901125337459,0.6093890414601325,0.004790963269793323,0.3561440887238114,0.3529006914638366,0.3593874859837862,0.003700233036398081,0.6325940732821316,0.6274935227415428,0.6376946238227204,0.005818968230321358,0.8468355668372058,0.8440300588194133,0.8496410748549984,0.003200666652655503,0.485930982176716,0.4828700136402982,0.4889919507131338,0.003492109043070552,9.72027811105028,9.659048293330333,9.781507928770228,0.0698540993223084,0.052000000000000005,0.015647415497656844,0.08835258450234316,0.041472882706655445,54.85896,16.507710401718015,93.21020959828199,43.75306179786736,0.096,0.06285339233043599,0.129146607669564,0.03781534080237807,50.63904000000001,33.15453592038169,68.12354407961833,19.94721411984641,0.2192,0.174340399645115,0.264059600354885,0.05117812032499826,46.250323200000004,36.78512696352069,55.71551943647932,10.798378676093332,0.244,0.22515951592978567,0.2628404840702143,0.021494185260204687,25.741512,23.753878611560527,27.729145388439473,2.2675935565810734
robustness_alt_test,uptake(mmol/g) CO2 at 0.15 bar,71,5000,enriched_interpretable,rf,enriched_interpretable | rf,5,0.6052644996579426,0.600974814294867,0.6095541850210182,0.004893891874450486,0.35837538355244536,0.35509843089859455,0.36165233620629617,0.003738514741356524,0.6325023023261525,0.6272913344096808,0.6377132702426241,0.005944938005000621,0.8484315602738107,0.8457596053191495,0.8511035152284719,0.0030483025058366045,0.48661357603337124,0.4813873862981807,0.4918397657685618,0.0059623038322437665,9.733932317855253,9.629390686326406,9.838473949384099,0.11926642580471186,0.05600000000000001,0.02719400062486984,0.08480599937513017,0.03286335345030996,59.078880000000005,28.689126779225177,89.46863322077483,34.67018062300801,0.08199999999999999,0.050153769453827025,0.11384623054617296,0.0363318042491699,43.25418,26.455611849199222,60.052748150800774,19.164663423394632,0.21760000000000002,0.18521785776079663,0.2499821422392034,0.03694319964486022,45.912729600000006,39.08022711609705,52.74523208390296,7.794867352266926,0.2408,0.22679731225799846,0.25480268774200154,0.01597498043817269,25.403918400000006,23.926662848594326,26.881173951405685,1.6853284862663422
robustness_alt_test,uptake(mmol/g) CO2 at 0.15 bar,71,5000,geometry_only,rf,geometry_only | rf,5,0.6182233615386521,0.6145362051806983,0.6219105178966059,0.004206496051048547,0.3664979367648497,0.3648400868672386,0.3681557866624608,0.0018913597283415596,0.6166032613331855,0.6120312275541443,0.6211752951122268,0.005216009349674292,0.8444317757870576,0.8429945486281782,0.845869002945937,0.0016396620542670028,0.4596890405764126,0.4495021889328591,0.46987589221996606,0.01162167997535258,9.195349716103596,8.991577915820773,9.399121516386419,0.2324732639438276,0.052000000000000005,0.025413266466148953,0.07858673353385105,0.030331501776206204,54.85896,26.810487856457826,82.90743214354218,31.999127743862015,0.1,0.041857003861170014,0.15814299613882998,0.066332495807108,52.749,22.079150966728566,83.41884903327144,34.9897282132914,0.2032,0.15266999877300613,0.25373000122699385,0.05764720288097246,42.87438720000001,32.21275906110921,53.536015338890806,12.163329219073667,0.22480000000000003,0.20557201040150067,0.2440279895984994,0.02193627133311402,23.715950400000004,21.687435953337516,25.744464846662492,2.3142327531008626
robustness_alt_test,uptake(mmol/g) CO2 at 0.15 bar,71,5000,geometry_only,hgb,geometry_only | hgb,5,0.6273706054336721,0.6256413086059591,0.629099902261385,0.001972870030633071,0.36999264022247097,0.36815370748420456,0.3718315729607374,0.0020979482698028186,0.6051853366909921,0.603008883698837,0.6073617896831471,0.002483008591985518,0.8407588997612369,0.8397694570142695,0.8417483425082042,0.0011288067561546437,0.45172544558210087,0.4399653442063393,0.4634855469578624,0.013416523519638618,9.036050636712265,8.80080847233227,9.27129280109226,0.2683762605754333,0.052000000000000005,0.006285337144412859,0.09771466285558715,0.05215361924162119,54.85896,6.630904980612662,103.08701501938734,55.02102522752553,0.074,0.0402788849531929,0.10772111504680709,0.03847076812334269,39.03426,21.246709023959728,56.82181097604028,20.292945477382034,0.1704,0.12090233524700383,0.21989766475299616,0.05646946077305856,35.9537184,25.509909127776822,46.39752767222318,11.914830345272264,0.202,0.17854542432701032,0.2254545756729897,0.026758176320519304,21.310596,18.836185175650932,23.785006824349068,2.8229340854621463
robustness_alt_test,uptake(mmol/g) CO2 at 0.15 bar,71,5000,enriched_interpretable,mlp,enriched_interpretable | mlp,5,0.6451046764324178,0.6375809480056452,0.6526284048591903,0.008583453166587167,0.3854041525816796,0.37962752102176617,0.391180784141593,0.006590275943335225,0.5824933571615366,0.5727329387540568,0.5922537755690164,0.011135183187737284,0.8373651774775395,0.8294357227037686,0.8452946322513103,0.009046326478909121,0.4269245354569587,0.40326639136094944,0.45058267955296794,0.02699041756130715,8.539947789464964,8.06670416302568,9.013191415904249,0.5399004686922227,0.004,-0.003839999999999998,0.011839999999999998,0.008944271909999158,4.21992,-4.051123199999999,12.4909632,9.436027979610913,0.014000000000000002,0.004005921753358144,0.02399407824664186,0.011401754250991379,7.384859999999999,2.113083665678885,12.656636334321114,6.0143113498554435,0.06,0.04300328502327582,0.07699671497672417,0.019390719429665314,12.659760000000002,9.073521126771107,16.245998873228896,4.091364236781663,0.12840000000000001,0.1059359715099896,0.15086402849001043,0.025628109567426158,13.545943200000002,11.17603312236088,15.915853277639123,2.703714303144325
robustness_alt_test,uptake(mmol/g) CO2 at 0.15 bar,71,5000,geometry_plus_topology,ridge,geometry_plus_topology | ridge,5,0.6498031919678229,0.646675340311728,0.6529310436239177,0.003568412717634445,0.3903658941097276,0.3870449006499852,0.39368688756947,0.0037887587391919656,0.5764392943846479,0.5723653203483582,0.5805132684209376,0.0046477973896495665,0.8321224471916409,0.8276111413469093,0.8366337530363724,0.005146727824546943,0.3918847174819871,0.38635947449700575,0.39740996046696847,0.00630347903399092,7.839031840143093,7.728508122958876,7.949555557327311,0.12609109426013893,0.004,-0.0038399999999999997,0.01184,0.00894427190999916,4.21992,-4.051123199999999,12.4909632,9.436027979610913,0.002,-0.0019199999999999998,0.00592,0.00447213595499958,1.05498,-1.0127807999999998,3.1227408,2.359006994902728,0.019200000000000002,0.008565306586459582,0.02983469341354042,0.01213260071048248,4.0511232,1.8072454285166257,6.295000971483375,2.5599302195089617,0.0412,0.03349842197987971,0.04890157802012029,0.008786353054595518,4.3465176,3.5340165220333497,5.1590186779666505,0.9269426745537179
robustness_alt_test,uptake(mmol/g) CO2 at 0.15 bar,71,5000,geometry_only,mlp,geometry_only | mlp,5,0.6546379326614661,0.6473644793578682,0.6619113859650639,0.008297926539803633,0.3908744846415815,0.38694482521865325,0.3948041440645097,0.004483155917392881,0.5700681124176367,0.5604977404786693,0.579638484356604,0.010918368482391631,0.8306297520166102,0.8261400273298625,0.8351194767033578,0.005122106938687094,0.3690557451649602,0.34843435357674596,0.38967713675317445,0.02352593539892316,7.3823744792212675,6.969876267280914,7.794872691161621,0.4705990012733402,0.008,-0.0016019997917100567,0.01760199979171006,0.010954451150103323,8.43984,-1.6900777402582747,18.569757740258275,11.556726874336002,0.016,0.008160000000000002,0.02384,0.008944271909999158,8.43984,4.3043184000000005,12.5753616,4.718013989805456,0.0392,0.02553049291305645,0.052869507086943546,0.015594870951694342,8.271043200000001,5.386831882683259,11.155254517316743,3.2904553913237,0.0824,0.06547576601438045,0.09932423398561956,0.019308029417835472,8.6930352,6.907562362985109,10.478508037014892,2.036958487522807
robustness_alt_test,uptake(mmol/g) CO2 at 0.15 bar,71,5000,enriched_interpretable,ridge,enriched_interpretable | ridge,5,0.7066601034768047,0.7046628336918227,0.7086573732617868,0.0022785872492991363,0.4412181475972005,0.43761198600212464,0.4448243091922764,0.004114093094101378,0.4990824329093052,0.4962516274790736,0.5019132383395368,0.0032295272311598892,0.8045130004355151,0.8016625503972851,0.8073634504737451,0.003251938802014946,0.28737201365187715,0.28337353110256003,0.29137049620119426,0.0045616728505712845,5.748421064893009,5.6684377672085455,5.828404362577472,0.09124902586074506,0.0,0.0,0.0,0.0,0.0,0.0,0.0,0.0,0.0,0.0,0.0,0.0,0.0,0.0,0.0,0.0,0.036000000000000004,0.03249384541128034,0.03950615458871967,0.004,7.595856,6.856071406398505,8.335640593601497,0.8439839999999998,0.05,0.048760387157214,0.051239612842786005,0.001414213562373094,5.274900000000001,5.144123324311763,5.405676675688238,0.1491967024032366
robustness_alt_test,uptake(mmol/g) CO2 at 0.15 bar,71,5000,geometry_only,ridge,geometry_only | ridge,5,0.7457504752706895,0.7445295723274232,0.7469713782139558,0.0013928683546290297,0.49670732202712015,0.49289540305569846,0.5005192409985418,0.004348831604499964,0.4421341270043107,0.44030789147699984,0.4439603625316216,0.002083462643873604,0.7888906775372175,0.785557872069893,0.792223483004542,0.003802234479959504,0.18354190367842244,0.18045935342794672,0.18662445392889815,0.0035167305633279186,3.6714644964478977,3.6098029707890644,3.733126022106731,0.07034661375994858,0.0,0.0,0.0,0.0,0.0,0.0,0.0,0.0,0.0,0.0,0.0,0.0,0.0,0.0,0.0,0.0,0.004,0.004,0.004,0.0,0.8439840000000001,0.8439840000000001,0.8439840000000001,0.0,0.0088,0.006801184350671629,0.010798815649328372,0.0022803508501982764,0.9283824,0.7175113466271555,1.1392534533728447,0.24057245399421773
robustness_alt_test,uptake(mmol/g) CO2 at 0.15 bar,71,5000,topology_only,ridge,topology_only | ridge,5,0.7917411805226273,0.789418443229301,0.7940639178159536,0.0026498971845670782,0.5180505815503418,0.5143377888882106,0.521763374212473,0.0042357432545345975,0.37120096647248146,0.367506335786099,0.37489559715886395,0.004215023146177514,0.6475622240837511,0.6435825019822023,0.6515419461852998,0.0045402699748067245,0.20151687523701173,0.19767913112459395,0.2053546193494295,0.004378294242661079,4.031025275645481,3.954257295294353,4.107793255996609,0.08758082783698494,0.0,0.0,0.0,0.0,0.0,0.0,0.0,0.0,0.006,-0.0018399999999999996,0.01384,0.00894427190999916,3.16494,-0.9705815999999996,7.3004616,4.718013989805456,0.024,0.00871702646733955,0.03928297353266045,0.01743559577416269,5.063904,1.8392577165027748,8.288550283497225,3.678840965965232,0.0348,0.021130492913056447,0.048469507086943545,0.015594870951694342,3.6713304,2.2292247413416293,5.113436058658371,1.64522769566185
robustness_alt_test,uptake(mmol/g) CO2 at 0.15 bar,71,5000,topology_only,rf,topology_only | rf,5,0.7921370616255647,0.7890787301950479,0.7951953930560816,0.003489100498142686,0.5179532718570051,0.5139696956175928,0.5219368480964175,0.00454466697187701,0.3705678649246177,0.36569433448015654,0.37544139536907883,0.005559972124607058,0.6472230463612266,0.6419385096855851,0.6525075830368682,0.006028868998125179,0.1982555934774365,0.19326184437115024,0.20324934258372274,0.005697123706242278,3.9657885097995056,3.8658964841614725,4.065680535437538,0.11396191823305796,0.0,0.0,0.0,0.0,0.0,0.0,0.0,0.0,0.008,-0.0016019997917100567,0.01760199979171006,0.010954451150103323,4.21992,-0.8450388701291374,9.284878870129138,5.778363437168001,0.017599999999999998,-0.0005509122635750721,0.03575091226357507,0.020707486568871652,3.7135295999999998,-0.1162402839652863,7.543299483965286,4.369196836085644,0.035199999999999995,0.022461507781530807,0.047938492218469186,0.014532721699667963,3.7135296,2.3696441479359382,5.057415052064062,1.5331730738715705
robustness_alt_test,uptake(mmol/g) CO2 at 0.15 bar,71,5000,topology_only,mlp,topology_only | mlp,5,0.7930812210594483,0.7899755101624523,0.7961869319564444,0.0035431534102780423,0.5235179208709815,0.5172067359901664,0.5298291057517965,0.007200121638811886,0.36906623075190764,0.36412177740947665,0.37401068409433863,0.005640884584312105,0.6435771505764369,0.6375804823596164,0.6495738187932575,0.006841304985368927,0.19711793704967767,0.19553423358076533,0.19870164051859002,0.0018067697003521632,3.943031498457887,3.911352023948347,3.974710972967427,0.03614156045653237,0.0,0.0,0.0,0.0,0.0,0.0,0.0,0.0,0.0,0.0,0.0,0.0,0.0,0.0,0.0,0.0,0.0088,-0.0009291841384568306,0.018529184138456833,0.011099549540409287,1.8567648,-0.19605413647783765,3.909583736477838,2.3419605548281983,0.022,0.015098127790229668,0.028901872209770328,0.007874007874011811,2.320956,1.5928222856136491,3.0490897143863505,0.8306920826924983
robustness_alt_test,uptake(mmol/g) CO2 at 0.15 bar,71,5000,topology_only,hgb,topology_only | hgb,5,0.793893140241547,0.7930939907411709,0.7946922897419231,0.0009117105137887543,0.52201836036848,0.5180759819168274,0.5259607388201327,0.004497666434145759,0.36778315679261797,0.3665102264804923,0.36905608710474364,0.0014522238308841777,0.6356174530403723,0.6325960500379267,0.6386388560428179,0.0034469706637195495,0.19825559347743646,0.19554088089186275,0.20097030606301017,0.003097082592202568,3.9657885097995065,3.911484992857365,4.020092026741648,0.06195222209180635,0.0,0.0,0.0,0.0,0.0,0.0,0.0,0.0,0.0,0.0,0.0,0.0,0.0,0.0,0.0,0.0,0.0048000000000000004,0.0009592000833159777,0.008640799916684023,0.004381780460041329,1.0127808,0.20238738077933782,1.8231742192206624,0.9245381499468803,0.019200000000000002,0.016848000000000002,0.021552,0.002683281572999747,2.0255616,1.7774303040000001,2.273692896,0.28308083938832745
robustness_alt_test,uptake(mmol/g) CO2 at 0.15 bar,71,10000,geometry_plus_topology,hgb,geometry_plus_topology | hgb,5,0.5448087306883113,0.542319657150277,0.5472978042263456,0.002839662057163547,0.31312345274112985,0.31133147958946766,0.31491542589279203,0.0020443743780465527,0.7022587132121375,0.6995312806895961,0.7049861457346789,0.0031115941451256633,0.8729570845708443,0.8718131600625542,0.8741010090791345,0.001305047429420773,0.5463026166097837,0.5428116258795597,0.5497936073400078,0.0039827002967360295,10.92791684624554,10.858085116996927,10.997748575494152,0.07966759876849788,0.10800000000000001,0.06959200083315978,0.14640799916684025,0.04381780460041329,113.93784000000001,73.41816903896691,154.4575109610331,46.226907497344015,0.164,0.11737012116678835,0.21062987883321166,0.053197744313081545,86.50836000000001,61.911565214269196,111.10515478573083,28.061278147707387,0.2664,0.23828509975119957,0.29451490024880045,0.032074912314767126,56.2093344,50.277202907104105,62.1414658928959,6.767678198766604,0.298,0.2839207045630827,0.31207929543691726,0.016062378404209023,31.438404000000002,29.9530664899961,32.9237415100039,1.694548796887243
robustness_alt_test,uptake(mmol/g) CO2 at 0.15 bar,71,10000,geometry_plus_topology,rf,geometry_plus_topology | rf,5,0.547040225715954,0.5453109399158836,0.5487695115160244,0.0019728574497359357,0.3133076627283122,0.3112646367296487,0.31535068872697564,0.0023307882718422725,0.6998180675560007,0.6979215067320614,0.70171462837994,0.002163693329485291,0.8764558856219153,0.8753087948462397,0.877602976397591,0.0013086596687620882,0.5358361774744027,0.5284220938201005,0.5432502611287049,0.008458364817290663,10.718552341902642,10.570245364776824,10.86685931902846,0.16919616448512137,0.11599999999999999,0.0800726065515462,0.1519273934484538,0.040987803063838396,122.37768000000001,84.47499845975024,160.28036154024977,43.24131247628823,0.126,0.09786870781496164,0.15413129218503835,0.03209361307176243,66.46374,51.62476468531412,81.30271531468588,16.929059959223967,0.248,0.22755578125728448,0.2684442187427155,0.023323807579381208,52.327008,48.013359622162,56.640656377838,4.921230104019117,0.28359999999999996,0.2685500586047652,0.2986499413952347,0.017169740825067798,29.919232800000003,28.33149408268553,31.506971517314476,1.8113733175630018
robustness_alt_test,uptake(mmol/g) CO2 at 0.15 bar,71,10000,geometry_plus_topology,mlp,geometry_plus_topology | mlp,5,0.5776462993721042,0.5740071546931943,0.5812854440510141,0.004151721878571033,0.33180957646831644,0.3280308021434969,0.335588350793136,0.004311018500983333,0.6652786279476912,0.6610634451764791,0.6694938107189033,0.004808895517355249,0.8692635667368677,0.8659831090747655,0.8725440243989698,0.003742513433556307,0.49381873340917715,0.48767877469867216,0.49995869211968214,0.007004778089658747,9.878060056352174,9.755239926651594,10.000880186052754,0.14011946888563148,0.016,0.0013327030438461535,0.030667296956153847,0.01673320053068151,16.87968,1.4059750571968141,32.35338494280319,17.653191895858377,0.02,0.009264637872898746,0.030735362127101255,0.01224744871391589,10.5498,4.88700383157536,16.21259616842464,6.460406722103492,0.10079999999999997,0.08319924365261536,0.11840075634738459,0.020079840636817815,21.2683968,17.554707613727235,24.982085986272768,4.2367660550060116,0.19360000000000002,0.18034135693217443,0.20685864306782561,0.015126136320951224,20.424412800000002,19.025652473630537,21.82317312636947,1.5957771295877117
robustness_alt_test,uptake(mmol/g) CO2 at 0.15 bar,71,10000,enriched_interpretable,rf,enriched_interpretable | rf,5,0.5800681791982631,0.5769117201024994,0.5832246382940269,0.003601049544043487,0.3414534921410716,0.33915304647048367,0.3437539378116596,0.002624465764275421,0.6624695342928618,0.6587911537709744,0.6661479148147492,0.0041964841296180415,0.859335778766823,0.8580455922848896,0.8606259652487563,0.001471910549619484,0.5183162684869169,0.5125474294262591,0.5240851075475748,0.006581385862697484,10.368094367241707,10.252697897158034,10.483490837325379,0.13165017932174064,0.12,0.08493845411280329,0.1550615458871967,0.04,126.59760000000001,89.60837031992524,163.5868296800748,42.1992,0.158,0.13899709495892798,0.17700290504107202,0.0216794833886788,83.34342,73.31957761988492,93.36726238011506,11.435710692694181,0.2696,0.24748063798388392,0.2917193620161161,0.02523489647294,56.88452160000001,52.21742469204757,61.55161850795244,5.32446221620445,0.28680000000000005,0.264813027857388,0.30878697214261214,0.02508385935218103,30.2568264,27.93724481289871,32.57640798710129,2.646296993936396
robustness_alt_test,uptake(mmol/g) CO2 at 0.15 bar,71,10000,enriched_interpretable,hgb,enriched_interpretable | hgb,5,0.5813597499213751,0.5780986373466196,0.5846208624961305,0.0037204435711390422,0.34202843420492945,0.34010435246302023,0.3439525159468387,0.002195090596517955,0.6609641257424644,0.6571623787313189,0.66476587275361,0.004337226913356185,0.8547717304020178,0.8535627379322172,0.8559807228718185,0.001379280278958999,0.5185437997724687,0.5131963948020832,0.5238912047428541,0.0061005923556132595,10.372645769510031,10.265679419573415,10.479612119446648,0.12203266824658444,0.10800000000000001,0.06959200083315978,0.14640799916684025,0.04381780460041329,113.93784000000001,73.41816903896691,154.4575109610331,46.226907497344015,0.14800000000000002,0.13113944247659648,0.16486055752340356,0.01923538406167135,78.06852,69.17474451197987,86.96229548802015,10.146472738691019,0.2472,0.2328718771641223,0.26152812283587773,0.016346253393362046,52.158211200000004,49.13503459412115,55.181387805878856,3.4489940809858184,0.2712,0.2605653065864596,0.2818346934135404,0.01213260071048247,28.611057600000002,27.489118714258318,29.732996485741687,1.279965109754479
robustness_alt_test,uptake(mmol/g) CO2 at 0.15 bar,71,10000,geometry_only,rf,geometry_only | rf,5,0.598190266880557,0.5961105132432926,0.6002700205178214,0.0023726890353957665,0.3529690591833587,0.3513832894702144,0.35455482889650297,0.0018091269771688442,0.641056861560586,0.6385635475950987,0.6435501755260734,0.002844499753101627,0.8536559372133568,0.8528917411663037,0.8544201332604098,0.0008718338312995653,0.4838073568448995,0.4792655035888955,0.4883492101009035,0.005181577869517183,9.677798356545924,9.586945790220193,9.768650922871656,0.10364924195645145,0.11600000000000002,0.05476764254089185,0.1772323574591082,0.06985699678629192,122.37768000000001,57.778767527790066,186.97659247220997,73.69773446960225,0.162,0.13138382127044593,0.19261617872955408,0.034928498393145956,85.45338000000001,69.30365188194753,101.60310811805249,18.42443361740056,0.2488,0.2235897976208044,0.2740102023791956,0.028761084819596074,52.49580480000001,47.176552938799254,57.815056661200764,6.068473852595494,0.26080000000000003,0.24298231709789406,0.27861768290210603,0.020327321515635058,27.513878400000003,25.634148489193624,29.393608310806382,2.144491765256468
robustness_alt_test,uptake(mmol/g) CO2 at 0.15 bar,71,10000,geometry_only,hgb,geometry_only | hgb,5,0.6070468136550906,0.6044758774102654,0.6096177498999158,0.0029330552087996247,0.35769450879936804,0.3556367323693963,0.3597522852293398,0.0023476163162824987,0.6303472141511015,0.6272182260923367,0.6334762022098663,0.003569709183767004,0.8492762342691949,0.8489084753122479,0.8496439932261418,0.00041955817707543856,0.47645051194539245,0.46888302738051646,0.48401799651026844,0.008633372400889338,9.53063634987012,9.379260830980229,9.68201186876001,0.17269691345260244,0.076,0.036023687013432566,0.11597631298656744,0.045607017003965515,80.17848000000001,38.004269325431096,122.35269067456892,48.11449079884355,0.11000000000000001,0.07229864723912419,0.14770135276087584,0.04301162633521313,58.023900000000005,38.13681343216561,77.9109865678344,22.688202775561574,0.2096,0.17074649132961092,0.2484535086703891,0.04432606456702423,44.22476160000001,36.02682668458259,52.42269651541743,9.352622319383844,0.2344,0.2114286662119937,0.2573713337880063,0.026206869328479515,24.728731200000006,22.305301428032916,27.152160971967096,2.764772300415933
robustness_alt_test,uptake(mmol/g) CO2 at 0.15 bar,71,10000,geometry_only,mlp,geometry_only | mlp,5,0.6265245961918839,0.6226032052586319,0.630445987125136,0.004473722802603491,0.37370305570498696,0.3714248479742462,0.37598126343572774,0.0025990955881642483,0.606236487958528,0.601301423001279,0.6111715529157771,0.005630173835605119,0.8456471353914372,0.8404959336971071,0.8507983370857674,0.005876753650170556,0.44747819491846796,0.43656706872143713,0.4583893211154988,0.012447969330428413,8.951091127703553,8.73283136442438,9.169350890982725,0.24900187114553213,0.0,0.0,0.0,0.0,0.0,0.0,0.0,0.0,0.028000000000000004,0.02066635152192308,0.03533364847807693,0.008366600265340756,14.769720000000001,10.901293764299204,18.6381462357008,4.413297973964595,0.0744,0.052986607555083665,0.09581339244491632,0.024429490375363953,15.6981024,11.179962247692432,20.21624255230757,5.154524751240293,0.15760000000000002,0.13846012079452957,0.17673987920547046,0.021835750502329884,16.626484800000004,14.607265823581283,18.645703776418724,2.3036280064947987
robustness_alt_test,uptake(mmol/g) CO2 at 0.15 bar,71,10000,enriched_interpretable,mlp,enriched_interpretable | mlp,5,0.626540831452314,0.6225171586381923,0.6305645042664356,0.004590411189588732,0.3708270561212713,0.3687985170739077,0.3728555951686349,0.0023142608188355587,0.6062152324160661,0.6011756866002685,0.6112547782318637,0.005749370928493873,0.846890898298162,0.8445607372525435,0.8492210593437804,0.002658366579859647,0.45066363291619266,0.4414112042513744,0.4599160615810109,0.010555642577296508,9.014810759460087,8.829730607908893,9.19989091101128,0.2111488776298117,0.008,-0.0016019997917100567,0.01760199979171006,0.010954451150103323,8.43984,-1.6900777402582747,18.569757740258275,11.556726874336002,0.022000000000000002,0.018080000000000006,0.02592,0.004472135954999578,11.604779999999998,9.537019199999998,13.672540799999998,2.3590069949027286,0.0792,0.07082917065040746,0.08757082934959255,0.009549869109050656,16.7108832,14.944671690553372,18.477094709446632,2.0149841825332526,0.1588,0.15457803079120655,0.16302196920879344,0.0048166378315169225,16.7530824,16.30767309241071,17.19849170758929,0.5081456579493725
robustness_alt_test,uptake(mmol/g) CO2 at 0.15 bar,71,10000,geometry_plus_topology,ridge,geometry_plus_topology | ridge,5,0.6459433916305019,0.6443773741238243,0.6475094091371794,0.0017865926524926977,0.3891347699682619,0.3876185313046835,0.3906510086318403,0.0017298024091197545,0.5814637470434152,0.5794342494743007,0.5834932446125297,0.0023153543493421467,0.8324294257248038,0.8291158430725786,0.8357430083770291,0.0037803041119589954,0.3975729996207812,0.39198808705459665,0.40315791218696573,0.006371553135908881,7.952816896851189,7.8410995843924605,8.064534209309919,0.12745280863331734,0.004,-0.0038399999999999997,0.01184,0.00894427190999916,4.21992,-4.051123199999999,12.4909632,9.436027979610913,0.002,-0.0019199999999999998,0.00592,0.00447213595499958,1.05498,-1.0127807999999998,3.1227408,2.359006994902728,0.0256,0.01923075389076541,0.03196924610923459,0.0072663608498339805,5.4014976,4.057612147935938,6.745383052064062,1.5331730738715705,0.0468,0.037982178046705645,0.05561782195329436,0.010059821071967432,4.9373064,4.007043819571352,5.867568980428648,1.0612910034504202
robustness_alt_test,uptake(mmol/g) CO2 at 0.15 bar,71,10000,enriched_interpretable,ridge,enriched_interpretable | ridge,5,0.704905853747616,0.7040946218803326,0.7057170856148995,0.0009254946942653556,0.4395504287241872,0.4378371913342232,0.4412636661141512,0.001954548604874405,0.5015698119266132,0.5004225203624174,0.502717103490809,0.0013088887385479277,0.8042806505110773,0.8019075211360956,0.806653779886059,0.002707387041765614,0.29055745164960184,0.28358338716806974,0.29753151613113393,0.00795636850008807,5.812140696649544,5.672635604751046,5.951645788548041,0.15915452484305867,0.0,0.0,0.0,0.0,0.0,0.0,0.0,0.0,0.0,0.0,0.0,0.0,0.0,0.0,0.0,0.0,0.036000000000000004,0.03249384541128034,0.03950615458871967,0.004,7.595856,6.856071406398505,8.335640593601497,0.8439839999999998,0.0496,0.048133270304384614,0.05106672969561538,0.00167332005306815,5.232700800000001,5.0779637505719695,5.387437849428032,0.17653191895858358
robustness_alt_test,uptake(mmol/g) CO2 at 0.15 bar,71,10000,geometry_only,ridge,geometry_only | ridge,5,0.7446300808547328,0.7442170086086614,0.7450431531008043,0.0004712538886909091,0.4949763567511276,0.49223018784542794,0.4977225256568273,0.0031329695667554258,0.44381048562272885,0.4431935108392522,0.4444274604062055,0.0007038763042127597,0.7898306787633035,0.7873556059036982,0.7923057516229087,0.002823689369052153,0.18543799772468714,0.18290651518564915,0.18796948026372512,0.0028880444087462675,3.7093928486839296,3.6587545580310232,3.760031139336836,0.05777074498178125,0.0,0.0,0.0,0.0,0.0,0.0,0.0,0.0,0.0,0.0,0.0,0.0,0.0,0.0,0.0,0.0,0.004,0.004,0.004,0.0,0.8439840000000001,0.8439840000000001,0.8439840000000001,0.0,0.008400000000000001,0.00647960004165799,0.010320399958342013,0.0021908902300206644,0.8861832000000002,0.6835848451948345,1.0887815548051658,0.2311345374867201
robustness_alt_test,uptake(mmol/g) CO2 at 0.15 bar,71,10000,topology_only,mlp,topology_only | mlp,5,0.7895045623850214,0.7891435141948103,0.7898656105752325,0.000411902192074121,0.5142432781048594,0.5078436892068632,0.5206428670028556,0.007300977451006316,0.3747540495034157,0.37418218066426395,0.3753259183425674,0.00065241714212102,0.6477056675727931,0.6451681063571787,0.6502432287884076,0.0028949792730514103,0.1987864998103906,0.19680042754166557,0.2007725720791156,0.0022658125515797726,3.9764084484255946,3.936680224647447,4.016136672203743,0.04532398418023576,0.0,0.0,0.0,0.0,0.0,0.0,0.0,0.0,0.002,-0.0019199999999999998,0.00592,0.00447213595499958,1.05498,-1.0127807999999998,3.1227408,2.359006994902728,0.009600000000000001,0.000799621826307691,0.018400378173692312,0.010039920318408908,2.0255616000000005,0.16871700686361768,3.8824061931363834,2.1183830275030058,0.0248,0.016901418861592927,0.03269858113840707,0.009011104260855047,2.6163504,1.7830658870603304,3.4496349129396693,0.9506534773116859
robustness_alt_test,uptake(mmol/g) CO2 at 0.15 bar,71,10000,topology_only,ridge,topology_only | ridge,5,0.789635639467624,0.7884230679683475,0.7908482109669006,0.0013833634183475093,0.5166447893174165,0.5132881301520323,0.5200014484828007,0.0038294479954575807,0.37454502050839444,0.37262329749313367,0.3764667435236552,0.0021923996408413342,0.6493662512050268,0.646783497136867,0.6519490052731866,0.002946537584474118,0.20204778156996586,0.19583181377731848,0.20826374936261324,0.0070914931277086144,4.04164521427157,3.9173046435114802,4.16598578503166,0.1418540656023899,0.0,0.0,0.0,0.0,0.0,0.0,0.0,0.0,0.008,0.004080000000000001,0.01192,0.004472135954999579,4.21992,2.1521592000000003,6.2876808,2.359006994902728,0.0232,0.013791999999999997,0.032608,0.010733126291998992,4.8951072,2.910056832,6.880157568,2.264646715106619,0.0352,0.02547081586154317,0.04492918413845683,0.011099549540409287,3.7135296,2.6871201317610813,4.739939068238919,1.1709802774140992
robustness_alt_test,uptake(mmol/g) CO2 at 0.15 bar,71,10000,topology_only,rf,topology_only | rf,5,0.7899265940109597,0.7882985008165357,0.7915546872053836,0.0018574117634880458,0.5169117640052014,0.5132817792014177,0.5205417488089852,0.004141271825791653,0.37408278506310433,0.37149959439872937,0.3766659757274793,0.002947035675706732,0.6509879841766347,0.6490934140132084,0.652882554340061,0.0021614222824306983,0.20144103147516118,0.1980074832694116,0.20487457968091077,0.0039171669347339315,4.02950814155604,3.960825458846489,4.09819082426559,0.07835670786510425,0.0,0.0,0.0,0.0,0.0,0.0,0.0,0.0,0.015999999999999997,0.0027066332330744694,0.029293366766925524,0.015165750888103104,8.43984,1.4277219641144558,15.451958035885545,7.999781935965505,0.029599999999999998,0.013229599394028256,0.04597040060597174,0.018676188047886004,6.245481600000001,2.7913925537423867,9.699570646257614,3.9406009733517555,0.0412,0.02946616243507692,0.05293383756492308,0.01338656042454521,4.3465176,3.108621204575745,5.5844139954242555,1.4122553516686707
robustness_alt_test,uptake(mmol/g) CO2 at 0.15 bar,71,10000,topology_only,hgb,topology_only | hgb,5,0.7920501515714122,0.7916130157181268,0.7924872874246977,0.0004987068792594788,0.5192779731110632,0.5161177948950036,0.5224381513271227,0.003605292506185239,0.37071554227318043,0.3700210202134365,0.37141006433292434,0.0007923461925818975,0.6424320495639064,0.6388735790288145,0.6459905200989984,0.004059684700201918,0.19954493742889648,0.19468575504099886,0.2044041198167941,0.00554360312980042,3.991579789320008,3.8943795573218236,4.088780021318192,0.11089098274320923,0.0,0.0,0.0,0.0,0.0,0.0,0.0,0.0,0.0,0.0,0.0,0.0,0.0,0.0,0.0,0.0,0.0056,0.0036796000416579886,0.007520399958342011,0.0021908902300206644,1.1815776,0.776380890389669,1.586774309610331,0.46226907497344016,0.0256,0.019865534375375506,0.0313344656246245,0.006542170893518449,2.7007488000000004,2.0957741455333654,3.3057234544666354,0.6901859449244095
robustness_alt_test,uptake(mmol/g) CO2 at 0.15 bar,71,20000,geometry_plus_topology,rf,geometry_plus_topology | rf,5,0.5248074437931762,0.5211868808874126,0.5284280066989399,0.004130522843929429,0.2990950545035308,0.2981293340459145,0.3000607749611471,0.001101743158414415,0.7237113786827498,0.719880049269095,0.7275427080964046,0.004370976027105449,0.8851429363052009,0.8844289232702932,0.8858569493401086,0.0008145824912624745,0.5622298065984073,0.5550059367593347,0.5694536764374798,0.008241359194273825,11.24651500502821,11.102012953400891,11.391017056655528,0.16485531139125909,0.16399999999999998,0.1186227193410623,0.20937728065893765,0.05176871642217914,173.01672000000002,125.14459645043395,220.8888435495661,54.614960451070544,0.16999999999999998,0.14944334657586503,0.19055665342413494,0.023452078799117145,89.6733,78.82987088530304,100.51672911469696,12.370737045746303,0.2896,0.2653593082606952,0.31384069173930484,0.027655017627909766,61.104441599999994,55.98975260577364,66.21913059422636,5.835098099418451,0.31920000000000004,0.3078658434808761,0.330534156519124,0.012930583900195702,33.6749616,32.479230755545466,34.87069244445454,1.3641507403028457
robustness_alt_test,uptake(mmol/g) CO2 at 0.15 bar,71,20000,geometry_plus_topology,hgb,geometry_plus_topology | hgb,5,0.5323849827197039,0.5278186160679732,0.5369513493714346,0.00520954400176424,0.30781384574634457,0.3046391588931382,0.31098853259955095,0.003621844699512445,0.7156675910580301,0.7107944461762901,0.7205407359397702,0.005559532254987759,0.8761804449099507,0.8739323844260887,0.8784285053938128,0.0025647020711462316,0.5578308684110732,0.5512960174296468,0.5643657193924996,0.007455291335357443,11.158521227840614,11.027801904966417,11.289240550714812,0.1491312713874742,0.128,0.07903921569255656,0.17696078430744344,0.055856960175075764,135.03744,83.38479177133333,186.6900882286667,58.92797584550143,0.178,0.15617436369770632,0.19982563630229366,0.024899799195977464,93.89322,82.3804151069031,105.4060248930969,13.134395077886152,0.296,0.2841100513037272,0.3078899486962728,0.013564659966250529,62.45481600000001,59.94608438488123,64.96354761511878,2.862088994238995,0.31880000000000003,0.3063050960788008,0.33129490392119926,0.014254823744964383,33.632762400000004,32.314575026121325,34.95094977387868,1.5038553954462515
robustness_alt_test,uptake(mmol/g) CO2 at 0.15 bar,71,20000,enriched_interpretable,rf,enriched_interpretable | rf,5,0.5603896433162635,0.5588588239794262,0.5619204626531008,0.0017464367849180642,0.32806593449423505,0.3272918259220701,0.32884004306639997,0.0008831425455745091,0.6849894636323137,0.68327066686308,0.6867082604015474,0.0019608910283232576,0.8681640661108606,0.8678876303901525,0.8684405018315687,0.00031537197087374533,0.5409177095183921,0.5367887188398682,0.545046700196916,0.004710563181450267,10.820200325895208,10.737606420206372,10.902794231584043,0.09422734063645082,0.172,0.13164112984733095,0.21235887015266902,0.04604345773288535,181.45656,138.8787591663372,224.0343608336628,48.57492703903938,0.196,0.1758205649236655,0.21617943507633453,0.023021728866442673,103.38804,92.7435897915843,114.03249020841571,12.143731759759849,0.2904,0.27460283772318583,0.30619716227681415,0.018022208521710097,61.273238400000004,57.94010034824132,64.60637645175868,3.8026139092467433,0.3124,0.3025296922033809,0.32227030779661914,0.011260550608207407,32.9575752,31.916277468072277,33.99887293192773,1.1879655680646655
robustness_alt_test,uptake(mmol/g) CO2 at 0.15 bar,71,20000,geometry_plus_topology,mlp,geometry_plus_topology | mlp,5,0.5605971890125867,0.5569577478287964,0.564236630196377,0.004152060146462984,0.32277942165061224,0.31977599442010063,0.32578284888112385,0.0034264629861724253,0.6847447011023549,0.6806514169245651,0.6888379852801446,0.004669827384062315,0.8747617947160208,0.8732207562860757,0.8763028331459659,0.0017580952476004426,0.5183162684869169,0.5162753220154128,0.520357214958421,0.002328415841184476,10.368094367241707,10.327268472124008,10.408920262359405,0.04657626363543402,0.012,-0.0036799999999999992,0.02768,0.01788854381999832,12.65976,-3.8823263999999984,29.2018464,18.872055959221825,0.026000000000000002,0.016005921753358146,0.03599407824664186,0.011401754250991379,13.71474,8.442963665678889,18.986516334321113,6.014311349855443,0.1216,0.10788560114332385,0.13531439885667615,0.015646085772486353,25.657113600000002,22.763430298836763,28.550796901163242,3.301261513651531,0.22279999999999997,0.21347402423335765,0.2321259757666423,0.010639548862616309,23.504954400000003,22.52108260857077,24.488826191429236,1.1224511259082959
robustness_alt_test,uptake(mmol/g) CO2 at 0.15 bar,71,20000,enriched_interpretable,hgb,enriched_interpretable | hgb,5,0.5687208022047929,0.5636830647517826,0.5737585396578032,0.005747307855983445,0.3366429642183492,0.33198726060177625,0.3412986678349222,0.005311464168239142,0.6755295038403589,0.669764986727336,0.6812940209533819,0.006576455164377646,0.8568731662846977,0.8533115775688092,0.8604347550005862,0.004063242079909614,0.5327265832385286,0.5260313849590348,0.5394217815180224,0.0076382237121366565,10.65634984423555,10.522423028139599,10.7902766603315,0.1527905432656416,0.11200000000000002,0.08015376945382705,0.143846230546173,0.0363318042491699,118.15775999999998,84.56062369839844,151.75489630160152,38.32932684678926,0.17200000000000001,0.13617969291030577,0.20782030708969426,0.0408656334834051,90.72828,71.83342621325718,109.62313378674281,21.556213006161357,0.2736,0.253216,0.293984,0.023255106965997807,57.728505600000005,53.42756313600001,62.029448064,4.906734549397671,0.29080000000000006,0.280237800229119,0.30136219977088113,0.012049896265113645,30.678818400000004,29.564527448571596,31.793109351428413,1.2712399561769594
robustness_alt_test,uptake(mmol/g) CO2 at 0.15 bar,71,20000,geometry_only,rf,geometry_only | rf,5,0.5829137309852469,0.5815458139053011,0.5842816480651927,0.0015605895807865983,0.34228340510606425,0.34142604478915395,0.34314076542297456,0.0009781203825623668,0.6591584227250503,0.657559270315957,0.6607575751341437,0.0018243946393444895,0.8612573620089983,0.8606613129138525,0.861853411104144,0.0006800032115679462,0.4993553280242701,0.49514157693518485,0.5035690791133554,0.004807262181356318,9.988810844881387,9.904521441696648,10.073100248066126,0.09616165066528795,0.172,0.1214943329912375,0.22250566700876245,0.05761944116355173,181.45656000000002,128.17409141909576,234.7390285809043,60.78735803872381,0.20400000000000001,0.15737012116678836,0.25062987883321164,0.053197744313081545,107.60796,83.0111652142692,132.2047547857308,28.061278147707387,0.276,0.25222010260745437,0.2997798973925457,0.02712931993250106,58.234896000000006,53.21743276976244,63.25235923023757,5.724177988477995,0.28800000000000003,0.2703817912374726,0.3056182087625275,0.020099751242241774,30.383424,28.524738211970877,32.242109788029126,2.1204835565540243
robustness_alt_test,uptake(mmol/g) CO2 at 0.15 bar,71,20000,geometry_only,hgb,geometry_only | hgb,5,0.5984487447555615,0.5956717420430189,0.6012257474681042,0.0031681463464013947,0.3565812425264369,0.3542107030397734,0.3589517820131004,0.0027044323650648266,0.6407430630473792,0.6374003782979616,0.6440857477967967,0.003813505268902855,0.8482818950114865,0.8469997442903513,0.8495640457326218,0.0014627429438054465,0.49040576412590065,0.48642112198692256,0.49439040626487873,0.004545883004472053,9.809789022327317,9.73008258008653,9.889495464568105,0.09093317504850058,0.08399999999999999,0.019112454199592357,0.14888754580040764,0.07402702209328699,88.61832,20.163256931485932,157.07338306851406,78.09702776797592,0.16399999999999998,0.11991089023352818,0.20808910976647177,0.050299105359837164,86.50836,63.25179548928378,109.76492451071621,26.53227508626051,0.2464,0.21033600000000002,0.282464,0.04114365078599613,51.9894144,44.380054656,59.598774144000004,8.68114574124204,0.2504,0.22492301556306166,0.27587698443693837,0.02906544339933592,26.416699200000004,23.728928295871878,29.10447010412813,3.066346147743141
robustness_alt_test,uptake(mmol/g) CO2 at 0.15 bar,71,20000,enriched_interpretable,mlp,enriched_interpretable | mlp,5,0.6081863196769572,0.6053268021849573,0.6110458371689572,0.0032622834157968027,0.3613859976641329,0.35653975330218457,0.3662322420260812,0.005528842769842595,0.6289565278295232,0.6254698589318937,0.6324431967271527,0.003977769729660086,0.8540655145825428,0.8525185771873199,0.8556124519777656,0.001764825088089173,0.48039438756162306,0.47624670753136517,0.48454206759188095,0.004731884947232172,9.609527322521068,9.52655956601137,9.692495079030765,0.09465384872262053,0.012,-0.0036799999999999992,0.02768,0.01788854381999832,12.65976,-3.8823263999999984,29.2018464,18.872055959221825,0.028000000000000004,0.016571334286103218,0.03942866571389679,0.013038404810405298,14.769719999999998,8.74121312257658,20.798226877423417,6.877628153440691,0.1008,0.08563816158904206,0.11596183841095795,0.01729739864835172,21.268396799999998,18.069309542641513,24.467484057358483,3.64968192520762,0.1948,0.18598217804670564,0.20361782195329436,0.010059821071967436,20.551010400000003,19.620747819571353,21.481272980428653,1.0612910034504202
robustness_alt_test,uptake(mmol/g) CO2 at 0.15 bar,71,20000,geometry_only,mlp,geometry_only | mlp,5,0.6206582303263353,0.6162542641135672,0.6250621965391033,0.005024269297123338,0.3695925601181519,0.3654969992214492,0.3736881210148546,0.004672424781131233,0.6135713573876798,0.6081043934305875,0.619038321344772,0.006236991346224216,0.8497276812641509,0.8466260181961278,0.8528293443321739,0.0035385354405103285,0.45688282138794084,0.4469291219126125,0.46683652086326916,0.011355688088999021,9.139215754794272,8.940107793617141,9.338323715971402,0.22715251839461872,0.0,0.0,0.0,0.0,0.0,0.0,0.0,0.0,0.032,0.02808,0.03592,0.00447213595499958,16.87968,14.811919200000002,18.9474408,2.3590069949027277,0.0896,0.07611155398127716,0.10308844601872284,0.01538830724933708,18.9052416,16.059233443833556,21.751249756166445,3.246871276381127,0.17400000000000002,0.15954375429096476,0.18845624570903527,0.01649242250247064,18.356652000000004,16.8315469901882,19.881757009811807,1.7399175891656486
robustness_alt_test,uptake(mmol/g) CO2 at 0.15 bar,71,20000,geometry_plus_topology,ridge,geometry_plus_topology | ridge,5,0.6441725465671099,0.6429029703614485,0.6454421227727712,0.0014483972951403626,0.3880303396415211,0.3863765861566851,0.38968409312635716,0.001886686331694184,0.5837562883027151,0.5821148419048149,0.5853977347006153,0.0018726457791463978,0.8331543264550032,0.8316502525314663,0.8346584003785401,0.0017159242531700214,0.3981797497155859,0.3958648519875086,0.4004946474436632,0.0026409534086431733,7.96495396956672,7.918648114330335,8.011259824803105,0.05282808166572568,0.004,-0.0038399999999999997,0.01184,0.00894427190999916,4.21992,-4.051123199999999,12.4909632,9.436027979610913,0.002,-0.0019199999999999998,0.00592,0.00447213595499958,1.05498,-1.0127807999999998,3.1227408,2.359006994902728,0.0256,0.01832948309953137,0.03287051690046863,0.008294576541331089,5.401497600000001,3.8674476160687212,6.93554758393128,1.7501224719146944,0.048799999999999996,0.04140375879246762,0.056196241207532374,0.008438009243891596,5.1483024,4.36801374508775,5.928591054912251,0.8901930992120752
robustness_alt_test,uptake(mmol/g) CO2 at 0.15 bar,71,20000,enriched_interpretable,ridge,enriched_interpretable | ridge,5,0.7046209960927413,0.7036484021151085,0.7055935900703741,0.0011095848206602236,0.4376659800725524,0.4362076781388369,0.43912428200626796,0.0016637052324017362,0.5019722679693428,0.500597039713453,0.5033474962252326,0.001568930543238786,0.805400042598387,0.8037032322483446,0.8070968529484295,0.0019358077998061591,0.29313613955252177,0.29251427620325865,0.2937580029017849,0.00070945342942245,5.863723255690547,5.851283866304775,5.876162645076319,0.014191489931211729,0.0,0.0,0.0,0.0,0.0,0.0,0.0,0.0,0.0,0.0,0.0,0.0,0.0,0.0,0.0,0.0,0.0344,0.032479600041657994,0.036320399958342006,0.0021908902300206623,7.258262400000001,6.853065690389671,7.663459109610332,0.46226907497344005,0.048799999999999996,0.04783980002082899,0.049760199979171,0.001095445115010333,5.1483024,5.047003222597418,5.249601577402583,0.11556726874335989
robustness_alt_test,uptake(mmol/g) CO2 at 0.15 bar,71,20000,geometry_only,ridge,geometry_only | ridge,5,0.7440527352226932,0.7438380820560204,0.744267388389366,0.00024488728176840565,0.4938551559087786,0.4912373089874579,0.4964730028300993,0.00298657330140905,0.4446727592252128,0.4443522875097631,0.44499323094066257,0.0003656104799038943,0.790256968124516,0.7893676568888097,0.7911462793602222,0.0010145716205068188,0.1844520288206295,0.18299173719755019,0.1859123204437088,0.001665975171519816,3.6896701055211927,3.660459289129152,3.7188809219132333,0.03332518935248346,0.0,0.0,0.0,0.0,0.0,0.0,0.0,0.0,0.0,0.0,0.0,0.0,0.0,0.0,0.0,0.0,0.004,0.004,0.004,0.0,0.8439840000000001,0.8439840000000001,0.8439840000000001,0.0,0.008,0.008,0.008,0.0,0.8439840000000001,0.8439840000000001,0.8439840000000001,0.0
robustness_alt_test,uptake(mmol/g) CO2 at 0.15 bar,71,20000,topology_only,ridge,topology_only | ridge,5,0.7881633229012548,0.7877161476361667,0.7886104981663429,0.0005101603523436526,0.5168226486947358,0.5150882362471412,0.5185570611423305,0.0019787061907364065,0.3768765536330622,0.3761695224945057,0.37758358477161874,0.0008066171877660718,0.6486829743635194,0.6462293283071748,0.651136620419864,0.0027992445789340723,0.19817974971558588,0.19591796411473508,0.2004415353164367,0.002580360384710505,3.9642713757100645,3.9190279442882674,4.009514807131862,0.051616014384943044,0.0,0.0,0.0,0.0,0.0,0.0,0.0,0.0,0.006,-0.0018399999999999996,0.01384,0.00894427190999916,3.16494,-0.9705815999999996,7.3004616,4.718013989805456,0.0224,0.007607517584935247,0.03719248241506475,0.01687601848778319,4.7263104,1.6051557803509966,7.847465019649004,3.5607723968483023,0.031599999999999996,0.019813895639355636,0.043386104360644356,0.01344618905117729,3.3337367999999996,2.0903263621607406,4.577147237839259,1.4185460525211016
robustness_alt_test,uptake(mmol/g) CO2 at 0.15 bar,71,20000,topology_only,rf,topology_only | rf,5,0.7883600071133295,0.78800515184176,0.7887148623848991,0.00040483699459363987,0.5175468468181365,0.5159167974870986,0.5191768961491743,0.0018596434239176462,0.3765655944315359,0.3760043804604151,0.3771268084026567,0.0006402615251779412,0.6487301769434735,0.6462174861543903,0.6512428677325566,0.0028666058218506916,0.19977246871444826,0.19650377538737201,0.2030411620415245,0.0037290920800726658,3.9961311915883315,3.930746169096885,4.061516214079778,0.07459456887817711,0.0,0.0,0.0,0.0,0.0,0.0,0.0,0.0,0.008,0.0006663515219230767,0.015333648478076924,0.008366600265340755,4.21992,0.35149376429920354,8.088346235700797,4.413297973964594,0.017599999999999998,0.0006757660143804425,0.03452423398561955,0.019308029417835472,3.7135296,0.14258392597021619,7.284475274029784,4.073916975045614,0.030800000000000004,0.013507511919911588,0.048092488080088425,0.01972815247305231,3.2493384000000005,1.4250154925268328,5.073661307473168,2.0812806296020727
robustness_alt_test,uptake(mmol/g) CO2 at 0.15 bar,71,20000,topology_only,mlp,topology_only | mlp,5,0.7890168755011185,0.788824105159759,0.7892096458424781,0.000219922238431483,0.5155079590645233,0.5093345165181477,0.5216814016108989,0.007042978157594545,0.375526352651914,0.3752212336039521,0.37583147169987585,0.00034809537371062726,0.648632178344822,0.6464834804198965,0.6507808762697476,0.00245134419553388,0.2013651877133106,0.1975825406334473,0.20514783479317392,0.004315436737482382,4.027991007466598,3.952325155811039,4.103656859122157,0.08632346320267656,0.0,0.0,0.0,0.0,0.0,0.0,0.0,0.0,0.006,-0.0018399999999999996,0.01384,0.00894427190999916,3.16494,-0.9705815999999996,7.3004616,4.718013989805456,0.022400000000000003,0.007816757013613198,0.036983242986386805,0.016637307474468337,4.726310400000001,1.6493044628443299,7.803316337155672,3.5104053278829217,0.033600000000000005,0.01865251004348891,0.0485474899565111,0.017052858997833764,3.5447328,1.9678025045679925,5.121663095432007,1.7990425185534666
robustness_alt_test,uptake(mmol/g) CO2 at 0.15 bar,71,20000,topology_only,hgb,topology_only | hgb,5,0.7903565039490951,0.7895139030203427,0.7911991048778474,0.0009612821196911336,0.5187806599335989,0.5164565788788827,0.521104740988315,0.0026514302161044253,0.3734033308384205,0.3720682690696321,0.37473839260720887,0.0015231065659040421,0.6460226551556809,0.643010070595861,0.6490352397155008,0.00343691013455282,0.19772468714448235,0.19414000381016253,0.20130937047880218,0.004089589598647827,3.9551685711734166,3.88346267007291,4.026874472273923,0.08180574961663792,0.0,0.0,0.0,0.0,0.0,0.0,0.0,0.0,0.0,0.0,0.0,0.0,0.0,0.0,0.0,0.0,0.008,0.005520774314427991,0.01047922568557201,0.00282842712474619,1.6879680000000001,1.1648612972470485,2.211074702752952,0.5967868096129473,0.020800000000000003,0.016228533714441287,0.025371466285558718,0.005215361924162119,2.1943584,1.7120778498061267,2.6766389501938734,0.5502102522752553
robustness_alt_test,uptake(mmol/g) CO2 at 0.15 bar,71,40000,geometry_plus_topology,rf,geometry_plus_topology | rf,5,0.4995693162243985,0.4967975921991914,0.5023410402496056,0.0031621241506287418,0.28399105772011085,0.28298604304222114,0.28499607239800057,0.001146572009258386,0.7496503799032131,0.7468681394177416,0.7524326203886847,0.0031741218649319124,0.8937457484811009,0.8931757222813622,0.8943157746808396,0.0006503149650875427,0.5902919984831249,0.5840662620373017,0.596517734928948,0.007102637705540004,11.807854618121482,11.683318640957765,11.932390595285199,0.14207699519511927,0.20400000000000001,0.165994189917856,0.24200581008214403,0.043358966777357594,215.21592,175.1205504795397,255.31128952046032,45.74284277077672,0.236,0.20464,0.26736,0.035777087639996624,124.48763999999998,107.9455536,141.0297264,18.872055959221818,0.33440000000000003,0.3118676708705026,0.35693232912949746,0.0257060304208954,70.55706240000002,65.80283108299257,75.31129371700747,5.423869594687247,0.3616,0.3513478696847923,0.37185213031520764,0.011696153213770768,38.1480768,37.06649755600622,39.22965604399378,1.2339207717463885
robustness_alt_test,uptake(mmol/g) CO2 at 0.15 bar,71,40000,geometry_plus_topology,hgb,geometry_plus_topology | hgb,5,0.5122969567287005,0.5109808429083467,0.5136130705490543,0.0015014897798153366,0.2975671354744627,0.2970014824504832,0.29813278849844216,0.0006453258231104381,0.7367380817500404,0.7353867827241055,0.7380893807759753,0.001541630857101885,0.8819407077711349,0.8814554407125009,0.8824259748297688,0.0005536174134423332,0.5795221843003413,0.5753281452377482,0.5837162233629344,0.004784773696044762,11.592421577420819,11.508526482042463,11.676316672799175,0.09571180420654708,0.13999999999999999,0.10493845411280328,0.1750615458871967,0.04,147.6972,110.70797031992524,184.68642968007478,42.1992,0.244,0.20971400285830963,0.2782859971416904,0.039115214431215906,128.70756,110.62203936772974,146.79308063227026,20.632884460322074,0.34,0.3176869688298519,0.3623130311701481,0.02545584412271571,71.73864,67.03067967522344,76.44660032477657,5.3710812865165245,0.35679999999999995,0.3499428005716619,0.363657199428338,0.007823042886243185,37.641686400000005,36.918265574709196,38.365107225290814,0.8253153784128853
robustness_alt_test,uptake(mmol/g) CO2 at 0.15 bar,71,40000,enriched_interpretable,rf,enriched_interpretable | rf,5,0.5386841130078159,0.5371142298617833,0.5402539961538486,0.001791002771051228,0.3135928257233645,0.3131991419605495,0.3139865094861795,0.0004491345180062334,0.7089191192121481,0.7072217060526774,0.7106165323716188,0.0019364955155505685,0.8773014765389437,0.8769494931884018,0.8776534598894857,0.0004015605605918668,0.5622298065984073,0.5588595924557362,0.5656000207410783,0.0038449122049712624,11.246515005028206,11.179099219737438,11.313930790318974,0.07691136666667785,0.2,0.1553051233361138,0.24469487666388623,0.050990195135927854,210.996,163.84379901713334,258.1482009828667,53.79363606450116,0.248,0.20443682288904996,0.29156317711095003,0.049699094559156706,130.81752,107.83837970574498,153.79666029425502,26.215775389009565,0.32320000000000004,0.2963372722159495,0.35006272778405056,0.030646370095004715,68.19390720000001,62.52597908847649,73.86183531152354,6.466261504565614,0.344,0.3259509645687089,0.362049035431291,0.020591260281973996,36.291312000000005,34.38717486006966,38.195449139930346,2.172336777227694
robustness_alt_test,uptake(mmol/g) CO2 at 0.15 bar,71,40000,geometry_plus_topology,mlp,geometry_plus_topology | mlp,5,0.5395186829841354,0.5365282987541878,0.542509067214083,0.0034115828658195205,0.31001907110189886,0.3084371481469192,0.3116009940568785,0.0018047383992356495,0.7080097338717758,0.7047743812858841,0.7112450864576675,0.0036910552618538905,0.8819808450943615,0.8802391582151383,0.8837225319735846,0.0019870052333991754,0.5379598028062192,0.5336347698762363,0.5422848357362022,0.004934218181819976,10.761032096406998,10.674516676602797,10.847547516211199,0.0987012039714915,0.024,0.004796000416579887,0.04320399958342011,0.021908902300206645,25.31952,5.059684519483451,45.579355480516554,23.113453748672004,0.066,0.033438034457361154,0.09856196554263885,0.03714835124201342,34.81434,17.63822879591343,51.99045120408657,19.59538379664966,0.1688,0.1454900042042046,0.1921099957957954,0.026593232221751452,35.61612480000001,30.69780892707036,40.53444067292966,5.611065625860671,0.26480000000000004,0.2554740242333577,0.2741259757666424,0.010639548862616319,27.935870400000006,26.951998608570772,28.91974219142924,1.122451125908297
robustness_alt_test,uptake(mmol/g) CO2 at 0.15 bar,71,40000,enriched_interpretable,hgb,enriched_interpretable | hgb,5,0.5539166010158609,0.5520669832422875,0.5557662187894343,0.0021101383031132577,0.32770659203505137,0.3265997623363637,0.32881342173373906,0.0012627277784598744,0.6922236042461423,0.6901690476182816,0.694278160874003,0.002343943001795521,0.8622785916672975,0.861722273481988,0.8628349098526069,0.0006346761629955667,0.5532043989381872,0.54693092790623,0.5594778699701444,0.007157095756291879,11.065976048384695,10.940485216581619,11.19146688018777,0.14316634207381118,0.11199999999999999,0.08541326646614894,0.13858673353385104,0.030331501776206204,118.15775999999998,90.1092878564578,146.20623214354217,31.999127743862015,0.21800000000000003,0.1855562270997962,0.25044377290020386,0.03701351104664351,114.99282000000001,97.87905423287148,132.10658576712854,19.524256941993983,0.2888,0.26875043581521035,0.30884956418478965,0.02287356552879327,60.93564480000001,56.70526695526614,65.16602264473389,4.826230832313263,0.3176,0.29442885380478556,0.3407711461952144,0.026434825514839323,33.5061648,31.06165521869727,35.95067438130273,2.7888212221645183
robustness_alt_test,uptake(mmol/g) CO2 at 0.15 bar,71,40000,geometry_only,rf,geometry_only | rf,5,0.565897577001776,0.564527308249267,0.567267845754285,0.0015632724888029928,0.33070331726164925,0.3297567057911715,0.331649928732127,0.0010799426511577865,0.6787672429424765,0.6772127560183998,0.6803217298665531,0.0017734379756990252,0.8686486574352864,0.8680279638710914,0.8692693509994814,0.0007081188789472561,0.5185437997724687,0.5136213617668555,0.5234662377780819,0.005615768365091625,10.372645769510031,10.274180209268055,10.471111329752008,0.11233453374676436,0.20400000000000001,0.1621458532520373,0.24585414674796274,0.047749345545253286,215.21592,171.0606322638343,259.37120773616573,50.37460456333131,0.244,0.2102788849531929,0.2777211150468071,0.038470768123342686,128.70756,110.92000902395972,146.49511097604028,20.29294547738203,0.3048,0.28215881840539236,0.32744118159460767,0.02583021486554069,64.3115808,59.53438204826417,69.08877955173583,5.4500720157696225,0.3156,0.30421174218767416,0.3269882578123258,0.012992305415129383,33.2951688,32.09373037731525,34.49660722268475,1.370662236685319
robustness_alt_test,uptake(mmol/g) CO2 at 0.15 bar,71,40000,geometry_only,hgb,geometry_only | hgb,5,0.5846271537097405,0.5836010011630677,0.5856533062564133,0.0011706871681862517,0.34637376794395497,0.34514499338876287,0.34760254249914707,0.0014018486910365184,0.6571525972929685,0.6559477878878532,0.6583574066980837,0.0013745080253921864,0.8552023249431692,0.8539400491905937,0.8564646006957446,0.0014400685658715728,0.5098217671596512,0.5073611093742736,0.5122824249450288,0.002807243917075738,10.198175349224284,10.148953795367294,10.247396903081274,0.05615445937877411,0.10800000000000001,0.053120000000000014,0.16288000000000002,0.06260990336999411,113.93784000000001,56.040537600000015,171.8351424,66.05219585727639,0.192,0.14978030791206548,0.23421969208793453,0.048166378315169185,101.27808,79.00761462053543,123.54854537946457,25.40728289746859,0.276,0.250235130894957,0.301764869105043,0.029393876913398138,58.23489600000001,52.798611678312355,63.67118032168767,6.201990453219356,0.266,0.25655938985022686,0.27544061014977317,0.010770329614269018,28.062468000000003,27.066502510419234,29.05843348958077,1.1362482336461528
robustness_alt_test,uptake(mmol/g) CO2 at 0.15 bar,71,40000,enriched_interpretable,mlp,enriched_interpretable | mlp,5,0.5949202413584053,0.5897071393697243,0.6001333433470862,0.005947372663433648,0.35253442874283586,0.34774471707460947,0.35732414041106225,0.005464347389172545,0.6449465665888781,0.6387206601966892,0.651172472981067,0.007102831589022909,0.859145622291844,0.8581299649746719,0.8601612796090161,0.0011587136750214166,0.49343951459992413,0.4859608852462385,0.5009181439536098,0.008532001843554302,9.870474385904966,9.720876274498988,10.020072497310945,0.17066915633130286,0.0,0.0,0.0,0.0,0.0,0.0,0.0,0.0,0.036,0.02270663323307447,0.04929336676692553,0.015165750888103104,18.98964,11.977521964114455,26.001758035885548,7.999781935965506,0.1192,0.1030564519389324,0.1353435480610676,0.018417383093154136,25.150723200000005,21.744499133306984,28.556947266693026,3.8859941631231507,0.21559999999999996,0.20245776518243563,0.22874223481756428,0.014993331851193045,22.7453688,21.3588893112166,24.131848288783402,1.5817665236371636
robustness_alt_test,uptake(mmol/g) CO2 at 0.15 bar,71,40000,geometry_only,mlp,geometry_only | mlp,5,0.6003562079233306,0.5982817747708058,0.6024306410758553,0.0023666191550125305,0.35666555549325496,0.35319950972750663,0.3601316012590033,0.003954241808846229,0.6384528724445777,0.6359528903600942,0.6409528545290613,0.0028521070833861864,0.8570522902694215,0.855678104800083,0.8584264757387601,0.0015677408791497194,0.4833522942737959,0.47702533401710123,0.48967925453049055,0.007218118992300402,9.668695552009277,9.542134753154372,9.795256350864182,0.14438701506441154,0.0,0.0,0.0,0.0,0.0,0.0,0.0,0.0,0.036000000000000004,0.031199000104144975,0.040800999895855034,0.005477225575051662,18.989639999999998,16.45716056493543,21.522119435064567,2.889181718584,0.1368,0.12123804433883711,0.1523619556611629,0.017753872816937716,28.864252800000003,25.580742403317274,32.14776319668273,3.745996148882591,0.22000000000000003,0.2144562828354975,0.22554371716450256,0.006324555320336764,23.20956,22.62470892657931,23.79441107342069,0.6672279371848882
robustness_alt_test,uptake(mmol/g) CO2 at 0.15 bar,71,40000,geometry_plus_topology,ridge,geometry_plus_topology | ridge,5,0.6427521372796453,0.6425743118934659,0.6429299626658247,0.0002028722712358775,0.38739629180716495,0.38671600524231026,0.38807657837201964,0.0007761056138749274,0.5855915536924996,0.5853622381697938,0.5858208692152054,0.00026161484544189723,0.8340071530715601,0.8330044862856282,0.8350098198574921,0.0011438934143495655,0.3992415623814941,0.39831918997549703,0.4001639347874912,0.0010522894899895096,7.986193846818898,7.967743250670267,8.004644442967528,0.021049381231496543,0.0,0.0,0.0,0.0,0.0,0.0,0.0,0.0,0.002,-0.0019199999999999998,0.00592,0.00447213595499958,1.05498,-1.0127807999999998,3.1227408,2.359006994902728,0.0304,0.020926891956701856,0.03987310804329815,0.010807404868885036,6.414278400000001,4.4154904952962655,8.413066304703737,2.2803191977152673,0.0528,0.04759953232872273,0.05800046767127727,0.00593295878967653,5.5702944,5.021655461615591,6.118933338384409,0.6259152863932945
robustness_alt_test,uptake(mmol/g) CO2 at 0.15 bar,71,40000,enriched_interpretable,ridge,enriched_interpretable | ridge,5,0.7038167023214668,0.7035874584884582,0.7040459461544754,0.0002615330581784922,0.43819242985582296,0.4374121297483564,0.4389727299632895,0.0008902061648702009,0.5031095032801893,0.5027858102712611,0.5034331962891175,0.00036928549581880475,0.8054655587950487,0.8045342952583684,0.8063968223317289,0.0010624329453999609,0.2938945771710276,0.2926732617982061,0.2951158925438492,0.001393338875303281,5.878894596584959,5.854464120816676,5.903325072353242,0.027871532928848298,0.0,0.0,0.0,0.0,0.0,0.0,0.0,0.0,0.0,0.0,0.0,0.0,0.0,0.0,0.0,0.0,0.033600000000000005,0.031679600041658,0.03552039995834201,0.0021908902300206623,7.0894656,6.684268890389669,7.49466230961033,0.46226907497344,0.0492,0.04823980002082899,0.05016019997917101,0.001095445115010333,5.1905016,5.089202422597418,5.291800777402583,0.11556726874335989
robustness_alt_test,uptake(mmol/g) CO2 at 0.15 bar,71,40000,geometry_only,ridge,geometry_only | ridge,5,0.7439443804811812,0.7438785175375823,0.7440102434247801,7.513980565584769e-05,0.4939875338957617,0.49319028576469137,0.49478478202683207,0.0009095413346979123,0.4448345331643663,0.4447362277856397,0.44493283854309285,0.00011215179050328566,0.7908153007984942,0.7897401331161957,0.7918904684807926,0.001226606135117472,0.1849829351535836,0.1835844831272065,0.18638138717996072,0.00159542540523038,3.7002900441472817,3.6723162307459294,3.728263857548634,0.03191395324250941,0.0,0.0,0.0,0.0,0.0,0.0,0.0,0.0,0.0,0.0,0.0,0.0,0.0,0.0,0.0,0.0,0.004,0.004,0.004,0.0,0.8439840000000001,0.8439840000000001,0.8439840000000001,0.0,0.008400000000000001,0.007616000000000001,0.009184000000000001,0.000894427190999916,0.8861832,0.803472768,0.9688936319999999,0.09436027979610911
robustness_alt_test,uptake(mmol/g) CO2 at 0.15 bar,71,40000,topology_only,ridge,topology_only | ridge,5,0.7874147461021388,0.7871386865058169,0.7876908056984607,0.00031494286898830023,0.5161027258783573,0.5152308404434802,0.5169746113132343,0.0009946913780495168,0.3780597729221178,0.3776236316827965,0.3784959141614391,0.000497572172914993,0.6509624079614917,0.6505880409873368,0.6513367749356467,0.0004270969401741198,0.20508153204398938,0.20276186624138934,0.20740119784658942,0.0026463930712730993,4.102330577849221,4.055929344849089,4.148731810849354,0.05293689348372576,0.0,0.0,0.0,0.0,0.0,0.0,0.0,0.0,0.012,0.00808,0.01592,0.00447213595499958,6.329879999999999,4.2621192,8.397640799999998,2.3590069949027277,0.0376,0.03228265329322979,0.042917346706770214,0.00606630035524124,7.9334496,6.811510714258313,9.055388485741688,1.2799651097544809,0.0484,0.04611426685722064,0.050685733142779354,0.002607680962081059,5.106103200000001,4.864962924903064,5.3472434750969375,0.2751051261376277
robustness_alt_test,uptake(mmol/g) CO2 at 0.15 bar,71,40000,topology_only,rf,topology_only | rf,5,0.7877506233645291,0.7875380599581171,0.787963186770941,0.00024250317666640867,0.5168494002905633,0.5159864260127025,0.517712374568424,0.0009845250755767293,0.37752910633245873,0.3771931456222267,0.37786506704269074,0.0003832811152284923,0.6494655061226987,0.6477918551477991,0.6511391570975983,0.0019093864033082478,0.20341296928327646,0.2009411113590672,0.20588482720748572,0.002820021606761961,4.068953627881513,4.019508033022159,4.118399222740866,0.0564100567823612,0.0,0.0,0.0,0.0,0.0,0.0,0.0,0.0,0.012,0.00808,0.01592,0.00447213595499958,6.329879999999999,4.2621192,8.397640799999998,2.3590069949027277,0.0392,0.03626654060876923,0.04213345939123077,0.0033466401061363026,8.2710432,7.652095002287871,8.889991397712127,0.7061276758343354,0.0452,0.04320118435067163,0.04719881564932837,0.0022803508501982755,4.7685096,4.557638546627155,4.979380653372845,0.2405724539942177
robustness_alt_test,uptake(mmol/g) CO2 at 0.15 bar,71,40000,topology_only,mlp,topology_only | mlp,5,0.7879162507375275,0.7875294304128827,0.7883030710621722,0.0004413043576449587,0.5188548055312444,0.5143025611789243,0.5234070498835646,0.005193432562233295,0.37726721630231247,0.37665573888831577,0.37787869371630917,0.0006976046246950775,0.6511144592696727,0.6508436440780841,0.6513852744612613,0.0003089597845569331,0.2025028441410694,0.19806185153997305,0.20694383674216574,0.0050665108896046215,4.050748018808218,3.961913009814956,4.139583027801479,0.10134750963813202,0.0,0.0,0.0,0.0,0.0,0.0,0.0,0.0,0.008,0.00408,0.01192,0.00447213595499958,4.21992,2.1521592000000007,6.2876807999999995,2.3590069949027277,0.028800000000000003,0.01630509607880077,0.041294903921199236,0.01425482374496437,6.076684800000001,3.4403100522426473,8.713059547757354,3.007710790892502,0.0372,0.028921464863878393,0.0454785351361216,0.009444575162494076,3.9245256000000004,3.051156700209443,4.797894499790558,0.9963837904928
robustness_alt_test,uptake(mmol/g) CO2 at 0.15 bar,71,40000,topology_only,hgb,topology_only | hgb,5,0.7879965546576978,0.7876391916557043,0.7883539176596913,0.00040769794137796093,0.5167125345547162,0.5157863459735949,0.5176387231358376,0.0010566431772303503,0.37714029570786745,0.37657529169552556,0.37770529972020933,0.0006445853975288576,0.6505389371783149,0.6499005973167187,0.6511772770399111,0.000728250675141349,0.2018960940462647,0.19803681763032774,0.2057553704622017,0.004402859392855513,4.038610946092687,3.9614122461820847,4.11580964600329,0.08807221468097666,0.0,0.0,0.0,0.0,0.0,0.0,0.0,0.0,0.012,0.00808,0.01592,0.00447213595499958,6.329879999999999,4.2621192,8.397640799999998,2.3590069949027277,0.031999999999999994,0.023061024667222752,0.04093897533277724,0.01019803902718557,6.7518720000000005,4.8657839606853335,8.637960039314667,2.151745442580047,0.040799999999999996,0.03198217804670563,0.04961782195329436,0.010059821071967434,4.3043184000000005,3.374055819571352,5.23458098042865,1.0612910034504204
robustness_alt_test,uptake(mmol/g) CO2 at 0.15 bar,71,210995,geometry_plus_topology,rf,geometry_plus_topology | rf,5,0.4495010427045564,0.44914126213280087,0.4498608232763119,0.00041045602828014224,0.25478391609210355,0.25467195651751384,0.25489587566669325,0.0001277291936298852,0.7973235906441353,0.7969992379642358,0.7976479433240348,0.0003700380821119898,0.9089831976312579,0.9089001996606367,0.9090661956018791,9.468831852222941e-05,0.6395145999241563,0.6386165047361303,0.6404126951121822,0.0010245928013732613,12.792474642168873,12.774509673237063,12.810439611100684,0.020495352931224314,0.29600000000000004,0.2881600000000001,0.30384,0.008944271909999142,312.27407999999997,304.00303679999996,320.5451232,9.436027979610891,0.37,0.35760387157213996,0.38239612842786,0.014142135623730963,195.1713,188.6324662155881,201.7101337844119,7.459835120161842,0.45520000000000005,0.45062853371444134,0.45977146628555876,0.0052153619241621235,96.04537920000001,95.08081809961227,97.00994030038775,1.1004205045505113,0.4504,0.4450826532932298,0.4557173467067702,0.006066300355241246,47.516299200000006,46.955329757129164,48.07726864287085,0.6399825548772416
robustness_alt_test,uptake(mmol/g) CO2 at 0.15 bar,71,210995,geometry_plus_topology,hgb,geometry_plus_topology | hgb,5,0.4964712408721894,0.4962937020634926,0.4966487796808862,0.0002025453290256853,0.2904808940448939,0.29027946858894904,0.2906823195008388,0.0002297964346385639,0.7527537262340633,0.7525769422265726,0.7529305102415541,0.00020168421330823776,0.8864213247942283,0.8861970686806113,0.8866455809078453,0.0002558428134782824,0.5981797497155859,0.5956967421726628,0.6006627572585089,0.0028327416605207667,11.965636563423374,11.915967938136438,12.01530518871031,0.056664501270690636,0.22000000000000003,0.22,0.22000000000000006,3.1031676915590914e-17,232.09560000000002,232.0956,232.09560000000005,3.1776437161565096e-14,0.296,0.2827066332330745,0.3092933667669255,0.015165750888103091,156.13703999999998,149.12492196411444,163.14915803588553,7.999781935965497,0.4008,0.3940557769906386,0.4075442230093614,0.007694153624668525,84.5671968,83.14419272191678,85.99020087808323,1.623435638190558,0.3928,0.38703880012497394,0.39856119987502603,0.006572670690061999,41.4396144,40.831819335584505,42.0474094644155,0.6934036124601595
robustness_alt_test,uptake(mmol/g) CO2 at 0.15 bar,71,210995,enriched_interpretable,rf,enriched_interpretable | rf,5,0.4964905546266406,0.49624874543572817,0.49673236381755304,0.00027586825942059576,0.28640338096836915,0.28621279936703775,0.28659396256970054,0.0002174252121621418,0.7527344609334798,0.7524936234487805,0.7529752984181792,0.00027475968740708315,0.893983028796385,0.8938509247005517,0.8941151328922183,0.00015071109101506255,0.6000758437618506,0.597615185976473,0.6025365015472283,0.002807243917075722,12.003564915659409,11.954343361802419,12.052786469516398,0.05615445937877427,0.316,0.30816,0.32384,0.008944271909999168,333.37368,325.10263679999997,341.6447232,9.436027979610918,0.34800000000000003,0.34066635152192315,0.3553336484780769,0.008366600265340736,183.56652,179.69809376429922,187.43494623570078,4.413297973964584,0.4024,0.3970826532932298,0.4077173467067702,0.00606630035524122,84.90479040000001,83.78285151425833,86.0267292857417,1.279965109754476,0.40919999999999995,0.40371199999999996,0.41468799999999995,0.006260990336999389,43.16978160000001,42.59080857600001,43.74875462400001,0.6605219585727616
robustness_alt_test,uptake(mmol/g) CO2 at 0.15 bar,71,210995,geometry_plus_topology,mlp,geometry_plus_topology | mlp,5,0.5009726207644625,0.4992101460548779,0.502735095474047,0.002010721050640481,0.2886917643312435,0.28656629440949294,0.29081723425299405,0.002424844504676249,0.7482467506624406,0.7464777359854039,0.7500157653394773,0.0020181821791066604,0.8940785379138895,0.8925705863410779,0.895586489486701,0.0017203480732573939,0.5729996207811907,0.5705683248101447,0.5754309167522367,0.00277374646157145,11.461948045728871,11.413313828369485,11.510582263088256,0.05548439594290151,0.10400000000000001,0.07519400062486983,0.13280599937513018,0.03286335345030997,109.71792,79.32816677922517,140.10767322077484,34.670180623008015,0.22599999999999998,0.1917140028583096,0.2602859971416903,0.0391152144312159,119.21274000000001,101.12721936772977,137.29826063227026,20.632884460322074,0.3136,0.2722184628608361,0.35498153713916386,0.047210168396225834,66.1683456,57.437006789784974,74.89968441021502,9.961156690930068,0.3612000000000001,0.34598757139704517,0.376412428602955,0.017355114519933306,38.1058776,36.500996807245464,39.710758392754535,1.8309298716239246
robustness_alt_test,uptake(mmol/g) CO2 at 0.15 bar,71,210995,geometry_only,rf,geometry_only | rf,5,0.5329371676794112,0.5326621779883152,0.5332121573705073,0.0003137222665319292,0.3093354752747705,0.309219006738948,0.30945194381059304,0.0001328732466015772,0.7150992159692703,0.7148051875751149,0.7153932443634257,0.0003354425901257342,0.8830335977885373,0.8829587181576908,0.8831084774193838,8.542650239948304e-05,0.5530527114144862,0.5507306652461469,0.5553747575828255,0.002649108713928395,11.062941780205813,11.01649293176678,11.109390628644846,0.05299121560523655,0.332,0.32239800020828996,0.3416019997917101,0.010954451150103333,350.25336000000004,340.12344225974175,360.38327774025834,11.55672687433604,0.354,0.34616,0.36183999999999994,0.008944271909999144,186.73146000000003,182.59593840000002,190.86698160000003,4.7180139898054465,0.36079999999999995,0.35786654060876916,0.36373345939123075,0.003346640106136305,76.1273568,75.50840860228787,76.74630499771213,0.7061276758343403,0.358,0.35319900010414496,0.362800999895855,0.0054772255750516665,37.768284,37.261788112987084,38.27477988701292,0.5778363437168017
robustness_alt_test,uptake(mmol/g) CO2 at 0.15 bar,71,210995,enriched_interpretable,hgb,enriched_interpretable | hgb,5,0.5383198780127484,0.5378324937171196,0.5388072623083772,0.0005560328654040241,0.31990671658159037,0.31960122902812693,0.3202122041350538,0.00034851578358384086,0.7093149413503995,0.7087886365402731,0.7098412461605259,0.0006004353736365853,0.8668637241417614,0.8664575821147026,0.8672698661688202,0.0004633475413382926,0.5720894956389836,0.5708546846589821,0.573324306618985,0.0014087353523706426,11.443742436655574,11.419042002683598,11.46844287062755,0.02817951501789862,0.13999999999999999,0.10493845411280328,0.1750615458871967,0.039999999999999994,147.6972,110.70797031992524,184.68642968007478,42.1992,0.252,0.24466635152192306,0.25933364847807694,0.008366600265340763,132.92748,129.0590537642992,136.7959062357008,4.413297973964598,0.34879999999999994,0.34586654060876915,0.35173345939123074,0.003346640106136305,73.59540480000001,72.97645660228788,74.21435299771214,0.7061276758343403,0.3532,0.34785383277478155,0.3585461672252185,0.0060991802727907675,37.26189359999999,36.6978836500739,37.82590354992609,0.6434513204188809
robustness_alt_test,uptake(mmol/g) CO2 at 0.15 bar,71,210995,enriched_interpretable,mlp,enriched_interpretable | mlp,5,0.5538869825613657,0.5497262231079877,0.5580477420147437,0.004746806620295007,0.32594741286489015,0.32227170478574624,0.32962312094403406,0.004193435270617817,0.6922420088474258,0.6876280808913567,0.6968559368034949,0.005263804363804681,0.8713648096901927,0.8677077978731347,0.8750218215072507,0.004172105621153923,0.5378839590443686,0.5353898517253165,0.5403780663634207,0.002845404851316494,10.759514962317558,10.709624303624846,10.80940562101027,0.056917808305685935,0.048,0.0186654060876923,0.07733459391230771,0.033466401061363026,50.63904,19.691630114393625,81.58644988560638,35.30638379171676,0.094,0.07031722989175465,0.11768277010824535,0.02701851217221259,49.58406,37.09163559560166,62.07648440439834,14.25199498572042,0.22000000000000003,0.18502621781962952,0.25497378218037053,0.039899874686520016,46.41912000000001,39.039791855070554,53.79844814492946,8.418713959356978,0.2992,0.2836380443388371,0.31476195566116294,0.017753872816937733,31.565001600000006,29.92324640165864,33.206756798341374,1.8729980744412984
robustness_alt_test,uptake(mmol/g) CO2 at 0.15 bar,71,210995,geometry_only,hgb,geometry_only | hgb,5,0.570976997005447,0.5709236735021446,0.5710303205087495,6.0834172542248203e-05,0.33988052390185497,0.33966885889624526,0.3400921889074647,0.00024147823520470765,0.6729766725197189,0.6729155916663063,0.6730377533731315,6.968415324193008e-05,0.8596314182646821,0.8592348829584804,0.8600279535708839,0.00045238770415600586,0.5290860826697005,0.5280244823875659,0.530147682951835,0.0012111277529519178,10.58352740794237,10.562291779090526,10.604763036794214,0.02422668860085755,0.128,0.11839800020828994,0.13760199979171006,0.010954451150103331,135.03744,124.90752225974173,145.1673577402583,11.55672687433601,0.22599999999999998,0.20489015395603272,0.24710984604396724,0.024083189157584593,119.21273999999998,108.07750731026769,130.34797268973227,12.703641448734297,0.31120000000000003,0.2927468315999664,0.32965316840003367,0.021052315787105227,65.66195520000001,61.76841048026651,69.5554999197335,4.441954421816053,0.298,0.2895016425116379,0.30649835748836207,0.009695359714832666,31.438404000000002,30.54184428169278,32.33496371830723,1.022841059195417
robustness_alt_test,uptake(mmol/g) CO2 at 0.15 bar,71,210995,geometry_only,mlp,geometry_only | mlp,5,0.575782344032144,0.5733781506090438,0.5781865374552442,0.0027428264924029954,0.339615975029324,0.3361574650400385,0.3430744850186095,0.00394564461066549,0.6674430137042897,0.6646647776879432,0.6702212497206362,0.0031695533622903773,0.8666913628760555,0.8654104728325462,0.8679722529195648,0.0014613046984640202,0.5080015168752371,0.5036383323719347,0.5123647013785395,0.0049777434427335475,10.161764131077692,10.074485549596957,10.249042712558428,0.09957185774014085,0.008,-0.0016019997917100567,0.01760199979171006,0.010954451150103323,8.43984,-1.6900777402582747,18.569757740258275,11.556726874336002,0.054000000000000006,0.04224000000000001,0.06576,0.013416407864998738,28.484460000000002,22.281177600000003,34.687742400000005,7.077020984708184,0.15360000000000001,0.13819684395975942,0.1690031560402406,0.017572706109191035,32.4089856,29.1589812881334,35.658989911866605,3.7077706982148717,0.2584,0.24462969223292377,0.2721703077670763,0.0157098695093244,27.2606832,25.80794327118899,28.71342312881101,1.6573598134947052
robustness_alt_test,uptake(mmol/g) CO2 at 0.15 bar,71,210995,geometry_plus_topology,ridge,geometry_plus_topology | ridge,5,0.6420053882717235,0.6420053882717235,0.6420053882717235,0.0,0.38663483941690585,0.38663483941690585,0.38663483941690585,0.0,0.5865539462017015,0.5865539462017015,0.5865539462017015,0.0,0.8340394514985817,0.8340394514985816,0.8340394514985818,1.2412670766236366e-16,0.4000758437618506,0.40007584376185057,0.4000758437618507,6.206335383118183e-17,8.002882321802751,8.002882321802751,8.002882321802751,0.0,0.0,0.0,0.0,0.0,0.0,0.0,0.0,0.0,0.0,0.0,0.0,0.0,0.0,0.0,0.0,0.0,0.04,0.04,0.04,0.0,8.43984,8.43984,8.43984,0.0,0.05800000000000001,0.058,0.05800000000000002,7.757919228897728e-18,6.118884,6.118884,6.118884,0.0
robustness_alt_test,uptake(mmol/g) CO2 at 0.15 bar,71,210995,enriched_interpretable,ridge,enriched_interpretable | ridge,5,0.7035998753401654,0.7035998753401654,0.7035998753401654,0.0,0.43785384735124006,0.43785384735124006,0.43785384735124006,0.0,0.5034156681503068,0.5034156681503068,0.5034156681503068,0.0,0.8046278494867074,0.8046278494867073,0.8046278494867075,1.2412670766236366e-16,0.2923777019340159,0.2923777019340159,0.2923777019340159,0.0,5.848551914796134,5.848551914796134,5.848551914796134,0.0,0.0,0.0,0.0,0.0,0.0,0.0,0.0,0.0,0.0,0.0,0.0,0.0,0.0,0.0,0.0,0.0,0.032,0.032,0.032,0.0,6.7518720000000005,6.7518720000000005,6.7518720000000005,0.0,0.048,0.048,0.048,0.0,5.063904000000001,5.063904000000001,5.063904000000001,0.0
robustness_alt_test,uptake(mmol/g) CO2 at 0.15 bar,71,210995,geometry_only,ridge,geometry_only | ridge,5,0.743810320736671,0.743810320736671,0.743810320736671,0.0,0.4937303473847601,0.49373034738476007,0.4937303473847602,6.206335383118183e-17,0.44503460274359147,0.4450346027435914,0.4450346027435915,6.206335383118183e-17,0.7909705674991022,0.7909705674991022,0.7909705674991022,0.0,0.18543799772468714,0.18543799772468714,0.18543799772468714,0.0,3.7093928486839287,3.7093928486839283,3.709392848683929,4.965068306494546e-16,0.0,0.0,0.0,0.0,0.0,0.0,0.0,0.0,0.0,0.0,0.0,0.0,0.0,0.0,0.0,0.0,0.004,0.004,0.004,0.0,0.8439840000000001,0.8439840000000001,0.8439840000000001,0.0,0.008,0.008,0.008,0.0,0.8439840000000001,0.8439840000000001,0.8439840000000001,0.0
robustness_alt_test,uptake(mmol/g) CO2 at 0.15 bar,71,210995,topology_only,hgb,topology_only | hgb,5,0.7867240033611012,0.7867005920624718,0.7867474146597305,2.6708803661613802e-05,0.5157621938398858,0.5156829049552591,0.5158414827245124,9.045680402311254e-05,0.37915054072345605,0.3791135909734969,0.3791874904734152,4.2154159520547376e-05,0.6521283174413199,0.6520300330083021,0.6522266018743378,0.00011212789457035126,0.20288206295032235,0.2012706944466511,0.2044934314539936,0.0018383313831688798,4.058333689255424,4.026100819630792,4.090566558880055,0.036772901831920876,0.0,0.0,0.0,0.0,0.0,0.0,0.0,0.0,0.012,0.00808,0.01592,0.004472135954999579,6.32988,4.262119200000001,8.3976408,2.359006994902728,0.0304,0.025696000000000004,0.035103999999999996,0.005366563145999493,6.414278400000001,5.421753216000001,7.406803584,1.1323233575533094,0.04279999999999999,0.038063445978350915,0.047536554021649066,0.005403702434442519,4.5153144,4.015617423824066,5.015011376175934,0.5700797994288169
robustness_alt_test,uptake(mmol/g) CO2 at 0.15 bar,71,210995,topology_only,ridge,topology_only | ridge,5,0.7867767910253158,0.7867767910253158,0.7867767910253158,0.0,0.5155513529090042,0.5155513529090042,0.5155513529090042,0.0,0.37906722289676853,0.37906722289676853,0.37906722289676853,0.0,0.6522300220706484,0.6522300220706484,0.6522300220706484,0.0,0.2013651877133106,0.20136518771331058,0.20136518771331063,3.1031676915590914e-17,4.027991007466598,4.027991007466598,4.027991007466598,0.0,0.0,0.0,0.0,0.0,0.0,0.0,0.0,0.0,0.01,0.01,0.01,0.0,5.2749,5.2749,5.2749,0.0,0.032,0.032,0.032,0.0,6.7518720000000005,6.7518720000000005,6.7518720000000005,0.0,0.04,0.04,0.04,0.0,4.21992,4.21992,4.21992,0.0
robustness_alt_test,uptake(mmol/g) CO2 at 0.15 bar,71,210995,topology_only,mlp,topology_only | mlp,5,0.787002808688984,0.7868676300061378,0.7871379873718302,0.00015421873671066154,0.5171998707876531,0.5157584833634495,0.5186412582118566,0.0016444082971594158,0.3787104013858976,0.37849696183679965,0.3789238409349956,0.00024350272493364871,0.65206535637982,0.6517744491130539,0.652356263646586,0.00033188184879473005,0.20295790671217295,0.19974031648001897,0.20617549694432694,0.0036707910626712385,4.059850823344865,3.995488037165157,4.124213609524573,0.07342834955056701,0.0,0.0,0.0,0.0,0.0,0.0,0.0,0.0,0.015999999999999997,0.011199000104144968,0.020800999895855026,0.005477225575051661,8.43984,5.9073605649354315,10.97231943506457,2.8891817185840005,0.038400000000000004,0.0330826532932298,0.04371734670677021,0.0060663003552412385,8.1022464,6.980307514258313,9.224185285741687,1.2799651097544809,0.047200000000000006,0.043782623228264116,0.050617376771735896,0.0038987177379235863,4.979505600000001,4.618979185335409,5.340032014664594,0.4113069239154624
robustness_alt_test,uptake(mmol/g) CO2 at 0.15 bar,71,210995,topology_only,rf,topology_only | rf,5,0.7874471184081949,0.7874349609750707,0.7874592758413191,1.3869819845682812e-05,0.5163017405047563,0.5162620205316494,0.5163414604778632,4.5314571393590626e-05,0.37800871273117753,0.3779895067926461,0.378027918669709,2.191111435098497e-05,0.6521684854476792,0.6509562163279137,0.6533807545674448,0.0013830184483773372,0.20424725066363295,0.20320667425104288,0.205287827076223,0.0011871426501705393,4.085642102865366,4.064827023158232,4.1064571825725,0.023746904684810607,0.0,0.0,0.0,0.0,0.0,0.0,0.0,0.0,0.012,0.00808,0.01592,0.00447213595499958,6.329879999999999,4.2621192,8.397640799999998,2.3590069949027277,0.0304,0.023565246456528226,0.03723475354347178,0.00779743547584717,6.414278400000001,4.97217274134163,7.856384058658371,1.6452276956618497,0.04479999999999999,0.04022853371444128,0.049371466285558704,0.0052153619241621174,4.726310400000001,4.244029849806128,5.208590950193874,0.5502102522752549
