suite_name,target_col,test_seed,n_train,method_label,descriptor_family,model_name,n_repeats,topk_overlap_frac_0p050_mean,topk_overlap_frac_0p050_std,topk_overlap_k50_mean,topk_overlap_k50_std,topk_overlap_k100_mean,topk_overlap_k100_std,topk_overlap_k250_mean,topk_overlap_k250_std,topk_overlap_k500_mean,topk_overlap_k500_std,elite_enrichment_0p050_mean,elite_enrichment_0p050_std,elite_enrichment_k50_mean,elite_enrichment_k50_std,elite_enrichment_k100_mean,elite_enrichment_k100_std,elite_enrichment_k250_mean,elite_enrichment_k250_std,elite_enrichment_k500_mean,elite_enrichment_k500_std
primary,uptake(mmol/g) CO2 at 0.015 bar,17,500,enriched_interpretable | hgb,enriched_interpretable,hgb,5,0.40879787637466813,0.014845338741800072,0.052000000000000005,0.030331501776206204,0.064,0.04722287581247038,0.12400000000000003,0.05099019513592785,0.17439999999999997,0.01711139970896595,8.177352742088498,0.29695744152112735,54.85896,31.999127743862022,33.75936,24.90959476232,26.163504,10.758727212900233,18.398851200000003,1.8052184464964913
primary,uptake(mmol/g) CO2 at 0.015 bar,17,500,enriched_interpretable | mlp,enriched_interpretable,mlp,5,0.38194918467956007,0.06779876608102477,0.052000000000000005,0.017888543819998316,0.088,0.0396232255123179,0.1056,0.04313699108653731,0.1432,0.019370080020485198,7.640287274426285,1.3562067167265737,54.85896,18.872055959221825,46.41912000000001,20.900855225492567,22.281177600000003,9.10173257129503,15.107313600000001,2.043504702001147
primary,uptake(mmol/g) CO2 at 0.015 bar,17,500,enriched_interpretable | rf,enriched_interpretable,rf,5,0.4081152825180129,0.012239430266228103,0.044000000000000004,0.04560701700396552,0.08399999999999999,0.04722287581247038,0.11039999999999998,0.05348644688142969,0.1716,0.033418557718728675,8.163698535283526,0.24483037812410566,46.41912,48.11449079884354,44.30916,24.909594762319998,23.2939584,11.28542634619414,18.103456800000004,3.5255910022104384
primary,uptake(mmol/g) CO2 at 0.015 bar,17,500,enriched_interpretable | ridge,enriched_interpretable,ridge,5,0.3794463405384907,0.034836155246690495,0.048,0.02280350850198276,0.08,0.04,0.08720000000000001,0.02931211353689802,0.124,0.007483314773547886,7.590221849474725,0.6968419996616143,50.63904,24.05724539942177,42.199200000000005,21.0996,18.398851200000003,6.184738707831335,13.081752,0.789474741979755
primary,uptake(mmol/g) CO2 at 0.015 bar,17,500,geometry_only | hgb,geometry_only,hgb,5,0.3878649981039059,0.028030658009394305,0.02,0.02449489742783178,0.032,0.02863564212655271,0.0816,0.04396362132490908,0.13879999999999998,0.04881802945633918,7.758623733402706,0.5607088279626622,21.0996,25.841626888413973,16.87968,15.105014865335288,17.217273600000002,9.276148245070516,14.643122400000001,5.150204471584872
primary,uptake(mmol/g) CO2 at 0.015 bar,17,500,geometry_only | mlp,geometry_only,mlp,5,0.3653394008342814,0.05429361920825458,0.012,0.01788854381999832,0.024,0.01816590212458495,0.0496,0.03447897910321592,0.09759999999999999,0.04862920932937322,7.308034908838645,1.0860576866197276,12.65976,18.872055959221825,12.659759999999999,9.582331711697314,10.465401600000002,7.274926674862147,10.2966048,5.130284325830217
primary,uptake(mmol/g) CO2 at 0.015 bar,17,500,geometry_only | rf,geometry_only,rf,5,0.41069397042093286,0.028175983046917152,0.048,0.0363318042491699,0.05600000000000001,0.04277849927241487,0.0928,0.032912003889158735,0.1464,0.025115732121520958,8.215281094324531,0.5636158247030085,50.63904,38.32932684678926,29.539440000000003,22.565230581206123,19.580428800000004,6.944301172596938,15.4449072,2.649659507356218
primary,uptake(mmol/g) CO2 at 0.015 bar,17,500,geometry_only | ridge,geometry_only,ridge,5,0.37368221463784596,0.014093987309443626,0.012,0.010954451150103323,0.046000000000000006,0.01341640786499874,0.0744,0.0035777087639996606,0.11679999999999999,0.005019960159204451,7.4749196586771856,0.28192784853463854,12.65976,11.556726874336002,24.26454,7.077020984708186,15.698102400000002,0.7548822383688728,12.322166400000002,0.5295957568757514
primary,uptake(mmol/g) CO2 at 0.015 bar,17,500,geometry_plus_topology | hgb,geometry_plus_topology,hgb,5,0.429427379598028,0.010684283851534816,0.036000000000000004,0.01673320053068151,0.054000000000000006,0.03911521443121589,0.1024,0.0487934421823261,0.16160000000000002,0.037239763694201934,8.590013214416526,0.21372214216329535,37.979279999999996,17.65319189585838,28.484460000000002,20.632884460322067,21.605990400000003,10.295221126702076,17.048476800000003,3.928720590210916
primary,uptake(mmol/g) CO2 at 0.015 bar,17,500,geometry_plus_topology | mlp,geometry_plus_topology,mlp,5,0.4248767538869928,0.04592823563869133,0.04,0.03162277660168379,0.084,0.04979959839195493,0.0928,0.03254535297089279,0.1312,0.03384080377296024,8.49898516905005,0.9187214644312963,42.1992,33.361396859244365,44.309160000000006,26.2687901557723,19.580428800000004,6.866939295446496,13.8413376,3.57013711643976
primary,uptake(mmol/g) CO2 at 0.015 bar,17,500,geometry_plus_topology | rf,geometry_plus_topology,rf,5,0.4443686006825939,0.02117420101506611,0.055999999999999994,0.07266360849833979,0.1,0.06480740698407861,0.11679999999999999,0.05792408825350641,0.18119999999999997,0.038590154184714,8.888888630036458,0.42355628719898475,59.078880000000005,76.65865369357851,52.749,34.185259110031616,24.644332800000004,12.22175092513684,19.1162376,4.071184086178959
primary,uptake(mmol/g) CO2 at 0.015 bar,17,500,geometry_plus_topology | ridge,geometry_plus_topology,ridge,5,0.3944634053849071,0.01932602634848531,0.06,0.03162277660168379,0.08800000000000001,0.032710854467592254,0.1056,0.0340117626711701,0.12880000000000003,0.03336465195382682,7.890614399184097,0.3865864861040013,63.29880000000001,33.361396859244365,46.41912,17.25464862311024,22.2811776,7.176345876566208,13.5881424,3.5199040518248217
primary,uptake(mmol/g) CO2 at 0.015 bar,17,500,topology_only | hgb,topology_only,hgb,5,0.15532802427000378,0.030865708904433957,0.0,0.0,0.002,0.004472135954999579,0.007200000000000001,0.0017888543819998318,0.014000000000000002,1.939479807224432e-18,3.1070906151757414,0.6174195218050764,0.0,0.0,1.05498,2.359006994902728,1.5191712000000002,0.3774411191844365,1.4769720000000002,0.0
primary,uptake(mmol/g) CO2 at 0.015 bar,17,500,topology_only | mlp,topology_only,mlp,5,0.16488433826317786,0.010208666135423617,0.024,0.03286335345030997,0.014000000000000002,0.0151657508881031,0.0328,0.024560130292814005,0.044000000000000004,0.02993325909419153,3.2982495104453426,0.2042081645724157,25.31952,34.670180623008015,7.384860000000001,7.999781935965505,6.920668800000001,5.1820892512625845,4.6419120000000005,3.1578989679190186
primary,uptake(mmol/g) CO2 at 0.015 bar,17,500,topology_only | rf,topology_only,rf,5,0.12347364429275691,0.034818606429272064,0.016,0.026076809620810597,0.01,0.01414213562373095,0.020800000000000003,0.02504396134799764,0.028000000000000004,0.027018512172212593,2.469894297610403,0.6964909634196709,16.87968,27.51051261376276,5.2749,7.45983512016184,4.3887168,5.284175668582112,2.9539440000000003,2.8503989971440844
primary,uptake(mmol/g) CO2 at 0.015 bar,17,500,topology_only | ridge,topology_only,ridge,5,0.14562002275312855,0.02117691748462604,0.036,0.03286335345030996,0.022,0.0216794833886788,0.035199999999999995,0.033394610343586886,0.040400000000000005,0.03250846043724618,2.912897451727258,0.4236106258614103,37.97928,34.67018062300801,11.60478,11.43571069269418,7.4270592,7.046129204055458,4.262119200000001,3.4295775592085977
primary,uptake(mmol/g) CO2 at 0.015 bar,17,1000,enriched_interpretable | hgb,enriched_interpretable,hgb,5,0.4105422828972317,0.033623046033425405,0.024,0.03286335345030997,0.048,0.03114482300479487,0.08,0.0303315017762062,0.144,0.043243496620879306,8.212246826145648,0.6725756750918306,25.31952,34.670180623008015,25.31952,16.42858268679925,16.87968,6.399825548772404,15.191712,4.562102406509525
primary,uptake(mmol/g) CO2 at 0.015 bar,17,1000,enriched_interpretable | mlp,enriched_interpretable,mlp,5,0.3974971558589306,0.0503800430360911,0.052000000000000005,0.010954451150103319,0.088,0.043243496620879306,0.10400000000000001,0.03382306905057552,0.1504,0.02558906016249913,7.951299762761749,1.0077728062611946,54.85896,11.556726874336006,46.41912,22.810512032547624,21.943584000000005,7.136532277395233,15.8668992,2.699594669023333
primary,uptake(mmol/g) CO2 at 0.015 bar,17,1000,enriched_interpretable | rf,enriched_interpretable,rf,5,0.4248767538869928,0.029587087970586515,0.039999999999999994,0.06782329983125268,0.06399999999999999,0.058566201857385286,0.0968,0.037137582042992515,0.15839999999999999,0.039884834210511644,8.49898516905005,0.5918427392341554,42.199200000000005,71.55222485597496,33.75936,30.893085817752166,20.424412800000002,7.83588126074325,16.7108832,4.207770239540558
primary,uptake(mmol/g) CO2 at 0.015 bar,17,1000,enriched_interpretable | ridge,enriched_interpretable,ridge,5,0.3940841865756541,0.009432567641086713,0.032,0.01788854381999832,0.074,0.0151657508881031,0.092,0.02785677655436824,0.1252,0.01700588133558505,7.883028728736891,0.1886835458853556,33.75936,18.87205595922182,39.03426,7.999781935965504,19.411632,5.877668425865481,13.208349600000002,1.794086469141552
primary,uptake(mmol/g) CO2 at 0.015 bar,17,1000,geometry_only | hgb,geometry_only,hgb,5,0.39484262419416,0.01299730632268057,0.02,0.0282842712474619,0.04,0.0291547594742265,0.076,0.04498888751680797,0.1256,0.04045738498716891,7.8982000696313035,0.25999048586085605,21.0996,29.83934048064736,21.0996,15.378844075059737,16.035696,9.492475310496415,13.2505488,4.268173201376346
primary,uptake(mmol/g) CO2 at 0.015 bar,17,1000,geometry_only | mlp,geometry_only,mlp,5,0.40197193780811524,0.016952819831063407,0.004,0.00894427190999916,0.026000000000000002,0.020736441353327723,0.06000000000000001,0.02383275057562597,0.10400000000000001,0.01849324200890693,8.040810674038784,0.33911425607461637,4.21992,9.436027979610913,13.71474,10.93826544946684,12.65976,5.028615040454778,10.971792000000002,1.9510000454556635
primary,uptake(mmol/g) CO2 at 0.015 bar,17,1000,geometry_only | rf,geometry_only,rf,5,0.4190367842244975,0.029339872785566466,0.016,0.03577708763999664,0.036000000000000004,0.03209361307176243,0.08,0.032,0.138,0.023237900077244498,8.38216584416307,0.5868975917959215,16.87968,37.74411191844365,18.98964,16.929059959223963,16.87968,6.751872000000001,14.558724000000002,2.4515519823491405
primary,uptake(mmol/g) CO2 at 0.015 bar,17,1000,geometry_only | ridge,geometry_only,ridge,5,0.3669321198331438,0.006658503503136574,0.02,0.0,0.04,0.0,0.0776,0.002190890230020666,0.1136,0.0008944271909999167,7.339894724716913,0.13319279533066022,21.0996,0.0,21.0996,0.0,16.373289600000003,0.46226907497343955,11.9845728,0.09436027979610902
primary,uptake(mmol/g) CO2 at 0.015 bar,17,1000,geometry_plus_topology | hgb,geometry_plus_topology,hgb,5,0.4265453166477057,0.038562469650489026,0.024,0.03286335345030997,0.042,0.02280350850198276,0.07680000000000001,0.021052315787105227,0.1476,0.04087542048713382,8.532362119017758,0.771381005534185,25.31952,34.670180623008015,22.15458,12.028622699710885,16.204492800000004,4.441954421816056,15.571504800000003,4.312275110551646
primary,uptake(mmol/g) CO2 at 0.015 bar,17,1000,geometry_plus_topology | mlp,geometry_plus_topology,mlp,5,0.46423966628744784,0.010750702757613138,0.068,0.04816637831516918,0.10400000000000001,0.05029910535983716,0.11279999999999998,0.041990475110434265,0.1596,0.02308246087400561,9.286377761470074,0.2150507469705485,71.73864,50.81456579493719,54.85896,26.532275086260505,23.800348800000002,8.85982228640119,16.8374808,2.435153457285845
primary,uptake(mmol/g) CO2 at 0.015 bar,17,1000,geometry_plus_topology | rf,geometry_plus_topology,rf,5,0.44922260144103154,0.020181781335063417,0.048,0.07155417527999328,0.078,0.06220932405998316,0.1048,0.03851233568611491,0.16839999999999997,0.037400534755535245,8.9859852117607,0.40370450650104717,50.63904,75.4882238368873,41.144220000000004,32.81479634840052,22.112380800000004,8.125948780427501,17.765863200000005,3.945681615639457
primary,uptake(mmol/g) CO2 at 0.015 bar,17,1000,geometry_plus_topology | ridge,geometry_plus_topology,ridge,5,0.432385286310201,0.01865008744826325,0.068,0.02683281572999748,0.096,0.03209361307176243,0.1256,0.022199099080818574,0.1508,0.02291724241700994,8.649181443904737,0.37306540114085607,71.73864,28.308083938832738,50.63904,16.929059959223963,26.5010976,4.683921109656396,15.9090984,2.4177232405097153
primary,uptake(mmol/g) CO2 at 0.015 bar,17,1000,topology_only | hgb,topology_only,hgb,5,0.1687523701175578,0.0008479590358361007,0.0,0.0,0.002,0.004472135954999579,0.008,0.0,0.014400000000000001,0.0008944271909999159,3.3756233490068484,0.016962074774864874,0.0,0.0,1.05498,2.359006994902728,1.6879680000000001,0.0,1.5191712000000002,0.0943602797961091
primary,uptake(mmol/g) CO2 at 0.015 bar,17,1000,topology_only | mlp,topology_only,mlp,5,0.16943496397421312,0.019518536151502033,0.02,0.0282842712474619,0.018,0.024899799195977464,0.024000000000000004,0.029120439557122072,0.04,0.037841775856849,3.3892775558118196,0.3904373391943801,21.0996,29.83934048064736,9.49482,13.134395077886154,5.063904,6.14429626479453,4.219920000000001,3.9922316693458564
primary,uptake(mmol/g) CO2 at 0.015 bar,17,1000,topology_only | rf,topology_only,rf,5,0.1355328024270004,0.007395252942411762,0.044,0.026076809620810593,0.026000000000000002,0.01816590212458495,0.0424,0.02920273959751037,0.055999999999999994,0.027531799795872405,2.711118617831567,0.14793029861936982,46.41912,27.51051261376276,13.71474,9.582331711697316,8.946230400000001,6.161661244116298,5.907888000000001,2.9045498148649473
primary,uptake(mmol/g) CO2 at 0.015 bar,17,1000,topology_only | ridge,topology_only,ridge,5,0.15237011755783086,0.01635572087138691,0.036,0.026076809620810593,0.042,0.029495762407505254,0.048799999999999996,0.031035463586033315,0.06000000000000001,0.029799328851502677,3.0479223856875315,0.32717023900067804,37.97928,27.51051261376276,22.15458,15.558719712334945,10.2966048,6.548358674798687,6.329880000000001,3.1437695951758298
primary,uptake(mmol/g) CO2 at 0.015 bar,17,2000,enriched_interpretable | hgb,enriched_interpretable,hgb,5,0.45551763367463033,0.011151225538267763,0.028000000000000004,0.010954451150103323,0.068,0.02949576240750525,0.13520000000000001,0.04394542069431126,0.19,0.032588341473600645,9.11190734118433,0.22306256955558787,29.539439999999995,11.556726874336002,35.86932,15.558719712334945,28.526659200000005,9.2723079848169,20.044620000000002,3.43800484878192
primary,uptake(mmol/g) CO2 at 0.015 bar,17,2000,enriched_interpretable | mlp,enriched_interpretable,mlp,5,0.42783466059916575,0.029022505158440688,0.036000000000000004,0.029664793948382652,0.06999999999999999,0.03807886552931954,0.096,0.04604345773288535,0.1532,0.030384206423732713,8.558153398538261,0.5805491560874433,37.97928,31.29576431966473,36.9243,20.086220778060767,20.255616,9.714985407807879,16.1622936,3.205473009290954
primary,uptake(mmol/g) CO2 at 0.015 bar,17,2000,enriched_interpretable | rf,enriched_interpretable,rf,5,0.46249525976488426,0.019744157588092493,0.044,0.03847076812334269,0.092,0.07224956747275377,0.124,0.05768882040742383,0.1892,0.03330465432938766,9.251483677412926,0.39495053796522256,46.41912,40.58589095476407,48.52908000000001,38.11092434620289,26.163504,12.1721103506848,19.960221600000004,3.51357442244174
primary,uptake(mmol/g) CO2 at 0.015 bar,17,2000,enriched_interpretable | ridge,enriched_interpretable,ridge,5,0.39476678043230945,0.013717555743409876,0.036000000000000004,0.021908902300206645,0.088,0.0396232255123179,0.0968,0.019879637823662682,0.128,0.009055385138137424,7.896682935541863,0.2743979324645914,37.979279999999996,23.113453748672004,46.41912,20.90085522549257,20.424412800000002,4.194524062241532,13.503744000000001,0.9553250213032223
primary,uptake(mmol/g) CO2 at 0.015 bar,17,2000,geometry_only | hgb,geometry_only,hgb,5,0.4304133485020857,0.011530372237778369,0.016,0.00894427190999916,0.054000000000000006,0.02190890230020664,0.09680000000000001,0.04367150100465978,0.1492,0.026138094804327265,8.609735957579264,0.23064679756183934,16.87968,9.43602797961091,28.484460000000002,11.556726874336002,20.424412800000002,9.214512025979195,15.7403016,2.7575167256669184
primary,uptake(mmol/g) CO2 at 0.015 bar,17,2000,geometry_only | mlp,geometry_only,mlp,5,0.4116799393249906,0.009854582849779022,0.016,0.01673320053068151,0.036000000000000004,0.008944271909999158,0.0632,0.01926655132606767,0.11079999999999998,0.021844907873461033,8.235003837487266,0.19712529038414636,16.87968,17.653191895858377,18.989639999999998,4.718013989805456,13.334947199999998,4.065165263594975,11.6891784,2.3045940908343923
primary,uptake(mmol/g) CO2 at 0.015 bar,17,2000,geometry_only | rf,geometry_only,rf,5,0.4464163822525598,0.007911053354815513,0.04,0.03741657386773942,0.05800000000000001,0.03898717737923586,0.10640000000000001,0.054449977043154026,0.16599999999999998,0.01933907960581372,8.929851250451375,0.15824806727840848,42.1992,39.47373709898772,30.594420000000003,20.56534619577312,22.449974400000002,11.488727356197328,17.512667999999998,2.0402342202541357
primary,uptake(mmol/g) CO2 at 0.015 bar,17,2000,geometry_only | ridge,geometry_only,ridge,5,0.36662874478574137,0.006592302084932526,0.02,0.0,0.04,0.0,0.0816,0.003577708763999667,0.1136,0.0016733200530681528,7.333826188359147,0.13186854102317244,21.0996,0.0,21.0996,0.0,17.217273600000002,0.7548822383688739,11.9845728,0.17653191895858358
primary,uptake(mmol/g) CO2 at 0.015 bar,17,2000,geometry_plus_topology | hgb,geometry_plus_topology,hgb,5,0.4816078877512324,0.01593847226671786,0.044000000000000004,0.05899152481501051,0.072,0.0506951674225463,0.136,0.03794733192202056,0.1964,0.02920273959751037,9.633801467952129,0.3188238428506257,46.41912,62.234878849339786,37.97928,26.74119386371895,28.695456,8.00673524621865,20.719807199999998,3.080830622058149
primary,uptake(mmol/g) CO2 at 0.015 bar,17,2000,geometry_plus_topology | mlp,geometry_plus_topology,mlp,5,0.49336367083807353,0.0187952563921824,0.044,0.02190890230020664,0.052000000000000005,0.023874672772626643,0.1024,0.01186591757935306,0.18480000000000002,0.02431460466468662,9.868957251815527,0.3759692754763856,46.41912,23.113453748672008,27.42948,12.59365114083283,21.6059904,2.503661145573178,19.496030400000002,2.5651421629151097
primary,uptake(mmol/g) CO2 at 0.015 bar,17,2000,geometry_plus_topology | rf,geometry_plus_topology,rf,5,0.4985968904057641,0.020102889475132116,0.06,0.06,0.08600000000000001,0.04878524367060187,0.13440000000000002,0.04423573216303761,0.1996,0.035983329473521494,9.973639503986975,0.40212640004692646,63.29880000000001,63.2988,45.36414,25.73372818380578,28.3578624,9.333562543472283,21.0574008,3.7961692927975705
primary,uptake(mmol/g) CO2 at 0.015 bar,17,2000,geometry_plus_topology | ridge,geometry_plus_topology,ridge,5,0.44391353811149037,0.010881002946707578,0.06,0.01414213562373095,0.084,0.027018512172212593,0.11439999999999999,0.02201817431123661,0.15919999999999998,0.020278066969018526,8.879785825499813,0.2176571954629797,63.29880000000001,14.919670240323677,44.30916,14.25199498572042,24.137942400000004,4.64574670697368,16.795281600000003,2.1392955090975168
primary,uptake(mmol/g) CO2 at 0.015 bar,17,2000,topology_only | hgb,topology_only,hgb,5,0.16147136897990141,0.008703051017711197,0.004,0.00894427190999916,0.01,0.01224744871391589,0.020800000000000003,0.01425482374496437,0.027200000000000002,0.012853015210447703,3.2299784764204853,0.17409072360001812,4.21992,9.436027979610913,5.2749,6.460406722103493,4.3887168,3.007710790892502,2.8695456,1.355967398671812
primary,uptake(mmol/g) CO2 at 0.015 bar,17,2000,topology_only | mlp,topology_only,mlp,5,0.15942358740993554,0.01199375034602623,0.016,0.021908902300206645,0.036,0.04979959839195493,0.024,0.03136877428271625,0.0372,0.029819456735494024,3.1890158560055704,0.2399159412220468,16.87968,23.113453748672004,18.98964,26.268790155772308,5.063904000000001,6.618685898555997,3.9245256,3.1458930466811488
primary,uptake(mmol/g) CO2 at 0.015 bar,17,2000,topology_only | rf,topology_only,rf,5,0.16420174440652255,0.019286175373456824,0.04,0.02449489742783178,0.044000000000000004,0.028809720581775868,0.0504,0.021466252583997984,0.0624,0.02303909720453473,3.2845953036403714,0.38578933059327797,42.1992,25.84162688841397,23.20956,15.196839509680952,10.6341984,4.529293430213238,6.583075200000001,2.4305786768840054
primary,uptake(mmol/g) CO2 at 0.015 bar,17,2000,topology_only | ridge,topology_only,ridge,5,0.17064846416382254,0.0209241516711935,0.027999999999999997,0.022803508501982758,0.054000000000000006,0.020736441353327723,0.0632,0.017527121840165315,0.0728,0.01781010948871455,3.4135517012428798,0.41855444691080224,29.539440000000003,24.05724539942177,28.484460000000002,10.93826544946684,13.334947200000002,3.6981525997875213,7.680254400000001,1.8789309308404079
primary,uptake(mmol/g) CO2 at 0.015 bar,17,5000,enriched_interpretable | hgb,enriched_interpretable,hgb,5,0.48031854379977246,0.007921044929714629,0.05600000000000001,0.05366563145999496,0.088,0.05805170109479997,0.1528,0.022873565528793275,0.2204,0.013885243966167827,9.608010188431626,0.15844793287732917,59.078880000000005,56.61616787766548,46.41912,30.621691810496035,32.2401888,4.826230832313266,23.251759200000002,1.4648654679427722
primary,uptake(mmol/g) CO2 at 0.015 bar,17,5000,enriched_interpretable | mlp,enriched_interpretable,mlp,5,0.44937428896473264,0.01594523780176614,0.044,0.029664793948382652,0.07200000000000001,0.02683281572999748,0.1248,0.03167333263172665,0.18719999999999998,0.0343394816501356,8.989019479939582,0.31895917664215506,46.41912,31.295764319664727,37.97928,14.154041969416369,26.332300800000002,6.682946491963797,19.7492256,3.622746635126007
primary,uptake(mmol/g) CO2 at 0.015 bar,17,5000,enriched_interpretable | rf,enriched_interpretable,rf,5,0.4910883579825559,0.017094315767288048,0.05600000000000001,0.047749345545253286,0.126,0.06228964600958974,0.1912,0.04727790181469562,0.2524,0.014028542333400148,9.823443229132286,0.34194465772039345,59.078880000000005,50.37460456333132,66.46374,32.857165373598505,40.34243520000001,9.975448171293518,26.627695200000005,1.4799831590890482
primary,uptake(mmol/g) CO2 at 0.015 bar,17,5000,enriched_interpretable | ridge,enriched_interpretable,ridge,5,0.40333712552142587,0.00499936397350839,0.044,0.008944271909999156,0.08,0.020000000000000004,0.10959999999999999,0.014310835055998656,0.1292,0.014872793954062567,8.068119087648727,0.10000434214584525,46.41912,9.436027979610913,42.1992,10.549800000000001,23.1251616,3.019528953475492,13.6303416,1.5690500165656922
primary,uptake(mmol/g) CO2 at 0.015 bar,17,5000,geometry_only | hgb,geometry_only,hgb,5,0.45324232081911264,0.013300799031985057,0.036,0.026076809620810593,0.061999999999999986,0.0506951674225463,0.11839999999999999,0.04729482001234385,0.1908,0.03436859031150392,9.066393318501088,0.26606137585824047,37.979279999999996,27.51051261376276,32.70438,26.74119386371895,24.9819264,9.979017843324502,20.1290184,3.625817540683041
primary,uptake(mmol/g) CO2 at 0.015 bar,17,5000,geometry_only | mlp,geometry_only,mlp,5,0.42138794084186576,0.007572041543705902,0.02,0.034641016151377546,0.032,0.031144823004794875,0.064,0.023323807579381205,0.1308,0.03375203697556637,8.429197000935751,0.15146667401931838,21.0996,36.54557921938028,16.87968,16.42858268679925,13.503744000000003,4.921230104019117,13.7991384,3.560772396848301
primary,uptake(mmol/g) CO2 at 0.015 bar,17,5000,geometry_only | rf,geometry_only,rf,5,0.4662874478574137,0.00877381538456265,0.052000000000000005,0.04147288270665544,0.066,0.047749345545253286,0.1336,0.06803528496302488,0.2064,0.023125743231299623,9.327340381884989,0.17550625245365778,54.85896,43.75306179786735,34.81434,25.18730228166566,28.189065600000003,14.3551729860584,21.7747872,2.439719659415648
primary,uptake(mmol/g) CO2 at 0.015 bar,17,5000,geometry_only | ridge,geometry_only,ridge,5,0.36374668183541903,0.0018655098788394036,0.02,0.0,0.04,0.0,0.0824,0.002190890230020666,0.11240000000000001,0.0016733200530681524,7.2761750929603775,0.03731656450470229,21.0996,0.0,21.0996,0.0,17.3860704,0.4622690749734415,11.8579752,0.17653191895858358
primary,uptake(mmol/g) CO2 at 0.015 bar,17,5000,geometry_plus_topology | hgb,geometry_plus_topology,hgb,5,0.5095942358740994,0.004655287383973886,0.064,0.05727128425310542,0.10800000000000001,0.06379655163094632,0.16560000000000002,0.016149303390549083,0.244,0.014142135623730958,10.193623946955961,0.0931216360323242,67.51872,60.420059461341154,56.968920000000004,33.65204301980788,34.940937600000005,3.4074384181922936,25.741512,1.491967024032369
primary,uptake(mmol/g) CO2 at 0.015 bar,17,5000,geometry_plus_topology | mlp,geometry_plus_topology,mlp,5,0.49586651497914297,0.01775578436650813,0.05600000000000001,0.029664793948382652,0.094,0.023021728866442676,0.14479999999999998,0.04794997393117122,0.2324,0.04255349574359315,9.919022676767089,0.35517628727680595,59.078880000000005,31.295764319664734,49.58406,12.143731759759849,30.552220800000004,10.117252699581405,24.517735200000004,4.48930869395759
primary,uptake(mmol/g) CO2 at 0.015 bar,17,5000,geometry_plus_topology | rf,geometry_plus_topology,rf,5,0.5262040197193781,0.007662660075352674,0.084,0.055497747702046435,0.15400000000000003,0.05412947441089744,0.188,0.05520869496736904,0.2616,0.023125743231299612,10.5258763125436,0.15327935393051842,88.61832000000001,58.54901387070495,81.23346000000001,28.55275645700429,39.66724800000001,11.648813803335,27.5982768,2.439719659415647
primary,uptake(mmol/g) CO2 at 0.015 bar,17,5000,geometry_plus_topology | ridge,geometry_plus_topology,ridge,5,0.44702313234736446,0.007638223712136657,0.068,0.02280350850198276,0.132,0.045497252664309304,0.1456,0.03528172331391991,0.1768,0.027589853207293437,8.941988323166905,0.15279054326564148,71.73864,24.057245399421774,69.62868,23.999345807896518,30.721017600000003,7.444302492343847,18.652046399999996,2.9106743336630427
primary,uptake(mmol/g) CO2 at 0.015 bar,17,5000,topology_only | hgb,topology_only,hgb,5,0.1734546833522943,0.01201172211128271,0.0,0.0,0.004,0.005477225575051661,0.0392,0.010353743284435826,0.0632,0.015466091943344966,3.4696856625522075,0.24027543786425923,0.0,0.0,2.10996,2.8891817185840005,8.271043200000001,2.184598418042822,6.667473600000001,1.6316417678390074
primary,uptake(mmol/g) CO2 at 0.015 bar,17,5000,topology_only | mlp,topology_only,mlp,5,0.18088737201365188,0.010200210584992616,0.036,0.03286335345030997,0.036,0.028809720581775868,0.0504,0.02836899716239543,0.0744,0.033298648621227854,3.6183648033174527,0.20403902470526178,37.97928,34.67018062300801,18.989639999999998,15.19683950968095,10.634198399999999,5.985744925276786,7.849051200000001,3.512940832242297
primary,uptake(mmol/g) CO2 at 0.015 bar,17,5000,topology_only | rf,topology_only,rf,5,0.18043230944254834,0.008862693251493168,0.04,0.02449489742783178,0.054000000000000006,0.025099800796022264,0.0728,0.01584929020492716,0.0932,0.01553061492665374,3.609261998780805,0.17728411312969775,42.1992,25.84162688841397,28.484460000000002,13.239893921893785,15.360508800000002,3.3441368360788113,9.8324136,1.6384488135321165
primary,uptake(mmol/g) CO2 at 0.015 bar,17,5000,topology_only | ridge,topology_only,ridge,5,0.18096321577550248,0.005659134015761949,0.044,0.026076809620810597,0.05600000000000001,0.03361547262794322,0.0696,0.014587666023048375,0.0884,0.013221195104830724,3.619881937406894,0.11320199476580464,46.41912,27.51051261376276,29.539440000000003,17.73182565651377,14.6853216,3.077939180199115,9.326023200000002,1.394809641169432
primary,uptake(mmol/g) CO2 at 0.015 bar,17,10000,enriched_interpretable | hgb,enriched_interpretable,hgb,5,0.513310580204778,0.005049451881950442,0.08399999999999999,0.0433589667773576,0.14200000000000002,0.01788854381999832,0.2088,0.038199476436202626,0.242,0.01714642819948225,10.267963517338583,0.10100627126317949,88.61832000000001,45.742842770776726,74.90358,9.436027979610909,44.055964800000005,8.059936730133012,25.530516000000002,1.8089138821889792
primary,uptake(mmol/g) CO2 at 0.015 bar,17,10000,enriched_interpretable | mlp,enriched_interpretable,mlp,5,0.4586272279105043,0.014793422473253923,0.05600000000000001,0.03577708763999663,0.11400000000000002,0.042190046219457975,0.1512,0.027040710049848905,0.2112,0.020813457185196317,9.174109838851418,0.2959189389615743,59.07887999999999,37.74411191844365,60.133860000000006,22.254827480301884,31.9025952,5.70548165767792,22.281177600000003,2.1957781061238406
primary,uptake(mmol/g) CO2 at 0.015 bar,17,10000,enriched_interpretable | rf,enriched_interpretable,rf,5,0.5219567690557452,0.009040213729608301,0.11199999999999999,0.02280350850198276,0.188,0.031144823004794868,0.23199999999999998,0.03794733192202056,0.2692,0.02322068043791999,10.440916803534888,0.18083512856393966,118.15776000000001,24.057245399421777,99.16812,16.428582686799245,48.951072,8.00673524621865,28.400061600000004,2.4497353448396835
primary,uptake(mmol/g) CO2 at 0.015 bar,17,10000,enriched_interpretable | ridge,enriched_interpretable,ridge,5,0.4017444065225635,0.00553191733903996,0.04,0.0,0.072,0.016431676725154987,0.1096,0.016876018487783192,0.1316,0.009208691546577078,8.036259271770458,0.11065722704475472,42.1992,0.0,37.97928,8.667545155752004,23.125161600000002,3.5607723968483014,13.883536800000002,0.9714985407807889
primary,uptake(mmol/g) CO2 at 0.015 bar,17,10000,geometry_only | hgb,geometry_only,hgb,5,0.47372013651877126,0.010180453656069557,0.08,0.048989794855663564,0.11200000000000002,0.05118593556827891,0.1608,0.03116408188925193,0.20600000000000002,0.02130727575266252,9.476019522650233,0.2036438186970091,84.39840000000001,51.68325377682795,59.078880000000005,27.000069152911443,33.928156800000004,6.575496622304602,21.732588000000003,2.24787497735439
primary,uptake(mmol/g) CO2 at 0.015 bar,17,10000,geometry_only | mlp,geometry_only,mlp,5,0.4305650360257869,0.013627100087786403,0.02,0.02449489742783178,0.05,0.025495097567963924,0.07600000000000001,0.0233238075793812,0.13640000000000002,0.02109028212234251,8.612770225758146,0.2725885106297482,21.0996,25.841626888413973,26.3745,13.44840901612529,16.035696,4.921230104019117,14.389927200000002,2.22498258334289
primary,uptake(mmol/g) CO2 at 0.015 bar,17,10000,geometry_only | rf,geometry_only,rf,5,0.4837315130830489,0.008629207122313855,0.055999999999999994,0.06542170893518451,0.124,0.053197744313081545,0.188,0.02172556098240043,0.23679999999999998,0.017584083712266614,9.676281222456485,0.17261359366512494,59.078880000000005,69.01859449244095,65.40876,28.061278147707387,39.66724800000001,4.584006465042563,24.9819264,1.8550856634767032
primary,uptake(mmol/g) CO2 at 0.015 bar,17,10000,geometry_only | ridge,geometry_only,ridge,5,0.36420174440652253,0.00237731179653507,0.02,0.0,0.04,0.0,0.084,0.0,0.11200000000000002,0.0014142135623730963,7.285277897497027,0.04755434962283971,21.0996,0.0,21.0996,0.0,17.723664000000003,0.0,11.815776000000001,0.1491967024032366
primary,uptake(mmol/g) CO2 at 0.015 bar,17,10000,geometry_plus_topology | hgb,geometry_plus_topology,hgb,5,0.5450891164201745,0.0022209405330824977,0.1,0.042426406871192854,0.158,0.042071367935925266,0.2192,0.021799082549501945,0.26880000000000004,0.01591225942473287,10.903642700814478,0.044426390663469484,105.49800000000002,44.759010720971034,83.34342,22.19222587252122,46.25032320000001,4.599519221614711,28.357862400000005,1.678711544790469
primary,uptake(mmol/g) CO2 at 0.015 bar,17,10000,geometry_plus_topology | mlp,geometry_plus_topology,mlp,5,0.520515737580584,0.007558735573639314,0.08399999999999999,0.03286335345030996,0.132,0.07259476565152614,0.17360000000000003,0.04920162598939185,0.2484,0.04234146903450564,10.412091255835504,0.15120050920511927,88.61832000000001,34.67018062300801,69.62868,38.29301293352353,36.6289056,10.381346277257725,26.2057032,4.466940300202277
primary,uptake(mmol/g) CO2 at 0.015 bar,17,10000,geometry_plus_topology | rf,geometry_plus_topology,rf,5,0.5569965870307166,0.0045774082296568645,0.10800000000000001,0.04604345773288536,0.196,0.03781534080237807,0.23359999999999997,0.029339393313427598,0.29280000000000006,0.018471599822430098,11.141832752856761,0.09156378714682196,113.93784000000001,48.57492703903938,103.38804,19.947214119846407,49.28866560000001,6.190494631559971,30.8898144,1.94871683806673
primary,uptake(mmol/g) CO2 at 0.015 bar,17,10000,geometry_plus_topology | ridge,geometry_plus_topology,ridge,5,0.4514979142965491,0.011138967541260807,0.11600000000000002,0.026076809620810593,0.166,0.0403732584763727,0.15760000000000002,0.019308029417835472,0.1908,0.003033150177620623,9.031499234443938,0.22281736777928182,122.37767999999998,27.510512613762756,87.56334000000001,21.29649011370184,33.2529696,4.073916975045614,20.1290184,0.31999127743862016
primary,uptake(mmol/g) CO2 at 0.015 bar,17,10000,topology_only | hgb,topology_only,hgb,5,0.17284793325748957,0.009011534798132347,0.012,0.010954451150103323,0.008,0.00447213595499958,0.043199999999999995,0.00593295878967653,0.0708,0.002280350850198271,3.4575485898366773,0.18026145205410815,12.65976,11.556726874336002,4.21992,2.3590069949027277,9.1150272,1.2518305727865893,7.469258400000001,0.24057245399421726
primary,uptake(mmol/g) CO2 at 0.015 bar,17,10000,topology_only | mlp,topology_only,mlp,5,0.18050815320439892,0.010849237391672333,0.052000000000000005,0.033466401061363026,0.05800000000000001,0.032710854467592254,0.0752,0.018633303518163384,0.092,0.01661324772583615,3.6107791328702463,0.21702177594741134,54.85896,35.306383791716755,30.594420000000003,17.25464862311024,15.8668992,3.9315525091184016,9.705816000000002,1.7526644085802623
primary,uptake(mmol/g) CO2 at 0.015 bar,17,10000,topology_only | rf,topology_only,rf,5,0.18900265453166476,0.004756135637501144,0.05600000000000001,0.008944271909999158,0.08600000000000001,0.008944271909999154,0.09120000000000002,0.01634625339336204,0.1092,0.0052153619241621235,3.7806981508876696,0.09513894529486085,59.078880000000005,9.436027979610914,45.364140000000006,4.718013989805455,19.242835200000002,3.448994080985817,11.520381600000002,0.5502102522752554
primary,uptake(mmol/g) CO2 at 0.015 bar,17,10000,topology_only | ridge,topology_only,ridge,5,0.18892681076981419,0.0045695473132778405,0.064,0.01673320053068151,0.09000000000000001,0.01224744871391589,0.08720000000000001,0.014805404418657396,0.1052,0.007155417527999327,3.7791810167982285,0.09140654199017544,67.51872,17.653191895858377,47.47410000000001,6.460406722103492,18.3988512,3.123881110719036,11.0983896,0.7548822383688728
primary,uptake(mmol/g) CO2 at 0.015 bar,17,20000,enriched_interpretable | hgb,enriched_interpretable,hgb,5,0.5249146757679181,0.009193221320062304,0.14,0.05477225575051661,0.198,0.03962322551231789,0.252,0.027856776554368235,0.284,0.014966629547095756,10.5000850330231,0.18389580258322574,147.6972,57.78363437168001,104.44302000000002,20.900855225492567,53.170992,5.87766842586548,29.961432000000002,1.5789494839595075
primary,uptake(mmol/g) CO2 at 0.015 bar,17,20000,enriched_interpretable | mlp,enriched_interpretable,mlp,5,0.46552901023890786,0.0071430168694553665,0.084,0.05727128425310541,0.146,0.04722287581247038,0.1976,0.018676188047885997,0.23359999999999997,0.00853229160308061,9.312169040990577,0.1428847162862725,88.61832,60.42005946134115,77.01353999999999,24.90959476232,41.692809600000004,3.9406009733517533,24.644332800000004,0.9001396995417983
primary,uptake(mmol/g) CO2 at 0.015 bar,17,20000,enriched_interpretable | rf,enriched_interpretable,rf,5,0.5431171786120592,0.001884683145967279,0.136,0.03847076812334269,0.21800000000000003,0.0370135110466435,0.272,0.022803508501982758,0.312,0.01892088792842452,10.864197214489007,0.03770009528503188,143.47728,40.58589095476407,114.99281999999998,19.52425694199398,57.390912,4.811449079884356,32.915376,1.99611583467293
primary,uptake(mmol/g) CO2 at 0.015 bar,17,20000,enriched_interpretable | ridge,enriched_interpretable,ridge,5,0.4013651877133106,0.0016222411555712815,0.04,0.0,0.07,0.017320508075688777,0.12079999999999999,0.0052153619241621174,0.1332,0.003033150177620623,8.028673601323254,0.03245035977065978,42.1992,0.0,36.9243,9.136394804845072,25.488316800000003,1.1004205045505109,14.0523336,0.31999127743862094
primary,uptake(mmol/g) CO2 at 0.015 bar,17,20000,geometry_only | hgb,geometry_only,hgb,5,0.4869169510807736,0.00432375967045559,0.10800000000000001,0.048166378315169185,0.132,0.0506951674225463,0.18,0.023151673805580447,0.2184,0.011436782764396638,9.740000854213017,0.08648995026805509,113.93784000000001,50.81456579493718,69.62868,26.741193863718955,37.97928,4.884910566282254,23.040763200000004,1.206557708078317
primary,uptake(mmol/g) CO2 at 0.015 bar,17,20000,geometry_only | mlp,geometry_only,mlp,5,0.4568069776260903,0.009095719466542352,0.036,0.040987803063838396,0.048,0.02949576240750525,0.11120000000000001,0.010353743284435826,0.19519999999999998,0.008899438184514795,9.137698620704828,0.1819454327419952,37.979279999999996,43.24131247628822,25.31952,15.558719712334945,23.4627552,2.1845984180428224,20.5932096,0.9388729295899412
primary,uptake(mmol/g) CO2 at 0.015 bar,17,20000,geometry_only | rf,geometry_only,rf,5,0.5033750474023512,0.005654049437901789,0.124,0.05727128425310542,0.16,0.029154759474226504,0.2184,0.0072663608498339865,0.24559999999999998,0.007402702209328706,10.069218951621774,0.11310028585509377,130.81752,60.420059461341154,84.39840000000001,15.378844075059739,46.0815264,1.5331730738715723,25.910308800000003,0.7809702776797602
primary,uptake(mmol/g) CO2 at 0.015 bar,17,20000,geometry_only | ridge,geometry_only,ridge,5,0.3638225255972697,0.0013299717798066198,0.02,0.0,0.04,0.0,0.084,0.0,0.11240000000000001,0.0016733200530681524,7.277692227049819,0.02660397474896492,21.0996,0.0,21.0996,0.0,17.723664000000003,0.0,11.8579752,0.17653191895858358
primary,uptake(mmol/g) CO2 at 0.015 bar,17,20000,geometry_plus_topology | hgb,geometry_plus_topology,hgb,5,0.5525976488433826,0.011298556979854239,0.14400000000000002,0.02966479394838265,0.20800000000000002,0.04147288270665546,0.26,0.01356465996625055,0.3096,0.009528903399657285,11.053838975669166,0.22600970122500247,151.91712,31.295764319664727,109.71792,21.876530898933684,54.85896,2.862088994239002,32.6621808,1.0052802508570444
primary,uptake(mmol/g) CO2 at 0.015 bar,17,20000,geometry_plus_topology | mlp,geometry_plus_topology,mlp,5,0.524383769434964,0.006454522481397467,0.11600000000000002,0.0260768096208106,0.192,0.025884358211089566,0.2,0.032,0.2852,0.02142895237756619,10.48946509439701,0.12911247871491624,122.37768000000001,27.510512613762767,101.27808,13.653740112767634,42.199200000000005,6.751872,30.088029600000006,2.260711617928478
primary,uptake(mmol/g) CO2 at 0.015 bar,17,20000,geometry_plus_topology | rf,geometry_plus_topology,rf,5,0.5717861205915813,0.0033427229231762032,0.184,0.058991524815010514,0.244,0.039749213828703577,0.29680000000000006,0.020278066969018512,0.3372,0.008438009243891582,11.43767390029781,0.0668658670741833,194.11632,62.23487884933979,128.70756,20.96731280250285,62.62361280000001,4.278591018195032,35.57392560000001,0.8901930992120746
primary,uptake(mmol/g) CO2 at 0.015 bar,17,20000,geometry_plus_topology | ridge,geometry_plus_topology,ridge,5,0.452256351915055,0.0018693602645227486,0.128,0.022803508501982764,0.176,0.016733200530681513,0.1848,0.007155417527999334,0.2016,0.014028542333400144,9.046670575338352,0.03739358535961689,135.03744,24.05724539942177,92.83824,8.826595947929196,38.992060800000004,1.5097644767377476,21.268396799999998,1.4799831590890482
primary,uptake(mmol/g) CO2 at 0.015 bar,17,20000,topology_only | hgb,topology_only,hgb,5,0.1807356844899507,0.005551379990948898,0.052000000000000005,0.01095445115010332,0.033999999999999996,0.015165750888103104,0.05600000000000001,0.021908902300206645,0.08120000000000001,0.025321927256826245,3.6153305351385705,0.11104654650836697,54.85896,11.556726874336006,17.93466,7.999781935965506,11.815776000000003,4.622690749734401,8.5664376,2.6714126817406556
primary,uptake(mmol/g) CO2 at 0.015 bar,17,20000,topology_only | mlp,topology_only,mlp,5,0.18695487296169888,0.005560439248621606,0.06000000000000001,0.01414213562373095,0.076,0.034351128074635334,0.08959999999999999,0.019099738218101316,0.1056,0.020119642143934864,3.7397355304727546,0.11122776258078929,63.29880000000001,14.919670240323677,40.089240000000004,18.119876548089394,18.905241600000004,4.029968365066506,11.140588800000002,2.1225820069008403
primary,uptake(mmol/g) CO2 at 0.015 bar,17,20000,topology_only | rf,topology_only,rf,5,0.1880925293894577,0.0034652383167419463,0.068,0.02280350850198276,0.098,0.008366600265340758,0.1016,0.007797435475847171,0.11080000000000001,0.013682105101189659,3.7624925418143738,0.06931659308677326,71.73864,24.057245399421774,51.69402,4.413297973964594,21.4371936,1.64522769566185,11.689178400000001,1.4434347239653063
primary,uptake(mmol/g) CO2 at 0.015 bar,17,20000,topology_only | ridge,topology_only,ridge,5,0.18596890405764127,0.0017085901139277644,0.084,0.026076809620810597,0.096,0.0054772255750516665,0.0984,0.002190890230020666,0.1072,0.01473770674155243,3.7200127873100186,0.03417763364413174,88.61832,27.510512613762764,50.63904,2.8891817185840023,20.7620064,0.46226907497343955,11.3093856,1.554798585820298
primary,uptake(mmol/g) CO2 at 0.015 bar,17,40000,enriched_interpretable | hgb,enriched_interpretable,hgb,5,0.5437997724687145,0.005528016585935987,0.17600000000000002,0.03577708763999664,0.238,0.010954451150103319,0.27840000000000004,0.010807404868885023,0.328,0.015362291495737212,10.877851421293977,0.1105791986695254,185.67648,37.74411191844366,125.54261999999999,5.778363437168005,58.7412864,2.2803191977152637,34.60334400000001,1.6206910282172837
primary,uptake(mmol/g) CO2 at 0.015 bar,17,40000,enriched_interpretable | mlp,enriched_interpretable,mlp,5,0.48668941979522184,0.007247941949469627,0.1,0.048989794855663564,0.172,0.046043457732885346,0.2152,0.03809461904258921,0.2548,0.012853015210447703,9.735449451944692,0.14498357599263298,105.498,51.68325377682794,90.72828,24.287463519519694,45.406339200000005,8.037812239510153,26.880890400000006,1.355967398671812
primary,uptake(mmol/g) CO2 at 0.015 bar,17,40000,enriched_interpretable | rf,enriched_interpretable,rf,5,0.5623814941221085,0.00183833138316889,0.196,0.021908902300206645,0.24,0.014142135623730947,0.296,0.018110770276274828,0.3572,0.008318653737234175,11.24954927320709,0.036772901831920696,206.77608,23.11345374867201,126.59760000000001,7.4598351201618405,62.45481600000001,3.8213000852128824,37.683885599999996,0.8776013319707308
primary,uptake(mmol/g) CO2 at 0.015 bar,17,40000,enriched_interpretable | ridge,enriched_interpretable,ridge,5,0.40121350018960944,0.0028251165009009005,0.04,0.0,0.064,0.005477225575051666,0.1112,0.008197560612767678,0.14,0.008124038404635953,8.02563933314437,0.056511972053856746,42.1992,0.0,33.75936,2.8891817185840023,23.4627552,1.729652499051529,14.769720000000001,0.857069803612284
primary,uptake(mmol/g) CO2 at 0.015 bar,17,40000,geometry_only | hgb,geometry_only,hgb,5,0.4997345468335229,0.006748603330003035,0.13599999999999998,0.03577708763999663,0.16599999999999998,0.043931765272977596,0.2184,0.03482527817548628,0.2524,0.012601587201618702,9.996396515328595,0.134995099375931,143.47728,37.74411191844365,87.56334,23.173566863842954,46.08152640000001,7.347994393914902,26.627695200000005,1.32944224659637
primary,uptake(mmol/g) CO2 at 0.015 bar,17,40000,geometry_only | mlp,geometry_only,mlp,5,0.46621160409556317,0.006251937048479685,0.02,0.02,0.05600000000000001,0.027018512172212593,0.11200000000000002,0.015231546211727816,0.1876,0.008876936408468867,9.325823247795547,0.12506007863870144,21.0996,21.0996,29.539440000000003,14.251994985720422,23.631552,3.213795324489722,19.7914248,0.9364990372206484
primary,uptake(mmol/g) CO2 at 0.015 bar,17,40000,geometry_only | rf,geometry_only,rf,5,0.5230944254835039,0.004586823546214206,0.16,0.04898979485566356,0.22399999999999998,0.024083189157584593,0.2384,0.015646085772486357,0.2832,0.015139352694220435,10.463673814876508,0.0917521256121553,168.7968,51.68325377682794,118.15776000000001,12.703641448734297,50.30144640000001,3.3012615136515313,29.877033600000004,1.5971714305348674
primary,uptake(mmol/g) CO2 at 0.015 bar,17,40000,geometry_only | ridge,geometry_only,ridge,5,0.3644292756920743,0.0005995975844081135,0.02,0.0,0.04,0.0,0.084,0.0,0.11280000000000001,0.001095445115010333,7.2898292997653495,0.011993998096300376,21.0996,0.0,21.0996,0.0,17.723664000000003,0.0,11.900174400000001,0.11556726874335989
primary,uptake(mmol/g) CO2 at 0.015 bar,17,40000,geometry_plus_topology | hgb,geometry_plus_topology,hgb,5,0.5700417140690178,0.008817958589773562,0.21200000000000002,0.055856960175075764,0.274,0.027928480087537882,0.3304,0.01431083505599865,0.364,0.017888543819998333,11.402779816240662,0.17638926721727924,223.65576000000001,58.92797584550143,144.53226,14.731993961375352,69.7130784,3.0195289534754908,38.401272,1.8872055959221854
primary,uptake(mmol/g) CO2 at 0.015 bar,17,40000,geometry_plus_topology | mlp,geometry_plus_topology,mlp,5,0.5491846795601062,0.00876069320053629,0.164,0.0433589667773576,0.242,0.0432434966208793,0.26080000000000003,0.02142895237756621,0.31720000000000004,0.019879637823662682,10.985567941644309,0.17524376398751917,173.01672000000002,45.74284277077672,127.65257999999999,22.81051203254762,55.027756800000006,4.521423235856962,33.4639656,2.097262031120765
primary,uptake(mmol/g) CO2 at 0.015 bar,17,40000,geometry_plus_topology | rf,geometry_plus_topology,rf,5,0.5904436860068261,0.0009668220541510475,0.256,0.03847076812334269,0.29000000000000004,0.023452078799117145,0.34479999999999994,0.012457929201917932,0.3944000000000001,0.009633275663033845,11.810888886300367,0.01933974081699426,270.07488,40.58589095476407,152.9721,12.37073704574631,72.7514208,2.628573229887873,41.608411200000006,1.0162913158987448
primary,uptake(mmol/g) CO2 at 0.015 bar,17,40000,geometry_plus_topology | ridge,geometry_plus_topology,ridge,5,0.4576412590064468,0.003299421575146954,0.128,0.02280350850198276,0.17,0.024494897427831782,0.1768,0.01145425685062108,0.1968,0.009230384607371458,9.154387095688683,0.06599969232742803,135.03744,24.05724539942177,89.6733,12.920813444206988,37.30409280000001,2.416802378453645,20.762006400000004,0.9737871153084752
primary,uptake(mmol/g) CO2 at 0.015 bar,17,40000,topology_only | hgb,topology_only,hgb,5,0.1890026545316648,0.0037019991996558995,0.076,0.016733200530681513,0.096,0.026076809620810593,0.1008,0.0148054044186574,0.11599999999999999,0.007874007874011811,3.7806981508876696,0.07405261880267314,80.17848000000001,17.65319189585838,50.63904,13.75525630688138,21.268396799999998,3.123881110719037,12.237767999999999,0.8306920826924978
primary,uptake(mmol/g) CO2 at 0.015 bar,17,40000,topology_only | mlp,topology_only,mlp,5,0.19158134243458477,0.004131571088347327,0.068,0.010954451150103324,0.1,0.010000000000000002,0.0992,0.010353743284435826,0.11200000000000002,0.01574801574802362,3.8322807099286726,0.08264552269216274,71.73864,11.556726874336,52.749,5.274899999999999,20.930803200000003,2.1845984180428215,11.815776000000001,1.6613841653849957
primary,uptake(mmol/g) CO2 at 0.015 bar,17,40000,topology_only | rf,topology_only,rf,5,0.19408418657565413,0.003591584525612926,0.064,0.00894427190999916,0.10599999999999998,0.011401754250991379,0.1008,0.005215361924162117,0.11639999999999999,0.0021908902300206605,3.8823461348802355,0.07184394847992272,67.51872,9.43602797961091,55.913940000000004,6.014311349855442,21.268396800000005,1.100420504550509,12.279967200000002,0.23113453748671978
primary,uptake(mmol/g) CO2 at 0.015 bar,17,40000,topology_only | ridge,topology_only,ridge,5,0.19180887372013652,0.0032222443361771703,0.064,0.00894427190999916,0.1,0.0,0.1016,0.004560701700396549,0.12,0.0014142135623730963,3.836832112196997,0.06445588414448593,67.51872,9.43602797961091,52.749,0.0,21.437193600000004,0.9622898159768697,12.65976,0.1491967024032366
primary,uptake(mmol/g) CO2 at 0.015 bar,17,210995,enriched_interpretable | hgb,enriched_interpretable,hgb,5,0.574971558589306,0.003824285850732999,0.22399999999999998,0.016733200530681502,0.29200000000000004,0.013038404810405283,0.33120000000000005,0.009121403400793112,0.38,0.008602325267042634,11.501393532054342,0.07649876918479968,236.31552000000002,17.653191895858377,154.02707999999998,6.87762815344068,69.88187520000001,1.9245796319537485,40.089240000000004,0.9075281110224638
primary,uptake(mmol/g) CO2 at 0.015 bar,17,210995,enriched_interpretable | mlp,enriched_interpretable,mlp,5,0.5180887372013652,0.03486483369177412,0.152,0.09011104260855048,0.236,0.11371015785759862,0.2408,0.08946060585531489,0.2936,0.03814184054289987,10.363542964973382,0.6974156664419392,160.35696,95.06534773116859,124.48764000000001,59.980971168304706,50.807836800000004,18.875829993048022,30.974212800000004,4.02388789359485
primary,uptake(mmol/g) CO2 at 0.015 bar,17,210995,enriched_interpretable | rf,enriched_interpretable,rf,5,0.6037921880925294,0.004174852922115385,0.29600000000000004,0.021908902300206635,0.304,0.008944271909999166,0.34719999999999995,0.007694153624668525,0.40800000000000003,0.001999999999999974,12.07790448604203,0.08351130708709284,312.27408,23.113453748671986,160.35696,4.718013989805459,73.2578112,1.6234356381905601,43.043184000000004,0.2109959999999944
primary,uptake(mmol/g) CO2 at 0.015 bar,17,210995,enriched_interpretable | ridge,enriched_interpretable,ridge,5,0.4004550625711035,0.0,0.04,0.0,0.06,0.0,0.10400000000000001,1.5515838457795457e-17,0.144,0.0,8.010467992249959,0.0,42.1992,0.0,31.649400000000004,3.972054645195637e-15,21.943584,0.0,15.191712,0.0
primary,uptake(mmol/g) CO2 at 0.015 bar,17,210995,geometry_only | hgb,geometry_only,hgb,5,0.5224876753886992,0.0009815835499086042,0.20800000000000002,0.010954451150103317,0.22400000000000003,0.008944271909999166,0.2544,0.004560701700396556,0.2956,0.007924645102463587,10.451536742160979,0.01963502111267659,219.43584,11.556726874335993,118.15776000000001,4.718013989805466,53.6773824,0.9622898159768697,31.185208800000005,0.8360342090197048
primary,uptake(mmol/g) CO2 at 0.015 bar,17,210995,geometry_only | mlp,geometry_only,mlp,5,0.5009480470231324,0.00792286022592955,0.10400000000000001,0.043358966777357594,0.17200000000000001,0.037682887362833546,0.21200000000000002,0.009797958971132713,0.2604,0.013520355024924468,10.020670660759654,0.15848424499717742,109.71792,45.74284277077672,90.72828,19.87734625502107,44.731152,2.067330151073119,27.471679200000004,1.4263704144194813
primary,uptake(mmol/g) CO2 at 0.015 bar,17,210995,geometry_only | rf,geometry_only,rf,5,0.5599544937428896,0.0021718348218849365,0.252,0.017888543819998333,0.246,0.005477225575051666,0.2984,0.007797435475847178,0.34480000000000005,0.003898717737923559,11.20100098234497,0.04344410884323456,265.85496,18.872055959221836,129.76254,2.8891817185840023,62.9612064,1.645227695661849,36.37571040000001,0.4113069239154616
primary,uptake(mmol/g) CO2 at 0.015 bar,17,210995,geometry_only | ridge,geometry_only,ridge,5,0.3651877133105802,0.0,0.02,0.0,0.04,0.0,0.084,0.0,0.11200000000000002,1.5515838457795457e-17,7.305000640659763,0.0,21.0996,0.0,21.0996,0.0,17.723664000000003,0.0,11.815776000000001,0.0
primary,uptake(mmol/g) CO2 at 0.015 bar,17,210995,geometry_plus_topology | hgb,geometry_plus_topology,hgb,5,0.6081152825180128,0.0028705636507812765,0.31200000000000006,0.030331501776206207,0.382,0.008366600265340763,0.4032,0.005215361924162098,0.4236,0.004560701700396556,12.164381129140182,0.057421070161191405,329.15376000000003,31.99912774386202,201.50118,4.413297973964597,85.0735872,1.1004205045505069,44.6889528,0.4811449079884353
primary,uptake(mmol/g) CO2 at 0.015 bar,17,210995,geometry_plus_topology | mlp,geometry_plus_topology,mlp,5,0.5932499051952977,0.005148165949653436,0.272,0.030331501776206207,0.368,0.016431676725154973,0.372,0.018547236990991398,0.392,0.011575836902790217,11.867022847609693,0.10298088952532014,286.95456,31.99912774386201,194.11632,8.667545155751993,78.49051200000001,3.9133928161512204,41.355216000000006,1.2212276415705636
primary,uptake(mmol/g) CO2 at 0.015 bar,17,210995,geometry_plus_topology | rf,geometry_plus_topology,rf,5,0.6450511945392492,0.0008893469396707129,0.34400000000000003,0.00894427190999914,0.42000000000000004,0.007071067811865481,0.4408,0.008197560612767685,0.4640000000000001,0.0020000000000000018,12.903225430698086,0.01778997410720133,362.91312000000005,9.436027979610891,221.54579999999996,3.729917560080921,93.00703680000001,1.7296524990515338,48.95107200000001,0.21099599999999796
primary,uptake(mmol/g) CO2 at 0.015 bar,17,210995,geometry_plus_topology | ridge,geometry_plus_topology,ridge,5,0.4554417899127797,6.206335383118183e-17,0.14,0.0,0.16,0.0,0.176,0.0,0.192,0.0,9.110390207094886,0.0,147.6972,0.0,84.3984,0.0,37.135296000000004,0.0,20.255616000000003,0.0
primary,uptake(mmol/g) CO2 at 0.015 bar,17,210995,topology_only | hgb,topology_only,hgb,5,0.19393249905195298,0.0042786234986934716,0.076,0.00894427190999916,0.10200000000000001,0.004472135954999577,0.1008,0.007155417527999326,0.11879999999999999,0.001095445115010333,3.879311866701353,0.08558707278444509,80.17848,9.43602797961091,53.80398,2.359006994902726,21.268396799999998,1.5097644767377452,12.533162399999998,0.11556726874335989
primary,uptake(mmol/g) CO2 at 0.015 bar,17,210995,topology_only | mlp,topology_only,mlp,5,0.19416003033750476,0.0035573877586829224,0.076,0.00894427190999916,0.10400000000000001,0.005477225575051659,0.0992,0.00593295878967653,0.11839999999999999,0.002190890230020659,3.8838632689696766,0.0711598964288075,80.17848,9.43602797961091,54.85896,2.8891817185839983,20.930803200000003,1.2518305727865888,12.490963200000001,0.23113453748671978
primary,uptake(mmol/g) CO2 at 0.015 bar,17,210995,topology_only | rf,topology_only,rf,5,0.19476678043230944,0.0013567344573377587,0.08,0.0,0.10600000000000001,0.005477225575051658,0.1,0.0,0.12,0.0,3.8960003416852067,0.02713931963978348,84.3984,0.0,55.913940000000004,2.8891817185839983,21.099600000000002,0.0,12.65976,0.0
primary,uptake(mmol/g) CO2 at 0.015 bar,17,210995,topology_only | ridge,topology_only,ridge,5,0.19150549867273417,0.0,0.08,0.0,0.11000000000000001,1.5515838457795457e-17,0.10400000000000001,1.5515838457795457e-17,0.12,0.0,3.8307635758392324,4.965068306494546e-16,84.3984,0.0,58.023900000000005,7.944109290391274e-15,21.943584,0.0,12.65976,0.0
primary,uptake(mmol/g) CO2 at 0.15 bar,17,500,enriched_interpretable | hgb,enriched_interpretable,hgb,10,0.3683731513083049,0.03394717979805827,0.016,0.024585451886114367,0.024,0.03238655413730965,0.0616,0.017808861714201603,0.11340000000000003,0.017589138062388897,7.3687202724162955,0.6790594566430702,16.87968,25.937160030812937,12.65976,17.08358344188947,12.997353600000002,3.757598586249681,11.963473200000001,1.8556188873059047
primary,uptake(mmol/g) CO2 at 0.15 bar,17,500,enriched_interpretable | mlp,enriched_interpretable,mlp,10,0.2998862343572241,0.035868121506531084,0.002,0.006324555320336759,0.011,0.011972189997378646,0.03,0.012823589374447563,0.052599999999999994,0.014758801517136213,5.99874818965082,0.7174848469275723,2.10996,6.672279371848873,5.80239,6.315210501717263,6.329880000000001,2.705726063650938,5.5491948,1.5570240424548363
primary,uptake(mmol/g) CO2 at 0.15 bar,17,500,enriched_interpretable | rf,enriched_interpretable,rf,10,0.3756920743268866,0.029804041224191682,0.008,0.013984117975602022,0.016,0.01776388345929897,0.048,0.021499353995462798,0.101,0.02747524137999317,7.515123712047381,0.596182544761049,8.43984,14.75296478190062,8.43984,9.370270885945613,10.127808,4.536277695626669,10.655298000000002,2.8985830151065195
primary,uptake(mmol/g) CO2 at 0.15 bar,17,500,enriched_interpretable | ridge,enriched_interpretable,ridge,10,0.2796359499431172,0.020000332191192446,0.0,0.0,0.005,0.007071067811865475,0.023200000000000002,0.01189584427903758,0.0514,0.01408071967857704,5.59367338777,0.40007490434327275,0.0,0.0,2.63745,3.7299175600809193,4.8951072,2.509975559499814,5.4225972,1.4854877646505207
primary,uptake(mmol/g) CO2 at 0.15 bar,17,500,geometry_only | hgb,geometry_only,hgb,10,0.35881683731513087,0.040855163440526206,0.01,0.025385910352879695,0.017,0.03093002855909879,0.0536,0.021515885604207263,0.1078,0.02539378751672236,7.177561377146697,0.8172427062284097,10.5498,26.781627704081014,8.96733,16.31528076463902,11.3093856,4.539765798945316,11.3726844,2.6789937954391756
primary,uptake(mmol/g) CO2 at 0.15 bar,17,500,geometry_only | mlp,geometry_only,mlp,10,0.24736442927569208,0.06447216688286476,0.002,0.006324555320336759,0.021,0.022335820757001273,0.0236,0.026361588217202192,0.0386,0.042583773644168474,4.9481328327127345,1.289663379182493,2.10996,6.672279371848873,11.07729,11.7819220911106,4.9795056,5.562189667476794,4.0722228000000005,4.492502951912486
primary,uptake(mmol/g) CO2 at 0.15 bar,17,500,geometry_only | rf,geometry_only,rf,10,0.3726583238528631,0.03948695960949648,0.01,0.019436506316151,0.02,0.01563471919941143,0.0508,0.018954917274651685,0.1052,0.03141408035331362,7.454438348469729,0.789873959970167,10.5498,20.505125433412985,10.549800000000001,8.247158030497536,10.7185968,3.9994117252824073,11.0983896,3.31412264911388
primary,uptake(mmol/g) CO2 at 0.15 bar,17,500,geometry_only | ridge,geometry_only,ridge,10,0.18270762229806597,0.01572607797872106,0.0,0.0,0.005,0.015811388300841896,0.006,0.018973665961010275,0.011399999999999999,0.021459004843861904,3.654776021464044,0.31457523219550904,0.0,0.0,2.6374500000000003,8.340349214811093,1.265976,4.003367623109324,1.2026772000000001,2.263882093017744
primary,uptake(mmol/g) CO2 at 0.15 bar,17,500,geometry_plus_topology | hgb,geometry_plus_topology,hgb,10,0.4130451270383011,0.03257693374983446,0.012,0.025298221281347035,0.017,0.02406010991015812,0.05600000000000001,0.021664102412362562,0.1166,0.022569399145253688,8.26231225109721,0.6516498590709205,12.659759999999999,26.689117487395492,8.96733,12.691467376509305,11.815776000000001,4.571038952598851,12.301066800000001,2.381026471025974
primary,uptake(mmol/g) CO2 at 0.15 bar,17,500,geometry_plus_topology | mlp,geometry_plus_topology,mlp,10,0.41422070534698524,0.05119502302394275,0.0,0.0,0.007000000000000001,0.012516655570345724,0.0164,0.011067469850371804,0.0502,0.021217393284232108,8.285827829483548,1.0240751875198923,0.0,0.0,3.6924300000000003,6.602410646801666,3.4603344,2.3351918685490496,5.2959996,2.238392556699919
primary,uptake(mmol/g) CO2 at 0.15 bar,17,500,geometry_plus_topology | rf,geometry_plus_topology,rf,10,0.4346605991657186,0.023550136022008734,0.004,0.008432740427115677,0.013000000000000001,0.014181364924121765,0.0424,0.013359973386533707,0.1048,0.02641884849034029,8.694695466587977,0.4710830963310344,4.21992,8.896372495798497,6.85737,7.4805281838249895,8.946230400000001,2.818900944665066,11.056190400000002,2.7871356780339207
primary,uptake(mmol/g) CO2 at 0.15 bar,17,500,geometry_plus_topology | ridge,geometry_plus_topology,ridge,10,0.3885855138414865,0.020299170356173096,0.0,0.0,0.004,0.00699205898780101,0.0236,0.010405126941400892,0.044599999999999994,0.009430447143870398,7.773036507252398,0.4060526875683635,0.0,0.0,2.10996,3.688241195475155,4.9795056,2.1954401641278225,4.7052108,0.9948933127840394
primary,uptake(mmol/g) CO2 at 0.15 bar,17,500,topology_only | hgb,topology_only,hgb,10,0.19908987485779295,0.0,0.0,0.0,0.0,0.0,0.008000000000000002,1.828559098217032e-18,0.03200000000000001,7.314236392868128e-18,3.98247698478336,0.0,0.0,0.0,0.0,0.0,1.6879680000000001,0.0,3.3759360000000003,0.0
primary,uptake(mmol/g) CO2 at 0.15 bar,17,500,topology_only | mlp,topology_only,mlp,10,0.205422828972317,0.003961379693525756,0.0,0.0,0.0,0.0,0.01,0.006324555320336759,0.031999999999999994,0.007831560082980487,4.109157681251707,0.07924111393772859,0.0,0.0,0.0,0.0,2.10996,1.3344558743697748,3.3759360000000003,0.8262139256342753
primary,uptake(mmol/g) CO2 at 0.15 bar,17,500,topology_only | rf,topology_only,rf,10,0.1983693591202124,0.018262490865319923,0.0,0.0,0.005,0.010801234497346433,0.015200000000000002,0.018742702283525953,0.036,0.013984117975602022,3.968064210933668,0.36531214662675787,0.0,0.0,2.63745,5.69754318500527,3.2071392000000003,3.9546352110148426,3.797928,1.475296478190062
primary,uptake(mmol/g) CO2 at 0.15 bar,17,500,topology_only | ridge,topology_only,ridge,10,0.19863481228668944,0.016792348594316133,0.004,0.008432740427115677,0.008,0.007888106377466156,0.0188,0.017080202965226537,0.0368,0.015440207252495028,3.9733741802467124,0.3359042836562692,4.21992,8.896372495798497,4.21992,4.160897233049622,3.9667248000000006,3.6038545048509385,3.8823264,1.6289109847237204
primary,uptake(mmol/g) CO2 at 0.15 bar,17,1000,enriched_interpretable | hgb,enriched_interpretable,hgb,10,0.4166856276071293,0.020233533784315808,0.014000000000000002,0.02503331114069145,0.020000000000000004,0.016329931618554522,0.0664,0.027011108825814614,0.133,0.028003967972810965,8.33513468739039,0.40473973211561426,14.769719999999998,26.409642587206665,10.5498,8.613875629471325,14.010134400000002,5.699235917811581,14.031234000000001,2.954362613195611
primary,uptake(mmol/g) CO2 at 0.15 bar,17,1000,enriched_interpretable | mlp,enriched_interpretable,mlp,10,0.34349639742131205,0.06562440874242621,0.004,0.008432740427115677,0.009,0.014491376746189439,0.033999999999999996,0.013232955494186138,0.07320000000000002,0.03944278556762102,6.871100291079557,1.3127121489397957,4.21992,8.896372495798497,4.74741,7.644056319847467,7.173864,2.7921006774512986,7.7224536,4.161134991812883
primary,uptake(mmol/g) CO2 at 0.15 bar,17,1000,enriched_interpretable | rf,enriched_interpretable,rf,10,0.4261281759575275,0.012786479993555082,0.008,0.010327955589886445,0.020999999999999998,0.021317702607092644,0.06400000000000002,0.028658913680272905,0.13199999999999998,0.031012542265634685,8.52401788152583,0.25577323973456084,8.43984,10.8957865882184,11.07729,11.2448749482153,13.503744000000001,6.046916150882862,13.925736,3.2717611839399283
primary,uptake(mmol/g) CO2 at 0.15 bar,17,1000,enriched_interpretable | ridge,enriched_interpretable,ridge,10,0.2812286689419795,0.01828238486644633,0.0,0.0,0.003,0.00483045891539648,0.0256,0.011187294380481615,0.0538,0.008816650913659525,5.625533203648265,0.36571009454690084,0.0,0.0,1.58247,2.548018773282489,5.401497600000001,2.3604743651040994,5.675792400000001,0.9301390380892528
primary,uptake(mmol/g) CO2 at 0.15 bar,17,1000,geometry_only | hgb,geometry_only,hgb,10,0.39871065604854006,0.021449769627660632,0.016,0.032386554137309655,0.020999999999999998,0.026436506745197805,0.057199999999999994,0.02091676626802315,0.1182,0.01612313727397852,7.975573908192809,0.4290685999580854,16.87968,34.16716688377894,11.077290000000001,13.944992943024387,12.068971200000002,4.413354015487813,12.4698636,1.700958736130186
primary,uptake(mmol/g) CO2 at 0.15 bar,17,1000,geometry_only | mlp,geometry_only,mlp,10,0.2677284793325749,0.06989843826319724,0.0,0.0,0.012,0.017511900715418263,0.0188,0.023780477520670418,0.039400000000000004,0.036454537897679266,5.355483335727718,1.398207326486686,0.0,0.0,6.32988,9.23735250837598,3.9667248,5.017585634951376,4.156621200000001,3.8458808391293675
primary,uptake(mmol/g) CO2 at 0.15 bar,17,1000,geometry_only | rf,geometry_only,rf,10,0.41459992415623814,0.0109369550591895,0.016,0.032386554137309655,0.024,0.02503331114069145,0.0672,0.027955520226086137,0.1292,0.027619638745726646,8.293413499930757,0.21877642867545927,16.87968,34.16716688377894,12.65976,13.204821293603333,14.1789312,5.898502945623271,13.6303416,2.91381664839667
primary,uptake(mmol/g) CO2 at 0.15 bar,17,1000,geometry_only | ridge,geometry_only,ridge,10,0.17713310580204777,0.004642570343478594,0.002,0.006324555320336759,0.003,0.009486832980505138,0.0072,0.01893145530591877,0.0108,0.018164678790321492,3.5432666658901084,0.09286725181954962,2.10996,6.672279371848873,1.58247,5.004209528886656,1.5191712000000002,3.9944613437276373,1.1393784,1.9163372830213372
primary,uptake(mmol/g) CO2 at 0.15 bar,17,1000,geometry_plus_topology | hgb,geometry_plus_topology,hgb,10,0.45369738339021615,0.019540463236863807,0.008,0.019321835661585917,0.018000000000000002,0.015491933384829668,0.06720000000000001,0.020203410053200865,0.1386,0.030739767945339686,9.075496123037738,0.3908759557380849,8.43984,20.38415018625991,9.49482,8.171839941163801,14.1789312,4.2628387075851695,14.622022800000002,3.2429840386974464
primary,uptake(mmol/g) CO2 at 0.15 bar,17,1000,geometry_plus_topology | mlp,geometry_plus_topology,mlp,10,0.45278725824800914,0.018218296775827557,0.006,0.00966091783079296,0.014000000000000002,0.012649110640673516,0.0364,0.017532192611814924,0.09119999999999999,0.040750732781414147,9.05729051396444,0.36442811400384084,6.32988,10.192075093129956,7.384860000000001,6.672279371848874,7.680254400000001,3.6992225123225015,9.6214176,4.29912080697363
primary,uptake(mmol/g) CO2 at 0.15 bar,17,1000,geometry_plus_topology | rf,geometry_plus_topology,rf,10,0.46962457337883967,0.01326025267308561,0.006,0.00966091783079296,0.014000000000000002,0.013498971154211057,0.058800000000000005,0.01779388159515012,0.1378,0.03265237782731569,9.394094281820404,0.26525031029677404,6.32988,10.192075093129956,7.384860000000001,7.120572294134791,12.406564800000002,3.7544378410502954,14.537624399999999,3.444760556026152
primary,uptake(mmol/g) CO2 at 0.15 bar,17,1000,geometry_plus_topology | ridge,geometry_plus_topology,ridge,10,0.3896473265073948,0.013605273055964175,0.002,0.006324555320336759,0.005,0.007071067811865475,0.0256,0.011187294380481617,0.044,0.010498677165349081,7.794276384504576,0.27215189549831414,2.10996,6.672279371848873,2.63745,3.7299175600809193,5.401497600000001,2.3604743651040994,4.641912,1.1075894435899973
primary,uptake(mmol/g) CO2 at 0.15 bar,17,1000,topology_only | hgb,topology_only,hgb,10,0.19977246871444826,0.0016940326702314199,0.0,0.0,0.0,0.0,0.0092,0.002699794230842212,0.032200000000000006,0.001475729574745243,3.9961311915883315,0.033886435086096636,0.0,0.0,0.0,0.0,1.9411632000000005,0.5696457835307833,3.3970356,0.15568651867647373
primary,uptake(mmol/g) CO2 at 0.15 bar,17,1000,topology_only | mlp,topology_only,mlp,10,0.2050436101630641,0.003672531805418832,0.0,0.0,0.006999999999999999,0.013374935098492587,0.013600000000000001,0.016886549545586733,0.0368,0.008390470785361212,4.1015720108045,0.07346317034662043,0.0,0.0,3.6924300000000003,7.055144515103853,2.8695456,3.562994407920619,3.882326400000001,0.8851778869140372
primary,uptake(mmol/g) CO2 at 0.15 bar,17,1000,topology_only | rf,topology_only,rf,10,0.20295790671217295,0.00480277290830112,0.0,0.0,0.006,0.012649110640673518,0.0164,0.020084266921592576,0.03720000000000001,0.010881176406988356,4.059850823344865,0.09607184988243296,0.0,0.0,3.16494,6.672279371848874,3.4603344,4.237699983388348,3.9245256,1.1479423485844575
primary,uptake(mmol/g) CO2 at 0.15 bar,17,1000,topology_only | ridge,topology_only,ridge,10,0.20159271899886236,0.0028163362288729297,0.002,0.006324555320336759,0.008,0.007888106377466156,0.0192,0.017364075302506356,0.038,0.014015864027752426,4.032542409734923,0.056336336646499105,2.10996,6.672279371848873,4.21992,4.160897233049622,4.051123200000001,3.663750432527631,4.008924,1.4786456231998255
primary,uptake(mmol/g) CO2 at 0.15 bar,17,2000,enriched_interpretable | hgb,enriched_interpretable,hgb,10,0.44315510049298446,0.014994149526508072,0.054000000000000006,0.04526465385804788,0.051000000000000004,0.037844711945293256,0.09559999999999999,0.03385984183201229,0.16919999999999996,0.02547678681990071,8.8646144846054,0.29993416510192417,56.968920000000004,47.75330452716336,26.90199,19.96270710402274,20.1712176,7.144291187187264,17.850261600000003,2.687750055925886
primary,uptake(mmol/g) CO2 at 0.15 bar,17,2000,enriched_interpretable | mlp,enriched_interpretable,mlp,10,0.38725824800910125,0.06572829451804343,0.012,0.01398411797560202,0.016000000000000004,0.01776388345929897,0.0508,0.01799259106780714,0.11340000000000001,0.040749096786172924,7.746486660687175,1.314790219011101,12.659759999999999,14.75296478190062,8.43984,9.370270885945613,10.718596800000002,3.7963647449430353,11.963473200000001,4.298948212747671
primary,uptake(mmol/g) CO2 at 0.15 bar,17,2000,enriched_interpretable | rf,enriched_interpretable,rf,10,0.45153583617747445,0.011826993745993117,0.068,0.0859974159818512,0.075,0.07648529270389176,0.1008,0.04164612827142518,0.1686,0.02658403865313002,9.03225780148866,0.23658024008623102,71.73864,90.72555391253337,39.56175,40.34522704837587,21.2683968,8.787166480757628,17.786962800000005,2.804562909827912
primary,uptake(mmol/g) CO2 at 0.15 bar,17,2000,enriched_interpretable | ridge,enriched_interpretable,ridge,10,0.28153204398938186,0.02220595170481471,0.0,0.0,0.002,0.004216370213557839,0.023200000000000002,0.010119288512538814,0.0506,0.00928798507032966,5.631601740006031,0.4441948223273686,0.0,0.0,1.05498,2.224093123949624,4.8951072,2.13512939899164,5.338198800000001,0.9798638489496385
primary,uptake(mmol/g) CO2 at 0.15 bar,17,2000,geometry_only | hgb,geometry_only,hgb,10,0.41729237770193406,0.011255411873163174,0.05600000000000001,0.07876829593462362,0.053000000000000005,0.06481597882552659,0.0876,0.032246274547957046,0.146,0.03155242550986462,8.34727176010592,0.22514665183825736,59.078880000000005,83.09897684510923,27.956970000000002,34.18978067067702,18.4832496,6.803834944520744,15.402708,3.328717786439697
primary,uptake(mmol/g) CO2 at 0.15 bar,17,2000,geometry_only | mlp,geometry_only,mlp,10,0.341676147136898,0.0190936241572486,0.002,0.006324555320336759,0.034,0.02716206504995115,0.0392,0.016308143841515365,0.0698,0.018913839730031905,6.8346890729329655,0.3819376490977271,2.10996,6.672279371848873,17.93466,14.327717693198732,8.2710432,3.4409531179843764,7.363760399999999,1.995372263838906
primary,uptake(mmol/g) CO2 at 0.15 bar,17,2000,geometry_only | rf,geometry_only,rf,10,0.4320819112627986,0.009879440494058972,0.064,0.06239658110292048,0.07100000000000001,0.07093815773067569,0.11359999999999999,0.05297211006222467,0.1638,0.034376348458399895,8.643112907546973,0.19762252810812178,67.51872,65.82714513195906,37.45179,37.41916882135412,23.9691456,11.176903334689158,17.2805724,3.626636009664273
primary,uptake(mmol/g) CO2 at 0.15 bar,17,2000,geometry_only | ridge,geometry_only,ridge,10,0.17656427758816837,0.0028106569808494064,0.0,0.0,0.0,0.0,0.0,0.0,0.0064,0.002270584848790187,3.5318881602193004,0.05622273230292951,0.0,0.0,0.0,0.0,0.0,0.0,0.6751872000000001,0.23954216037766715
primary,uptake(mmol/g) CO2 at 0.15 bar,17,2000,geometry_plus_topology | hgb,geometry_plus_topology,hgb,10,0.4820250284414107,0.013259348895648148,0.066,0.08846845012017937,0.05800000000000001,0.05028805910838963,0.09559999999999999,0.03834115862157069,0.17719999999999997,0.0225920339943087,9.642145705444054,0.26523223166345994,69.62868,93.33244550778684,30.594420000000003,26.526448299084446,20.1712176,8.089831104516929,18.694245600000002,2.38341440233158
primary,uptake(mmol/g) CO2 at 0.15 bar,17,2000,geometry_plus_topology | mlp,geometry_plus_topology,mlp,10,0.46605991657186197,0.025535318006252476,0.014000000000000002,0.023190036174568118,0.02,0.018257418583505537,0.0436,0.031124124262557347,0.11180000000000001,0.053278722040062315,9.322788979616664,0.5107935113810437,14.769719999999998,24.46502436344587,10.549800000000001,9.630605728613334,9.199425600000001,6.567065722902551,11.7946764,5.620798617782495
primary,uptake(mmol/g) CO2 at 0.15 bar,17,2000,geometry_plus_topology | rf,geometry_plus_topology,rf,10,0.49340159271899886,0.012146123185167057,0.04,0.06036923425424944,0.051000000000000004,0.03871548642195896,0.09159999999999999,0.02410716813637711,0.16939999999999997,0.02309497299798763,9.869715818860247,0.24296391804868292,42.199200000000005,63.68833475354808,26.90199,20.422031932719133,19.327233600000003,5.086516048103024,17.871361200000003,2.436473461341699
primary,uptake(mmol/g) CO2 at 0.15 bar,17,2000,geometry_plus_topology | ridge,geometry_plus_topology,ridge,10,0.39082290481607884,0.012893687367648544,0.012,0.016865480854231358,0.013000000000000001,0.012516655570345725,0.0348,0.017592927872048785,0.0502,0.016531451505808217,7.817791962890915,0.25791775311190446,12.65976,17.792744991596997,6.85737,6.602410646801666,7.3426608,3.7120374092908066,5.2959996,1.7440350709597554
primary,uptake(mmol/g) CO2 at 0.15 bar,17,2000,topology_only | hgb,topology_only,hgb,10,0.20322335987864998,0.0035187745801022506,0.0,0.0,0.0,0.0,0.010400000000000001,0.005059644256269407,0.038,0.006182412330330469,4.06516079265791,0.07038750107160179,0.0,0.0,0.0,0.0,2.1943584,1.06756469949582,4.008924,0.6522321360252038
primary,uptake(mmol/g) CO2 at 0.15 bar,17,2000,topology_only | mlp,topology_only,mlp,10,0.20276829730754647,0.0051192198338779575,0.004,0.012649110640673518,0.004,0.009660917830792959,0.0128,0.010962562555250382,0.035800000000000005,0.006629898608240969,4.056057988121262,0.10240186841760646,4.21992,13.344558743697746,2.10996,5.096037546564977,2.7007488,2.31305684890761,3.7768284000000003,0.6994410433722059
primary,uptake(mmol/g) CO2 at 0.15 bar,17,2000,topology_only | rf,topology_only,rf,10,0.20254076602199467,0.004329114859697305,0.008,0.016865480854231354,0.008,0.013165611772087667,0.02,0.017486502731472002,0.0374,0.011077504733066519,4.051506585852938,0.08659707232998597,8.43984,17.792744991596994,4.21992,6.944728553658523,4.21992,3.6895821303296668,3.9456252,1.1686545943290516
primary,uptake(mmol/g) CO2 at 0.15 bar,17,2000,topology_only | ridge,topology_only,ridge,10,0.19977246871444823,0.004024407191723706,0.014000000000000002,0.018973665961010275,0.015000000000000003,0.013540064007726602,0.026799999999999997,0.023855118248851056,0.0438,0.019628777060451037,3.9961311915883306,0.08050187901260285,14.769719999999998,20.01683811554662,7.912350000000001,7.142248363435704,5.654692800000001,5.033334530034577,4.6208124,2.0707967223234633
primary,uptake(mmol/g) CO2 at 0.15 bar,17,5000,enriched_interpretable | hgb,enriched_interpretable,hgb,10,0.4941221084565794,0.011105062384324307,0.06399999999999999,0.05316640543300503,0.089,0.04886489310105751,0.1392,0.03541750979388585,0.21880000000000002,0.029876784000662158,9.884128592709938,0.22213914892329287,67.51872,56.08949440371164,46.94661,25.775742461876824,29.3706432,7.472952896470739,23.082962400000003,3.151940958501856
primary,uptake(mmol/g) CO2 at 0.15 bar,17,5000,enriched_interpretable | mlp,enriched_interpretable,mlp,10,0.43667045885475925,0.023601272616121716,0.01,0.010540925533894598,0.019,0.01852925614624973,0.07760000000000002,0.019973315531812273,0.13779999999999998,0.02398981265268887,8.73489951995817,0.4721060027409194,10.5498,11.120465619748122,10.022310000000001,9.773997324585268,16.373289600000003,4.214289683950263,14.537624400000002,2.530877255233371
primary,uptake(mmol/g) CO2 at 0.15 bar,17,5000,enriched_interpretable | rf,enriched_interpretable,rf,10,0.49799014031095945,0.011288865477100429,0.06999999999999999,0.03915780041490244,0.11400000000000002,0.0693140998963735,0.1624,0.03842221579589947,0.23200000000000004,0.039966652766191636,9.961502431271445,0.22581583809312505,73.8486,41.310696281713774,60.133860000000006,36.56249455433806,34.2657504,8.106933844071605,24.475536000000005,4.216401933527686
primary,uptake(mmol/g) CO2 at 0.15 bar,17,5000,enriched_interpretable | ridge,enriched_interpretable,ridge,10,0.2897231702692453,0.006022565667840514,0.0,0.0,0.0,0.0,0.017600000000000005,0.005719362823873924,0.0536,0.006239658110292049,5.795452221665689,0.12047186818844108,0.0,0.0,0.0,0.0,3.7135296,1.2067626783861027,5.654692800000001,0.6582714513195906
primary,uptake(mmol/g) CO2 at 0.15 bar,17,5000,geometry_only | hgb,geometry_only,hgb,10,0.4567311338642397,0.0075170823231110575,0.038,0.027406406388125956,0.049,0.04012480529547776,0.11879999999999999,0.03905779193849943,0.1948,0.02402221194367135,9.136181486615387,0.15036730203328977,40.089240000000004,28.913210611345114,25.847010000000004,21.165433545311565,25.0663248,8.241037867855626,20.551010400000003,2.5342953156334405
primary,uptake(mmol/g) CO2 at 0.15 bar,17,5000,geometry_only | mlp,geometry_only,mlp,10,0.37042093287827077,0.05042954328498322,0.0,0.0,0.022,0.011352924243950934,0.0364,0.012139924949429374,0.07959999999999999,0.019155503995805834,7.409682892831212,1.0087629801818658,0.0,0.0,11.60478,5.988554009441678,7.6802544,2.5614756046298,8.397640800000001,2.0208673605495244
primary,uptake(mmol/g) CO2 at 0.15 bar,17,5000,geometry_only | rf,geometry_only,rf,10,0.46799393249905197,0.01251032576464089,0.055999999999999994,0.047888759989514584,0.07300000000000001,0.05578729445153459,0.1408,0.038726390657190524,0.21059999999999998,0.03055123201734716,9.361475898897417,0.2502492126503762,59.078880000000005,50.5216840137381,38.50677,29.42723995023998,29.7082368,8.171113523104573,22.2178788,3.2230938753660907
primary,uptake(mmol/g) CO2 at 0.15 bar,17,5000,geometry_only | ridge,geometry_only,ridge,10,0.17686765263557075,0.003071438260343815,0.0,0.0,0.0,0.0,0.0,0.0,0.005,0.0027080128015453202,3.537956696577065,0.06143924793131431,0.0,0.0,0.0,0.0,0.0,0.0,0.52749,0.2856899345374282
primary,uptake(mmol/g) CO2 at 0.15 bar,17,5000,geometry_plus_topology | hgb,geometry_plus_topology,hgb,10,0.5308684110731893,0.009660697887807912,0.052000000000000005,0.040221608343995616,0.078,0.04157990967870047,0.1436,0.026158491291866707,0.2278,0.027234781683232435,10.619180059044238,0.19324692942130448,54.85896,42.4329923707485,41.144220000000004,21.932986556417713,30.2990256,5.519337028618708,24.032444400000003,2.873214998017655
primary,uptake(mmol/g) CO2 at 0.15 bar,17,5000,geometry_plus_topology | mlp,geometry_plus_topology,mlp,10,0.48907849829351535,0.011485663482866214,0.041999999999999996,0.014757295747452437,0.039,0.01791957340762082,0.09079999999999999,0.03832260719499943,0.1724,0.03439379789051121,9.783239175762095,0.22975246987398942,44.30916,15.568651867647374,20.572110000000002,9.452395776785906,19.1584368,8.0859168277161,18.1878552,3.628476889853152
primary,uptake(mmol/g) CO2 at 0.15 bar,17,5000,geometry_plus_topology | rf,geometry_plus_topology,rf,10,0.5202502844141068,0.007118031219593122,0.06200000000000001,0.05116422361159972,0.085,0.054006172486732174,0.1488,0.036162595777036434,0.22760000000000002,0.020844397062253658,10.406781286522458,0.142384918013772,65.40876,53.97723262576546,44.836650000000006,28.487715925026354,31.396204800000003,7.63016305857158,24.011344800000003,2.199042201273636
primary,uptake(mmol/g) CO2 at 0.15 bar,17,5000,geometry_plus_topology | ridge,geometry_plus_topology,ridge,10,0.39457717102768297,0.005481574037933637,0.018,0.011352924243950936,0.014000000000000002,0.008432740427115679,0.0376,0.014871299726505263,0.0508,0.01092194528867861,7.892890100318259,0.10965018920248831,18.98964,11.977108018883357,7.384860000000001,4.448186247899249,7.9334496,3.1377847570937054,5.3592984,1.152243384065016
primary,uptake(mmol/g) CO2 at 0.15 bar,17,5000,topology_only | hgb,topology_only,hgb,10,0.20386803185438002,0.004346611513151301,0.002,0.006324555320336759,0.002,0.006324555320336759,0.0172,0.012795832654944085,0.03979999999999999,0.006828046735503663,4.07805643241816,0.08694706511460673,2.10996,6.672279371848873,1.05498,3.3361396859244365,3.6291312000000007,2.6998695068625818,4.198820400000001,0.7203452745021655
primary,uptake(mmol/g) CO2 at 0.15 bar,17,5000,topology_only | mlp,topology_only,mlp,10,0.20147895335608648,0.0036855611692125055,0.014000000000000002,0.018973665961010275,0.015,0.0190029237516523,0.0264,0.026412118430750683,0.04359999999999999,0.020608520352298734,4.03026670860076,0.0737238020913123,14.769720000000001,20.01683811554662,7.912350000000001,10.023852249759072,5.570294400000001,5.572851340414672,4.599712800000001,2.174157680126812
primary,uptake(mmol/g) CO2 at 0.15 bar,17,5000,topology_only | rf,topology_only,rf,10,0.20329920364050058,0.0044814543678553835,0.02,0.023094010767585032,0.025,0.02223610677354389,0.03,0.02225109235770485,0.0424,0.017957975634488674,4.06667792674735,0.08964438242320952,21.0996,24.363719479586855,13.18725,11.729323961976666,6.32988,4.694891483106292,4.4731152000000005,1.894530513487286
primary,uptake(mmol/g) CO2 at 0.15 bar,17,5000,topology_only | ridge,topology_only,ridge,10,0.2031475161167994,0.002451434434503532,0.016,0.01837873166945363,0.025,0.020138409955990953,0.033600000000000005,0.023490896581914923,0.0476,0.01882787531531078,4.063643658568468,0.04903705536049562,16.87968,19.389194336640188,13.18725,10.62280986768567,7.0894656,4.956485215197722,5.0217048,1.9863031900146566
primary,uptake(mmol/g) CO2 at 0.15 bar,17,10000,enriched_interpretable | hgb,enriched_interpretable,hgb,10,0.5235494880546075,0.009716359167362073,0.098,0.07509993342207436,0.11200000000000002,0.060882400303097994,0.178,0.031055505863605636,0.2626,0.026833643890542415,10.472776619413157,0.19436034498262525,103.38804,79.22892776162,59.078880000000005,32.11485733588116,37.55728800000001,6.552587515197336,27.7037748,2.8308957631644436
primary,uptake(mmol/g) CO2 at 0.15 bar,17,10000,enriched_interpretable | mlp,enriched_interpretable,mlp,10,0.46336746302616605,0.01095213859040344,0.01,0.016996731711975948,0.009,0.011005049346146118,0.08279999999999998,0.02004882928142079,0.16419999999999996,0.014950287994253188,9.2689307194415,0.21908015112066406,10.5498,17.931212021500386,4.74741,5.805053479598615,17.4704688,4.23022278306266,17.322771600000003,1.5772254828177232
primary,uptake(mmol/g) CO2 at 0.15 bar,17,10000,enriched_interpretable | rf,enriched_interpretable,rf,10,0.5208570345089116,0.012887551603731383,0.12600000000000003,0.09240009620004613,0.12999999999999998,0.06847546194724713,0.2088,0.04532548951748894,0.27559999999999996,0.03170418829674646,10.41891835923799,0.2577950168923876,132.92748,97.48025348912468,68.5737,36.12012142255339,44.055964800000005,9.563496986232098,29.075248800000004,3.3447284569301585
primary,uptake(mmol/g) CO2 at 0.15 bar,17,10000,enriched_interpretable | ridge,enriched_interpretable,ridge,10,0.2924535456958665,0.003858187728991966,0.0,0.0,0.0,0.0,0.018399999999999996,0.005719362823873924,0.0514,0.0036575644598253873,5.850069048885576,0.07717692245604736,0.0,0.0,0.0,0.0,3.8823264,1.2067626783861027,5.4225972,0.38586573538265867
primary,uptake(mmol/g) CO2 at 0.15 bar,17,10000,geometry_only | hgb,geometry_only,hgb,10,0.4841486537732271,0.005953319304075004,0.072,0.08753412033157253,0.082,0.06511528238439881,0.1628,0.035127703533757444,0.24420000000000003,0.01846197292936063,9.68462545994841,0.11908670457741831,75.95856,92.34674626740241,43.254180000000005,34.34766030494654,34.3501488,7.411804934808686,25.762611600000003,1.947701220101688
primary,uptake(mmol/g) CO2 at 0.15 bar,17,10000,geometry_only | mlp,geometry_only,mlp,10,0.45104285172544556,0.024555503797703947,0.006,0.00966091783079296,0.015000000000000003,0.020138409955990956,0.078,0.019708993998792647,0.15819999999999998,0.03225523213371747,9.02239642990729,0.4911938831342757,6.32988,10.192075093129956,7.912350000000001,10.62280986768567,16.457688000000005,4.158518897769253,16.689783600000002,3.4028624796429257
primary,uptake(mmol/g) CO2 at 0.15 bar,17,10000,geometry_only | rf,geometry_only,rf,10,0.4935912021236253,0.008427042514536714,0.126,0.08221921916437787,0.143,0.06183310871477621,0.18359999999999999,0.053081070072107626,0.257,0.021400934559032695,9.87350865408385,0.16856961152798525,132.92748,86.73963183403535,75.43107,32.616346515957304,38.738865600000004,11.19989346093442,27.112986,2.2577557941088315
primary,uptake(mmol/g) CO2 at 0.15 bar,17,10000,geometry_only | ridge,geometry_only,ridge,10,0.17724687144482365,0.0016108742077688286,0.0,0.0,0.0,0.0,0.0,0.0,0.005,0.001699673171197595,3.5455423670242716,0.03222298201956686,0.0,0.0,0.0,0.0,0.0,0.0,0.52749,0.1793121202150039
primary,uptake(mmol/g) CO2 at 0.15 bar,17,10000,geometry_plus_topology | hgb,geometry_plus_topology,hgb,10,0.5572620401971937,0.00561690636973682,0.098,0.08243515970479803,0.11499999999999999,0.06467869303977418,0.17759999999999998,0.04062620938370806,0.27660000000000007,0.0224311291636323,11.147142722169805,0.11235729772364336,103.38804,86.96744478536783,60.661350000000006,34.11736379155049,37.4728896,8.571967675124867,29.180746799999998,2.36643926450488
primary,uptake(mmol/g) CO2 at 0.15 bar,17,10000,geometry_plus_topology | mlp,geometry_plus_topology,mlp,10,0.5056124383769435,0.014172223146395768,0.048,0.021499353995462798,0.041999999999999996,0.012292725943057184,0.10200000000000001,0.028174062145487254,0.195,0.03473390914429939,10.113974407260292,0.28349283229018996,50.63904,22.681388478133346,22.154580000000003,6.484290007703234,21.521592000000002,5.94461441644923,20.572110000000002,3.6643579469052976
primary,uptake(mmol/g) CO2 at 0.15 bar,17,10000,geometry_plus_topology | rf,geometry_plus_topology,rf,10,0.5437618505877891,0.005946336880980082,0.096,0.052323778320929555,0.10600000000000001,0.043256341860022224,0.176,0.035377331097124265,0.26739999999999997,0.01897483713881214,10.877092854249257,0.11894703228472427,101.27808,55.20053965301427,55.913940000000004,22.817287767743125,37.135296000000004,7.464475352168832,28.210165200000006,2.001807368470404
primary,uptake(mmol/g) CO2 at 0.15 bar,17,10000,geometry_plus_topology | ridge,geometry_plus_topology,ridge,10,0.4003412969283276,0.005333236166915866,0.028000000000000004,0.01398411797560202,0.018,0.009189365834726813,0.036000000000000004,0.01131370849898476,0.0504,0.008579044235810889,8.008192291115796,0.10668292550953523,29.539440000000003,14.752964781900618,9.49482,4.847298584160048,7.595856,2.387147238451789,5.3170992,0.905072008789577
primary,uptake(mmol/g) CO2 at 0.15 bar,17,10000,topology_only | hgb,topology_only,hgb,10,0.2036025786879029,0.005114223339224233,0.002,0.006324555320336759,0.002,0.006324555320336759,0.0124,0.015600569790164004,0.03380000000000001,0.010643725329455326,4.072746463105116,0.10230192147164924,2.10996,6.672279371848873,1.05498,3.3361396859244365,2.6163504,3.291657823445445,3.5658324000000006,1.122891734806878
primary,uptake(mmol/g) CO2 at 0.15 bar,17,10000,topology_only | mlp,topology_only,mlp,10,0.2062950322335988,0.003817385632800282,0.02,0.01885618083164127,0.018,0.018135294011647256,0.027200000000000002,0.020291213205063253,0.043199999999999995,0.01644384383287557,4.126604723280282,0.07636074127591293,21.0996,19.8928936537649,9.49482,9.566186238203812,5.739091200000001,4.281364821415527,4.5575136,1.7347926366807072
primary,uptake(mmol/g) CO2 at 0.15 bar,17,10000,topology_only | rf,topology_only,rf,10,0.20291998483124765,0.004054667062015401,0.028000000000000004,0.016865480854231358,0.027000000000000003,0.02057506581601462,0.0312,0.020465689444639886,0.045,0.01806777364382354,4.059092256300144,0.08110717969444456,29.539440000000003,17.792744991596994,14.242230000000001,10.853141467289552,6.583075200000001,4.318178610061238,4.74741,1.9061139838760954
primary,uptake(mmol/g) CO2 at 0.15 bar,17,10000,topology_only | ridge,topology_only,ridge,10,0.20216154721274177,0.0026117505383005833,0.022,0.017511900715418263,0.027000000000000003,0.018287822299126937,0.0344,0.019062470400705616,0.04359999999999999,0.01640596097629016,4.043920915405732,0.05224392459037436,23.20956,18.474705016751955,14.242230000000001,9.646643384566469,7.258262400000001,4.022105004667283,4.599712800000001,1.7307960710766592
primary,uptake(mmol/g) CO2 at 0.15 bar,17,20000,enriched_interpretable | hgb,enriched_interpretable,hgb,10,0.5454304133485021,0.0063808252285225565,0.176,0.09512564790259717,0.181,0.05526702854726717,0.2232,0.032320616055734795,0.2852,0.016253546621515486,10.910469804216964,0.1276382821309579,185.67648000000003,100.35565602428196,95.47569000000001,29.15280488839796,47.09430720000001,6.819520705295819,30.088029600000006,1.7147166614766407
primary,uptake(mmol/g) CO2 at 0.15 bar,17,20000,enriched_interpretable | mlp,enriched_interpretable,mlp,10,0.4813045127038301,0.008858906353547642,0.01,0.019436506316151,0.009999999999999998,0.013333333333333334,0.092,0.016653327995729064,0.1848,0.022074620922880848,9.62773293159436,0.17720836224622072,10.5498,20.505125433412985,5.274900000000001,7.033199999999999,19.411632000000004,3.5137855937868494,19.496030400000002,2.3288283581220837
primary,uptake(mmol/g) CO2 at 0.15 bar,17,20000,enriched_interpretable | rf,enriched_interpretable,rf,10,0.5447098976109215,0.0048471489161752085,0.25,0.0648074069840786,0.238,0.043919117578668294,0.2524,0.020084266921592583,0.3182,0.011717034133640182,10.896057030367274,0.0969595214938665,263.745,68.37051822006325,125.54261999999999,23.166895331571737,53.25539040000001,4.23769998338835,33.5694636,1.2361236670307714
primary,uptake(mmol/g) CO2 at 0.15 bar,17,20000,enriched_interpretable | ridge,enriched_interpretable,ridge,10,0.2921122487675389,0.004005503347519517,0.0,0.0,0.0,0.0,0.0172,0.004638007234913624,0.0504,0.0027968235951204034,5.843241945483089,0.08012373761027956,0.0,0.0,0.0,0.0,3.6291312000000007,0.9786009745378348,5.3170991999999995,0.29505929563801236
primary,uptake(mmol/g) CO2 at 0.15 bar,17,20000,geometry_only | hgb,geometry_only,hgb,10,0.5007205157375806,0.005679004780180265,0.13200000000000003,0.103794669098819,0.13400000000000004,0.06703233050799691,0.19039999999999999,0.031337588363568196,0.26580000000000004,0.012769755936064978,10.016119258491331,0.11359947787247934,139.25736,109.50130000587208,70.68366,35.35888401966329,40.1736384,6.612105794359436,28.041368400000003,1.3471837117429835
primary,uptake(mmol/g) CO2 at 0.15 bar,17,20000,geometry_only | mlp,geometry_only,mlp,10,0.47940841865756545,0.009768187115080552,0.004,0.008432740427115677,0.007000000000000001,0.006749485577105529,0.1036,0.012285492799775406,0.1966,0.011964763079792074,9.589804579358331,0.19539708082418847,4.21992,8.896372495798497,3.6924299999999994,3.560286147067395,21.8591856,2.5921898387814117,20.740906800000005,1.262258575391905
primary,uptake(mmol/g) CO2 at 0.15 bar,17,20000,geometry_only | rf,geometry_only,rf,10,0.5075843761850587,0.004787611392846836,0.25,0.07498147919467994,0.23499999999999996,0.05421151989096864,0.23879999999999998,0.028599922299816758,0.2894,0.01320101006236517,10.153419893585765,0.09576856782756092,263.745,79.10396092080344,123.96015,28.596034627287047,50.38584480000001,6.034469205572138,30.5311212,1.3926801595594012
primary,uptake(mmol/g) CO2 at 0.15 bar,17,20000,geometry_only | ridge,geometry_only,ridge,10,0.17682973075464542,0.0016389000640488394,0.0,0.0,0.0,0.0,0.0,0.0,0.0052,0.0019321835661585919,3.5371981295323445,0.03278359479655381,0.0,0.0,0.0,0.0,0.0,0.0,0.5485896,0.2038415018625991
primary,uptake(mmol/g) CO2 at 0.15 bar,17,20000,geometry_plus_topology | hgb,geometry_plus_topology,hgb,10,0.5773227152066742,0.005125926204229679,0.188,0.09897249898611005,0.19899999999999998,0.06983313444681305,0.23400000000000004,0.03173501396109841,0.30720000000000003,0.026719946773067414,11.548424688827023,0.10253601871327707,198.33624,104.41400698036638,104.97051000000002,36.836280089349415,49.373064,6.6959610057359225,32.40898560000001,2.8189009446650664
primary,uptake(mmol/g) CO2 at 0.15 bar,17,20000,geometry_plus_topology | mlp,geometry_plus_topology,mlp,10,0.5337504740235116,0.007108596814057641,0.072,0.03425395354310701,0.06999999999999999,0.025819888974716113,0.15519999999999998,0.014211106767439176,0.24219999999999997,0.017060676031935746,10.676831154443008,0.14219619770372632,75.95856,36.13723590890703,36.9243,13.619733235273001,32.7465792,2.9984866835025956,25.5516156,1.7998672000171576
primary,uptake(mmol/g) CO2 at 0.15 bar,17,20000,geometry_plus_topology | rf,geometry_plus_topology,rf,10,0.5708759954493743,0.0059564050726798635,0.23399999999999999,0.08058122196475637,0.22800000000000006,0.05672545969648706,0.25880000000000003,0.02378047752067042,0.32280000000000003,0.020159365069366646,11.419468291224515,0.11914843048114912,246.86532000000003,85.01157754837867,120.26772000000001,29.92211273529996,54.605764799999996,5.017585634951376,34.0547544,2.1267726960880426
primary,uptake(mmol/g) CO2 at 0.15 bar,17,20000,geometry_plus_topology | ridge,geometry_plus_topology,ridge,10,0.40128934395146,0.00316167325513608,0.026000000000000002,0.00966091783079296,0.022,0.009189365834726813,0.04,0.006798692684790379,0.05339999999999999,0.005337498373666158,8.02715646723381,0.06324425579642508,27.42948,10.192075093129956,11.604780000000002,4.847298584160048,8.43984,1.4344969617200316,5.6335932,0.5630954034250323
primary,uptake(mmol/g) CO2 at 0.15 bar,17,20000,topology_only | hgb,topology_only,hgb,10,0.20515737580583998,0.0029155764365240287,0.012,0.01932183566158592,0.009,0.014491376746189437,0.016,0.01484737163421339,0.0388,0.009295160030897802,4.103847711938661,0.058321479503301465,12.65976,20.384150186259912,4.74741,7.644056319847466,3.3759360000000003,3.1327360253324885,4.0933224,0.9806207929396564
primary,uptake(mmol/g) CO2 at 0.15 bar,17,20000,topology_only | mlp,topology_only,mlp,10,0.2049677664012135,0.0035942528651530603,0.026000000000000002,0.023190036174568118,0.023,0.02110818693198342,0.024800000000000003,0.017668553358375944,0.037,0.011125546178852426,4.100054876715058,0.07189732437768635,27.42948,24.46502436344587,12.13227,11.134357524751934,5.2327008,3.727994084403891,3.9034260000000005,1.1737228707765732
primary,uptake(mmol/g) CO2 at 0.15 bar,17,20000,topology_only | rf,topology_only,rf,10,0.20462646947288587,0.003128140178734914,0.03,0.01699673171197595,0.038,0.017511900715418263,0.037599999999999995,0.01036232492145357,0.0508,0.0071925887782726275,4.093227773312573,0.06257347982104203,31.649400000000004,17.931212021500386,20.044620000000002,9.23735250837598,7.933449600000001,2.1864091091270184,5.359298400000001,0.7588037309302057
primary,uptake(mmol/g) CO2 at 0.15 bar,17,20000,topology_only | ridge,topology_only,ridge,10,0.20455062571103527,0.00418173644356169,0.032,0.013984117975602022,0.039999999999999994,0.014907119849998597,0.0372,0.012227473619317732,0.049,0.010208928554075705,4.091710639223131,0.08364900100926642,33.75936,14.752964781900618,21.099600000000002,7.863356649675761,7.849051200000001,2.5799480237815646,5.169402,1.0770215445978788
primary,uptake(mmol/g) CO2 at 0.15 bar,17,40000,enriched_interpretable | hgb,enriched_interpretable,hgb,10,0.565794463405385,0.00603051975319254,0.258,0.05996295152471696,0.261,0.021317702607092637,0.2624000000000001,0.010532489417670144,0.31779999999999997,0.00972739544905122,11.317820307231946,0.1206309770425308,272.18484,63.259714599545894,137.67489,11.244874948215294,55.36535040000001,2.22231313717073,33.5272644,1.0262207650840056
primary,uptake(mmol/g) CO2 at 0.15 bar,17,40000,enriched_interpretable | mlp,enriched_interpretable,mlp,10,0.5063329541145241,0.009714056595629343,0.014000000000000002,0.026749870196985173,0.02,0.019436506316151004,0.11600000000000002,0.021249836600678973,0.22879999999999998,0.02675319295585731,10.128387181109984,0.19431428568936362,14.769719999999998,28.22057806041542,10.549800000000001,10.25256271670649,24.475535999999998,4.48363052339686,24.137942400000004,2.8224083504570348
primary,uptake(mmol/g) CO2 at 0.15 bar,17,40000,enriched_interpretable | rf,enriched_interpretable,rf,10,0.5656048540007586,0.006368793964687451,0.31799999999999995,0.04565571644870381,0.293,0.026267851073127395,0.304,0.020741798914805393,0.34919999999999995,0.014883249346534207,11.314027472008345,0.12739761579192158,335.48364000000004,48.16586773905355,154.55457,13.856028762563968,64.14278400000002,4.376436603828279,36.839901600000005,1.5701530395606662
primary,uptake(mmol/g) CO2 at 0.15 bar,17,40000,enriched_interpretable | ridge,enriched_interpretable,ridge,10,0.29268107698141826,0.0017768963105352642,0.0,0.0,0.0,0.0,0.017599999999999998,0.003373096170846271,0.0504,0.0018378731669453612,5.8546204511539,0.03554399070323262,0.0,0.0,0.0,0.0,3.7135296,0.7117097996638798,5.3170991999999995,0.19389194336640164
primary,uptake(mmol/g) CO2 at 0.15 bar,17,40000,geometry_only | hgb,geometry_only,hgb,10,0.5155858930602958,0.005522087951106069,0.24800000000000005,0.07671013260609347,0.24699999999999997,0.023118054512532942,0.23360000000000003,0.020062125732057633,0.2868,0.00823002632640583,10.313477540021822,0.11046060573867834,261.63504,80.92765569677648,130.29002999999997,12.194542574816005,49.2886656,4.233028280961231,30.2568264,0.8682513173831624
primary,uptake(mmol/g) CO2 at 0.15 bar,17,40000,geometry_only | mlp,geometry_only,mlp,10,0.4949563898369359,0.0056496673846021484,0.002,0.006324555320336759,0.006999999999999999,0.008232726023485647,0.11600000000000002,0.01484737163421339,0.20940000000000003,0.010751744044572487,9.900817067693794,0.1130126298332874,2.10996,6.672279371848873,3.6924300000000003,4.342680650128443,24.475536,3.1327360253324894,22.091281200000005,1.134287493214309
primary,uptake(mmol/g) CO2 at 0.15 bar,17,40000,geometry_only | rf,geometry_only,rf,10,0.5271520667425105,0.004499246459296673,0.3,0.0557773351022717,0.273,0.02110818693198341,0.27640000000000003,0.018518459259164434,0.3196,0.011918239989379503,10.544840488661617,0.09000028497589692,316.494,58.843972986194615,144.00476999999998,11.134357524751925,58.31929440000001,3.9073208298466597,33.71716080000001,1.2573504823995594
primary,uptake(mmol/g) CO2 at 0.15 bar,17,40000,geometry_only | ridge,geometry_only,ridge,10,0.17660219946909367,0.0010583458823882955,0.0,0.0,0.0,0.0,0.0,0.0,0.0046,0.001349897115421106,3.5326467272640203,0.02117052974975357,0.0,0.0,0.0,0.0,0.0,0.0,0.48529080000000013,0.1424114458826958
primary,uptake(mmol/g) CO2 at 0.15 bar,17,40000,geometry_plus_topology | hgb,geometry_plus_topology,hgb,10,0.5971179370496775,0.002894675977543643,0.312,0.053499740393970346,0.29000000000000004,0.021602468994692866,0.3,0.017384539747207068,0.3452,0.01233603573996839,11.944396686171197,0.05790339899106946,329.15376000000003,56.44115612083084,152.9721,11.395086370010533,63.29880000000001,3.668068348501703,36.4179096,1.3014270984951855
primary,uptake(mmol/g) CO2 at 0.15 bar,17,40000,geometry_plus_topology | mlp,geometry_plus_topology,mlp,10,0.554835039817975,0.006458976948788552,0.082,0.017511900715418267,0.089,0.019692073983655908,0.17039999999999997,0.012816655830077777,0.27680000000000005,0.013138577633146669,11.098594431307683,0.1292015832656986,86.50836000000001,18.47470501675196,46.94661000000001,10.387372105638654,35.9537184,2.7042631135230915,29.2018464,1.3860936631417073
primary,uptake(mmol/g) CO2 at 0.15 bar,17,40000,geometry_plus_topology | rf,geometry_plus_topology,rf,10,0.5981797497155859,0.0063761908676207525,0.31399999999999995,0.05815687596683837,0.30200000000000005,0.028596814119369617,0.32439999999999997,0.009323804659758456,0.3732,0.01784376641855637,11.965636563423375,0.1275455790959906,331.26372000000003,61.35434100749514,159.30198000000001,15.084533479826284,68.44710239999999,1.9672854879903976,39.3718536,1.8824816696248596
primary,uptake(mmol/g) CO2 at 0.15 bar,17,40000,geometry_plus_topology | ridge,geometry_plus_topology,ridge,10,0.4013272658323853,0.003267302547380323,0.022,0.006324555320336759,0.017,0.006749485577105528,0.037599999999999995,0.005059644256269408,0.0534,0.002988868236194652,8.027915034278532,0.06535720215083991,23.20956,6.672279371848874,8.96733,3.5602861470673957,7.9334496,1.0675646994958201,5.633593200000001,0.3153196211820634
primary,uptake(mmol/g) CO2 at 0.15 bar,17,40000,topology_only | hgb,topology_only,hgb,10,0.2074706105422829,0.0027078689619973893,0.034,0.013498971154211057,0.037,0.011595018087284059,0.0404,0.006095535707019979,0.0524,0.00798888116210413,4.150120301666621,0.05416662111353832,35.86932,14.24114458826958,19.51713,6.116256090861468,8.524238400000002,1.286133652038388,5.528095200000001,0.8428109848396614
primary,uptake(mmol/g) CO2 at 0.15 bar,17,40000,topology_only | mlp,topology_only,mlp,10,0.20917709518392114,0.002439346258744315,0.03,0.01699673171197595,0.037,0.021628170930011112,0.036399999999999995,0.01691284850178835,0.0462,0.012804513093263466,4.18425581867905,0.04879525058873858,31.649400000000004,17.931212021500386,19.51713,11.408643883871564,7.680254400000001,3.5685433824833357,4.8740076000000006,1.3508505223131093
primary,uptake(mmol/g) CO2 at 0.15 bar,17,40000,topology_only | rf,topology_only,rf,10,0.20841865756541522,0.003092177444352555,0.033999999999999996,0.013498971154211057,0.047,0.014181364924121764,0.046799999999999994,0.008651268372004445,0.054799999999999995,0.005181162460726787,4.169084477784638,0.061854102393687056,35.86932,14.241144588269583,24.79203,7.48052818382499,9.874612799999998,1.8253830214194504,5.7812904,0.5466022772817546
primary,uptake(mmol/g) CO2 at 0.15 bar,17,40000,topology_only | ridge,topology_only,ridge,10,0.20644671975729997,0.0029709507360227735,0.033999999999999996,0.013498971154211056,0.048,0.013165611772087665,0.0472,0.007495183638696105,0.0546,0.007306009702825324,4.129638991459163,0.0594291544840596,35.86932,14.24114458826958,25.31952,6.944728553658523,9.959011199999999,1.5814537670303237,5.760190800000001,0.7707694116286662
primary,uptake(mmol/g) CO2 at 0.15 bar,17,210995,enriched_interpretable | hgb,enriched_interpretable,hgb,10,0.582062950322336,0.001953784637115909,0.28600000000000003,0.029888682361946528,0.269,0.01449137674618945,0.2908,0.008011103405759893,0.343,0.00590668171555643,11.643245569417104,0.03908236094927074,301.72428,31.53196211820636,141.89481000000004,7.64405631984747,61.3576368,1.6903107742017147,36.185814,0.6231431076277726
primary,uptake(mmol/g) CO2 at 0.15 bar,17,210995,enriched_interpretable | mlp,enriched_interpretable,mlp,10,0.5446340538490709,0.007374589878232665,0.019999999999999997,0.024944382578492946,0.048,0.015491933384829668,0.16479999999999997,0.023078609624980054,0.27840000000000004,0.013023056476879754,10.894539896277829,0.14751696681338466,21.099600000000002,26.31582473265848,25.31952,8.171839941163801,34.7721408,4.8694943164322915,29.3706432,1.3739064121978615
primary,uptake(mmol/g) CO2 at 0.15 bar,17,210995,enriched_interpretable | rf,enriched_interpretable,rf,10,0.6059537353052711,0.0025435630292173802,0.404,0.008432740427115663,0.372,0.013165611772087662,0.3952,0.003675746333890729,0.4104,0.003747591819348038,12.121142807591108,0.0508799416868362,426.21192,8.896372495798479,196.22628000000003,6.944728553658519,83.38561920000001,0.775567773465607,43.296379200000004,0.3953634417575791
primary,uptake(mmol/g) CO2 at 0.15 bar,17,210995,enriched_interpretable | ridge,enriched_interpretable,ridge,10,0.2942737959802807,5.851389114294502e-17,0.0,0.0,0.0,0.0,0.016000000000000004,3.657118196434064e-18,0.05,0.0,5.886480267032168,9.362222582871203e-16,0.0,0.0,0.0,0.0,3.3759360000000003,0.0,5.274900000000001,0.0
primary,uptake(mmol/g) CO2 at 0.15 bar,17,210995,geometry_only | hgb,geometry_only,hgb,10,0.5340159271899886,0.0033482155239324125,0.312,0.03675746333890726,0.258,0.006324555320336764,0.2612,0.009247221805013183,0.31599999999999995,0.005249338582674546,10.68214112375605,0.06697573783538553,329.15376000000003,38.77838867328039,136.09242,3.3361396859244383,55.112155200000004,1.9511268119705618,33.337368000000005,0.5537947217949984
primary,uptake(mmol/g) CO2 at 0.15 bar,17,210995,geometry_only | mlp,geometry_only,mlp,10,0.5158513462267729,0.005864079362025779,0.002,0.006324555320336759,0.02,0.00816496580927726,0.12880000000000003,0.00795543140809403,0.24699999999999997,0.01219289410544793,10.318787509334864,0.11730160116325272,2.10996,6.672279371848873,10.549800000000001,4.3069378147356625,27.17628480000001,1.6785642053822079,26.058006000000006,1.2863259423365463
primary,uptake(mmol/g) CO2 at 0.15 bar,17,210995,geometry_only | rf,geometry_only,rf,10,0.561433447098976,0.002109508187116502,0.384,0.008432740427115688,0.38899999999999996,0.005676462121975472,0.34199999999999997,0.005734883511361735,0.36619999999999997,0.004661902329879228,11.230585097089076,0.04219736342897512,405.11232000000007,8.896372495798502,205.19361000000004,2.9942770047208405,72.160632,1.210037481363278,38.6333676,0.4918213719975987
primary,uptake(mmol/g) CO2 at 0.15 bar,17,210995,geometry_only | ridge,geometry_only,ridge,10,0.1770951839211225,0.0,0.0,0.0,0.0,0.0,0.0,0.0,0.004000000000000001,9.14279549108516e-19,3.5425080988453894,4.681111291435602e-16,0.0,0.0,0.0,0.0,0.0,0.0,0.42199200000000003,0.0
primary,uptake(mmol/g) CO2 at 0.15 bar,17,210995,geometry_plus_topology | hgb,geometry_plus_topology,hgb,10,0.614069017823284,0.00249023559669722,0.35,0.03162277660168379,0.33299999999999996,0.009486832980505136,0.352,0.009614803401237298,0.388,0.006394442031083632,12.28347615516132,0.049813211031543965,369.24300000000005,33.36139685924438,175.65417000000002,5.00420952888666,74.27059200000001,2.0286850584474667,40.93322400000001,0.6746008453952612
primary,uptake(mmol/g) CO2 at 0.15 bar,17,210995,geometry_plus_topology | mlp,geometry_plus_topology,mlp,10,0.5921880925293894,0.003558285975528114,0.12200000000000003,0.03705851229249946,0.16999999999999998,0.030912061651652344,0.2972,0.028537694370779153,0.366,0.020176994600562083,11.845782970357513,0.07117786383129793,128.70756,39.095989298341074,89.6733,16.305803400630094,62.70801120000001,6.021339361456917,38.61226800000001,2.128632576370098
primary,uptake(mmol/g) CO2 at 0.15 bar,17,210995,geometry_plus_topology | rf,geometry_plus_topology,rf,10,0.6549488054607508,0.0015110705096467011,0.4779999999999999,0.011352924243950924,0.42000000000000004,5.851389114294502e-17,0.4364,0.004788875998951463,0.4574,0.004325634186002227,13.101211429370172,0.0302265674301681,504.28044,11.97710801888334,221.54579999999996,2.995911226518785e-14,92.0786544,1.010433680274764,48.25478520000001,0.4563457553548632
primary,uptake(mmol/g) CO2 at 0.15 bar,17,210995,geometry_plus_topology | ridge,geometry_plus_topology,ridge,10,0.4031095942358741,0.0,0.019999999999999997,3.657118196434064e-18,0.009999999999999998,1.828559098217032e-18,0.039999999999999994,7.314236392868128e-18,0.05600000000000001,7.314236392868128e-18,8.063567685380404,0.0,21.099600000000002,3.744889033148481e-15,5.274900000000001,9.362222582871203e-16,8.43984,0.0,5.907888000000001,0.0
primary,uptake(mmol/g) CO2 at 0.15 bar,17,210995,topology_only | hgb,topology_only,hgb,10,0.20481607887751233,0.003190099580124181,0.039999999999999994,7.314236392868128e-18,0.043,0.006749485577105528,0.046,0.002828427124746191,0.0526,0.0023190036174568105,4.097020608536176,0.06381287931436122,42.199200000000005,7.489778066296963e-15,22.68207,3.560286147067396,9.705816000000002,0.5967868096129472,5.5491948,0.2446502436344587
primary,uptake(mmol/g) CO2 at 0.15 bar,17,210995,topology_only | mlp,topology_only,mlp,10,0.20599165718619644,0.00312609631038294,0.039999999999999994,7.314236392868128e-18,0.044,0.009660917830792959,0.048,0.00596284793999944,0.0536,0.0024585451886114367,4.120536186922516,0.06253259547834263,42.199200000000005,7.489778066296963e-15,23.20956,5.096037546564978,10.127808000000002,1.2581370639481217,5.654692799999999,0.2593716003081293
primary,uptake(mmol/g) CO2 at 0.15 bar,17,210995,topology_only | rf,topology_only,rf,10,0.20561243837694348,0.0043634887716776805,0.039999999999999994,7.314236392868128e-18,0.052000000000000005,0.010327955589886443,0.0512,0.006196773353931868,0.05500000000000001,0.004346134936801765,4.11295051647531,0.087284667886699,42.199200000000005,7.489778066296963e-15,27.42948,5.4478932941092015,10.802995200000002,1.3074943905862084,5.802390000000001,0.4585085435627126
primary,uptake(mmol/g) CO2 at 0.15 bar,17,210995,topology_only | ridge,topology_only,ridge,10,0.20515737580583998,0.0,0.039999999999999994,7.314236392868128e-18,0.039999999999999994,7.314236392868128e-18,0.048,0.0,0.052000000000000005,7.314236392868128e-18,4.103847711938663,0.0,42.199200000000005,7.489778066296963e-15,21.099600000000002,3.744889033148481e-15,10.127808000000002,0.0,5.485895999999999,9.362222582871203e-16
primary,uptake(mmol/g) methane at 5.8 bar,17,500,enriched_interpretable | hgb,enriched_interpretable,hgb,5,0.276905574516496,0.03954654038500766,0.072,0.054037024344425186,0.076,0.03209361307176243,0.11359999999999999,0.06527480371475658,0.1328,0.05300188675886925,5.539056560550113,0.7910657788277471,75.95856,57.00797994288169,40.089240000000004,16.929059959223963,23.9691456,13.77272248459878,14.010134400000002,5.591593049287189
primary,uptake(mmol/g) methane at 5.8 bar,17,500,enriched_interpretable | mlp,enriched_interpretable,mlp,5,0.26803185437997723,0.0372430713410541,0.0,0.0,0.004,0.005477225575051661,0.036,0.012649110640673518,0.07680000000000001,0.015786069808536893,5.361551872085483,0.7449885362795838,0.0,0.0,2.10996,2.8891817185840005,7.595856000000002,2.6689117487395495,8.102246400000002,1.665398792661025
primary,uptake(mmol/g) methane at 5.8 bar,17,500,enriched_interpretable | rf,enriched_interpretable,rf,5,0.3117178612059158,0.019379157184150536,0.048,0.038987177379235856,0.07200000000000001,0.056302753041037,0.11599999999999999,0.06799999999999999,0.15360000000000001,0.06788814329468733,6.235421107603661,0.3876492841512161,50.63904,41.13069239154624,37.97928,29.699139201616603,24.475536,14.347728000000002,16.204492800000004,7.162063341302924
primary,uptake(mmol/g) methane at 5.8 bar,17,500,enriched_interpretable | ridge,enriched_interpretable,ridge,5,0.17929465301478956,0.04046408631829228,0.0,0.0,0.026000000000000002,0.00547722557505166,0.0344,0.01779887636902959,0.05960000000000001,0.026434825514839323,3.5865049874391857,0.8094198290495258,0.0,0.0,13.71474,2.8891817185840014,7.258262400000001,3.755491718359768,6.2876807999999995,2.788821222164519
primary,uptake(mmol/g) methane at 5.8 bar,17,500,geometry_only | hgb,geometry_only,hgb,5,0.2546075085324232,0.03976340229778977,0.024,0.026076809620810597,0.05600000000000001,0.03781534080237807,0.1,0.058034472514187634,0.134,0.05900847396772772,5.093019138254377,0.7954037572264364,25.31952,27.510512613762764,29.539439999999995,19.947214119846407,21.099600000000002,12.245041562603534,14.136732,6.225275986647339
primary,uptake(mmol/g) methane at 5.8 bar,17,500,geometry_only | mlp,geometry_only,mlp,5,0.16966249525976487,0.02317054853739332,0.0,0.0,0.016,0.005477225575051661,0.027200000000000002,0.009959919678390985,0.0388,0.012049896265113654,3.3938289580801433,0.4634900511183012,0.0,0.0,8.43984,2.889181718584,5.739091200000001,2.1015032124617843,4.0933224,1.2712399561769605
primary,uptake(mmol/g) methane at 5.8 bar,17,500,geometry_only | rf,geometry_only,rf,5,0.289419795221843,0.0357788475056258,0.036000000000000004,0.040987803063838396,0.07,0.05873670062235365,0.11359999999999999,0.0615532289973483,0.1612,0.0697366474674543,5.789383685307924,0.7156990622200439,37.97928,43.24131247628823,36.9243,30.983022211285327,23.9691456,12.987485105524504,17.0062776,7.357076834521495
primary,uptake(mmol/g) methane at 5.8 bar,17,500,geometry_only | ridge,geometry_only,ridge,5,0.1669321198331437,0.006564977495450973,0.0,0.0,0.012,0.010954451150103323,0.027199999999999995,0.005215361924162118,0.056400000000000006,0.0038470768123342676,3.3392121308602567,0.13132195597555693,0.0,0.0,6.32988,5.778363437168003,5.739091200000001,1.1004205045505102,5.9500872000000005,0.4058589095476406
primary,uptake(mmol/g) methane at 5.8 bar,17,500,geometry_plus_topology | hgb,geometry_plus_topology,hgb,5,0.38619643534319303,0.022913102143471847,0.076,0.03286335345030997,0.122,0.07563068160475615,0.1856,0.07502532905625939,0.2424,0.08921210680171161,7.725246783434997,0.458340244583237,80.17848000000001,34.670180623008015,64.35378,39.89442823969283,39.1608576,15.830044329554507,25.572715199999998,9.411698843366972
primary,uptake(mmol/g) methane at 5.8 bar,17,500,geometry_plus_topology | mlp,geometry_plus_topology,mlp,5,0.4234357224118316,0.04095264669807995,0.024,0.01673320053068151,0.068,0.04604345773288536,0.14240000000000003,0.008294576541331084,0.2008,0.025830214865540706,8.470159621350666,0.8191927040868486,25.31952,17.653191895858377,35.86932,24.287463519519697,30.0458304,1.7501224719146937,21.1839984,2.725036007884814
primary,uptake(mmol/g) methane at 5.8 bar,17,500,geometry_plus_topology | rf,geometry_plus_topology,rf,5,0.4238907849829351,0.03021924237932324,0.072,0.048166378315169185,0.126,0.08561541917201597,0.22079999999999997,0.0945896400246877,0.2716,0.07017691928262454,8.479262425887313,0.6044879849324691,75.95856,50.81456579493719,66.46374,45.16127745904671,46.5879168,19.95803568664901,28.6532568,7.403524630478325
primary,uptake(mmol/g) methane at 5.8 bar,17,500,geometry_plus_topology | ridge,geometry_plus_topology,ridge,5,0.3599544937428896,0.05022065577407786,0.028000000000000004,0.033466401061363026,0.07,0.03674234614174768,0.11600000000000002,0.03261901286060018,0.154,0.042261093218230884,7.200318388488315,1.0045845170371004,29.539439999999995,35.30638379171676,36.9243,19.38122016631048,24.475536,6.882481237535195,16.246692000000003,4.458460812336923
primary,uptake(mmol/g) methane at 5.8 bar,17,500,topology_only | hgb,topology_only,hgb,5,0.19575274933636705,0.000678367228668873,0.0,0.0,0.0,0.0,0.0304,0.0035777087639996636,0.041600000000000005,0.0008944271909999167,3.9157230848479436,0.013569659819891743,0.0,0.0,0.0,0.0,6.414278400000001,0.7548822383688728,4.3887168,0.0943602797961094
primary,uptake(mmol/g) methane at 5.8 bar,17,500,topology_only | mlp,topology_only,mlp,5,0.19666287447857417,0.0020526914831587918,0.0,0.0,0.0,0.0,0.028800000000000003,0.0052153619241621174,0.04360000000000001,0.00433589667773576,3.9339286939212395,0.04106083543615602,0.0,0.0,0.0,0.0,6.076684800000001,1.1004205045505102,4.599712800000001,0.45742842770776737
primary,uptake(mmol/g) methane at 5.8 bar,17,500,topology_only | rf,topology_only,rf,5,0.1962836556693212,0.001434028851057193,0.0,0.0,0.0,0.0,0.027200000000000002,0.006572670690061994,0.041999999999999996,0.0028284271247461905,3.9263430234740326,0.028685471317563792,0.0,0.0,0.0,0.0,5.7390912,1.3868072249203205,4.430916,0.29839340480647353
primary,uptake(mmol/g) methane at 5.8 bar,17,500,topology_only | ridge,topology_only,ridge,5,0.19764884338263175,0.0029787390044225233,0.0,0.0,0.0,0.0,0.027200000000000002,0.007155417527999327,0.0432,0.0017888543819998299,3.9536514370839755,0.05958494643317559,0.0,0.0,0.0,0.0,5.7390912,1.509764476737746,4.5575136,0.188720559592218
primary,uptake(mmol/g) methane at 5.8 bar,17,1000,enriched_interpretable | hgb,enriched_interpretable,hgb,5,0.3216533940083428,0.03460400205595266,0.04,0.03741657386773942,0.074,0.06655824516917495,0.1416,0.08516337240856539,0.1584,0.07303971522397935,6.434165673320469,0.6921981435151484,42.199200000000005,39.473737098987726,39.03426,35.10880874428809,29.877033599999997,17.969130924717664,16.7108832,7.705543876699374
primary,uptake(mmol/g) methane at 5.8 bar,17,1000,enriched_interpretable | mlp,enriched_interpretable,mlp,5,0.2716723549488055,0.025441032198688575,0.0,0.0,0.004,0.005477225575051661,0.0392,0.029718680993610733,0.0728,0.022297981971469975,5.434374308378665,0.5089074734352004,0.0,0.0,2.10996,2.889181718584,8.271043200000001,6.270522814927891,7.680254400000001,2.35239250202614
primary,uptake(mmol/g) methane at 5.8 bar,17,1000,enriched_interpretable | rf,enriched_interpretable,rf,5,0.34736442927569205,0.034107564562033725,0.039999999999999994,0.04472135954999579,0.092,0.06418722614352484,0.1624,0.07957889167360901,0.202,0.05667450926121902,6.9484741296410615,0.6822676993108524,42.199200000000005,47.18013989805456,48.52908000000001,33.858119918447926,34.2657504,16.790827827564808,21.310596000000004,5.979047378040085
primary,uptake(mmol/g) methane at 5.8 bar,17,1000,enriched_interpretable | ridge,enriched_interpretable,ridge,5,0.18703071672354948,0.023937990214592204,0.0,0.0,0.028000000000000004,0.008366600265340755,0.038400000000000004,0.01186591757935306,0.06520000000000001,0.01300769003320728,3.7412526645621966,0.47884150391714986,0.0,0.0,14.769719999999998,4.413297973964595,8.1022464,2.5036611455731785,6.878469600000001,1.372285283123302
primary,uptake(mmol/g) methane at 5.8 bar,17,1000,geometry_only | hgb,geometry_only,hgb,5,0.29336367083807363,0.030843570165805828,0.024,0.04335896677735761,0.046,0.053197744313081545,0.0992,0.04975138189035556,0.14240000000000003,0.05627432807239905,5.86827465795887,0.6169766714736789,25.31952,45.742842770776726,24.26454,28.061278147707387,20.930803200000003,10.497342573337463,15.0229152,5.936829062981957
primary,uptake(mmol/g) methane at 5.8 bar,17,1000,geometry_only | mlp,geometry_only,mlp,5,0.21266590822904816,0.04797560088802416,0.016,0.03577708763999664,0.022000000000000002,0.02863564212655271,0.0448,0.042558195450465235,0.06839999999999999,0.05374755808406556,4.2540439867933495,0.9596757570126608,16.87968,37.74411191844365,11.60478,15.105014865335288,9.452620800000002,8.979609007266363,7.216063200000001,5.670259882752749
primary,uptake(mmol/g) methane at 5.8 bar,17,1000,geometry_only | rf,geometry_only,rf,5,0.3207432688661358,0.03066096054055944,0.036,0.029664793948382652,0.08,0.05873670062235366,0.1368,0.05531003525581953,0.17640000000000003,0.046891363810407566,6.415960064247173,0.6133238557277095,37.97928,31.29576431966473,42.199200000000005,30.983022211285327,28.864252800000003,11.670196198836898,18.6098472,4.946945099270377
primary,uptake(mmol/g) methane at 5.8 bar,17,1000,geometry_only | ridge,geometry_only,ridge,5,0.1670079635949943,0.00536028167890319,0.0,0.0,0.01,0.0,0.0256,0.0021908902300206644,0.056799999999999996,0.004381780460041329,3.3407292649496982,0.10722392805478366,0.0,0.0,5.2749,0.0,5.401497600000001,0.46226907497344,5.992286399999999,0.46226907497344
primary,uptake(mmol/g) methane at 5.8 bar,17,1000,geometry_plus_topology | hgb,geometry_plus_topology,hgb,5,0.4370875995449374,0.009550744474972575,0.055999999999999994,0.029664793948382652,0.11200000000000002,0.08526429498916882,0.2304,0.08282994627548661,0.2976,0.05597142127907777,8.743243757450095,0.19104748589697726,59.078880000000005,31.295764319664734,59.078880000000005,44.97606296383666,48.613478400000005,17.476787344342576,31.396204800000003,5.904873002100147
primary,uptake(mmol/g) methane at 5.8 bar,17,1000,geometry_plus_topology | mlp,geometry_plus_topology,mlp,5,0.41956769055745163,0.06552512576444366,0.036,0.026076809620810593,0.068,0.048166378315169185,0.13520000000000001,0.01967739820199815,0.2076,0.038869010792661036,8.39278578278916,1.3107261505303902,37.97928,27.510512613762764,35.86932,25.407282897468594,28.5266592,4.151852311028802,21.9013848,4.100602900604153
primary,uptake(mmol/g) methane at 5.8 bar,17,1000,geometry_plus_topology | rf,geometry_plus_topology,rf,5,0.4546833522942738,0.01043024083388325,0.08,0.03741657386773942,0.154,0.08111719916269299,0.3016,0.055396750807244995,0.35359999999999997,0.028404225037835483,9.095218866200472,0.20864041476924847,84.3984,39.473737098987726,81.23346000000001,42.78851138632893,63.636393600000005,11.688492833325466,37.30409279999999,2.9965889330415685
primary,uptake(mmol/g) methane at 5.8 bar,17,1000,geometry_plus_topology | ridge,geometry_plus_topology,ridge,5,0.37269624573378846,0.026162525243458534,0.064,0.021908902300206645,0.078,0.013038404810405298,0.13040000000000002,0.017572706109191035,0.1608,0.02381596103456671,7.455196915514449,0.5233397967641994,67.51872,23.113453748672004,41.144220000000004,6.87762815344069,27.5138784,3.7077706982148717,16.964078400000002,2.5125362572247196
primary,uptake(mmol/g) methane at 5.8 bar,17,1000,topology_only | hgb,topology_only,hgb,5,0.19605612438376943,0.0,0.0,0.0,0.0,0.0,0.032,0.0,0.042,0.0,3.9217916212057085,0.0,0.0,0.0,0.0,0.0,6.7518720000000005,0.0,4.430916000000001,0.0
primary,uptake(mmol/g) methane at 5.8 bar,17,1000,topology_only | mlp,topology_only,mlp,5,0.19757299962078118,0.0074020558573921645,0.0,0.0,0.008,0.008366600265340755,0.027200000000000002,0.005215361924162119,0.0408,0.005019960159204454,3.9521343029945344,0.1480663801371178,0.0,0.0,4.21992,4.413297973964594,5.7390912,1.1004205045505107,4.3043184000000005,0.5295957568757517
primary,uptake(mmol/g) methane at 5.8 bar,17,1000,topology_only | rf,topology_only,rf,5,0.19643534319302236,0.0025154530074746988,0.0,0.0,0.004,0.00894427190999916,0.0312,0.003346640106136301,0.0424,0.0029664793948382647,3.929377291652915,0.05031764531334197,0.0,0.0,2.10996,4.718013989805456,6.583075200000001,0.706127675834335,4.4731152000000005,0.31295764319664726
primary,uptake(mmol/g) methane at 5.8 bar,17,1000,topology_only | ridge,topology_only,ridge,5,0.19673871824042471,0.0025353833371932976,0.008,0.010954451150103323,0.008,0.013038404810405298,0.0328,0.0033466401061363004,0.044,0.0024494897427831774,3.9354458280106797,0.050716319929317036,8.43984,11.556726874336002,4.21992,6.87762815344069,6.9206688,0.706127675834335,4.6419120000000005,0.25841626888413977
primary,uptake(mmol/g) methane at 5.8 bar,17,2000,enriched_interpretable | hgb,enriched_interpretable,hgb,5,0.36973833902161546,0.01397203900412632,0.068,0.041472882706655445,0.098,0.05890670590009257,0.192,0.061708994482166046,0.22359999999999997,0.024429490375363953,7.39602868602624,0.27948846622247214,71.73864,43.75306179786736,51.69402,31.072698295239825,40.511232,13.020350999759108,23.589352800000004,2.5772623756201467
primary,uptake(mmol/g) methane at 5.8 bar,17,2000,enriched_interpretable | mlp,enriched_interpretable,mlp,5,0.3165718619643535,0.023782794619039514,0.0,0.0,0.004,0.005477225575051661,0.0496,0.018242806801586207,0.094,0.017435595774162694,6.3325176893279025,0.4757370623282955,0.0,0.0,2.10996,2.8891817185840005,10.4654016,3.8491592639074836,9.916812,1.839420482982616
primary,uptake(mmol/g) methane at 5.8 bar,17,2000,enriched_interpretable | rf,enriched_interpretable,rf,5,0.38885096700796357,0.014967377761740954,0.072,0.02280350850198276,0.144,0.06426507605223851,0.23759999999999998,0.02165178976435898,0.2664,0.014791889669680473,7.778346476565441,0.29939863843537107,75.95856,24.057245399421774,75.95856,33.899184966795296,50.13264960000001,4.568441033120688,28.104667200000005,1.560514776371951
primary,uptake(mmol/g) methane at 5.8 bar,17,2000,enriched_interpretable | ridge,enriched_interpretable,ridge,5,0.19021615472127418,0.008215143373865613,0.0,0.0,0.03,0.007071067811865475,0.0424,0.010807404868885036,0.0704,0.006542170893518449,3.80497229631873,0.16433090550930501,0.0,0.0,15.824699999999998,3.7299175600809193,8.946230400000001,2.2803191977152673,7.4270592,0.6901859449244094
primary,uptake(mmol/g) methane at 5.8 bar,17,2000,geometry_only | hgb,geometry_only,hgb,5,0.33841486537732274,0.010205848396994167,0.028000000000000004,0.022803508501982758,0.07,0.024494897427831782,0.16479999999999997,0.023392306427541507,0.1976,0.017742604092973506,6.769452307086991,0.20415180018697202,29.539440000000003,24.057245399421774,36.9243,12.920813444206987,34.7721408,4.935683086985549,20.846404800000002,1.8718092466005192
primary,uptake(mmol/g) methane at 5.8 bar,17,2000,geometry_only | mlp,geometry_only,mlp,5,0.29548729616989,0.026077187598561657,0.016,0.03577708763999664,0.027999999999999997,0.03563705936241092,0.09360000000000002,0.04468556814006061,0.13440000000000002,0.049505555243830976,5.910754412463226,0.5216327526115014,16.87968,37.74411191844365,14.769720000000001,18.79819244307814,19.749225600000003,9.428476135280231,14.178931200000003,5.22273706711368
primary,uptake(mmol/g) methane at 5.8 bar,17,2000,geometry_only | rf,geometry_only,rf,5,0.3572241183162685,0.01284594970493311,0.064,0.026076809620810597,0.10800000000000001,0.022803508501982758,0.1928,0.033752036975566384,0.22479999999999997,0.02381596103456671,7.145701561268427,0.25696283693041977,67.51872,27.510512613762764,56.968920000000004,12.028622699710885,40.6800288,7.1215447936966045,23.715950400000004,2.5125362572247187
primary,uptake(mmol/g) methane at 5.8 bar,17,2000,geometry_only | ridge,geometry_only,ridge,5,0.1653394008342814,0.006305760010737912,0.0,0.0,0.01,0.0,0.0264,0.0021908902300206644,0.057199999999999994,0.003346640106136302,3.3073523149819897,0.12613672157998262,0.0,0.0,5.2749,0.0,5.5702944,0.46226907497344,6.0344856,0.3530638379171675
primary,uptake(mmol/g) methane at 5.8 bar,17,2000,geometry_plus_topology | hgb,geometry_plus_topology,hgb,5,0.46765263557072434,0.009717921316039877,0.08,0.04,0.126,0.03130495168499706,0.28240000000000004,0.03628773897613352,0.3576,0.031667017541915754,9.354648795494931,0.194391593287746,84.3984,42.199200000000005,66.46374,16.513048964319097,59.5852704,7.656567773008266,37.7260848,3.3408070166370294
primary,uptake(mmol/g) methane at 5.8 bar,17,2000,geometry_plus_topology | mlp,geometry_plus_topology,mlp,5,0.4706105422828973,0.0011688308689740295,0.044,0.01673320053068151,0.096,0.020736441353327723,0.1648,0.028340783334269357,0.2504,0.03235428874198906,9.413817024983143,0.023380606563334096,46.41912,17.65319189585838,50.63904,10.938265449466842,34.7721408,5.979791920397497,26.416699200000004,3.413312753702361
primary,uptake(mmol/g) methane at 5.8 bar,17,2000,geometry_plus_topology | rf,geometry_plus_topology,rf,5,0.4801668562760712,0.005216154376655088,0.128,0.02280350850198276,0.178,0.06058052492344384,0.3376,0.020513410247932927,0.3788,0.023857912733514643,9.604975920252745,0.10434089010776645,135.03744,24.05724539942177,93.89322000000001,31.95562109186739,71.23224960000002,4.328247508672858,39.96264240000001,2.5169620775603296
primary,uptake(mmol/g) methane at 5.8 bar,17,2000,geometry_plus_topology | ridge,geometry_plus_topology,ridge,5,0.3789912779673872,0.0159285442839355,0.068,0.017888543819998316,0.082,0.013038404810405297,0.13920000000000002,0.012457929201917945,0.16960000000000003,0.012033287165193056,7.581119044938076,0.3186252493110785,71.73864,18.872055959221825,43.254180000000005,6.87762815344069,29.3706432,2.6285732298878792,17.892460800000002,1.2694877293535374
primary,uptake(mmol/g) methane at 5.8 bar,17,2000,topology_only | hgb,topology_only,hgb,5,0.19673871824042471,0.0016178027309595355,0.0,0.0,0.004,0.005477225575051661,0.0288,0.003346640106136302,0.0428,0.0017888543819998299,3.9354458280106797,0.03236157613021786,0.0,0.0,2.10996,2.8891817185840005,6.076684800000001,0.706127675834335,4.515314400000001,0.18872055959221837
primary,uptake(mmol/g) methane at 5.8 bar,17,2000,topology_only | mlp,topology_only,mlp,5,0.1970420932878271,0.0027944078008252547,0.004,0.00894427190999916,0.01,0.01224744871391589,0.029599999999999998,0.0060663003552412385,0.045200000000000004,0.0030331501776206192,3.9415143643684454,0.05589769324449433,4.21992,9.436027979610913,5.2749,6.460406722103493,6.245481600000001,1.2799651097544806,4.7685096,0.3199912774386202
primary,uptake(mmol/g) methane at 5.8 bar,17,2000,topology_only | rf,topology_only,rf,5,0.19658703071672354,0.0026761135782142308,0.0,0.0,0.006,0.00894427190999916,0.0304,0.004560701700396551,0.046,0.0058309518948453,3.9324115598317975,0.05353140505772563,0.0,0.0,3.16494,4.718013989805456,6.414278400000001,0.9622898159768707,4.852908000000001,0.6151537630023896
primary,uptake(mmol/g) methane at 5.8 bar,17,2000,topology_only | ridge,topology_only,ridge,5,0.1963594994311718,0.002419285234393109,0.0,0.0,0.006,0.005477225575051661,0.0304,0.0060663003552412385,0.0452,0.004604345773288533,3.9278601575634737,0.048393961634054704,0.0,0.0,3.16494,2.8891817185840005,6.414278400000001,1.2799651097544806,4.7685096,0.4857492703903939
primary,uptake(mmol/g) methane at 5.8 bar,17,5000,enriched_interpretable | hgb,enriched_interpretable,hgb,5,0.4156238149412211,0.004265158088434587,0.06800000000000002,0.030331501776206204,0.134,0.035071355833500364,0.22959999999999997,0.02442949037536396,0.2672,0.016161683080669533,8.313894810138214,0.08531771862223536,71.73864,31.99912774386202,70.68366,18.499789488613107,48.4446816,5.154524751240294,28.189065600000003,1.7050252416444742
primary,uptake(mmol/g) methane at 5.8 bar,17,5000,enriched_interpretable | mlp,enriched_interpretable,mlp,5,0.3428138035646568,0.010333277659035802,0.0,0.0,0.012,0.010954451150103323,0.05920000000000001,0.03279024245107072,0.1176,0.026283074401599216,6.857446084274585,0.20670082033996165,0.0,0.0,6.329879999999999,5.778363437168002,12.490963200000001,6.918609996206118,12.406564799999998,2.772811783219914
primary,uptake(mmol/g) methane at 5.8 bar,17,5000,enriched_interpretable | rf,enriched_interpretable,rf,5,0.4222222222222222,0.008193232780163144,0.11200000000000002,0.048166378315169185,0.174,0.03974921382870358,0.304,0.02481934729198172,0.3108,0.0179220534537759,8.445885475919605,0.1638926188550726,118.15776000000001,50.81456579493719,91.78326000000001,20.967312802502853,64.142784,5.236783001218977,32.7887784,1.8907407952664488
primary,uptake(mmol/g) methane at 5.8 bar,17,5000,enriched_interpretable | ridge,enriched_interpretable,ridge,5,0.19082290481607886,0.00403471705066982,0.0,0.0,0.026000000000000002,0.0054772255750516596,0.041600000000000005,0.004560701700396553,0.07320000000000002,0.002280350850198273,3.8171093690342603,0.08070811137875705,0.0,0.0,13.71474,2.8891817185840014,8.777433600000002,0.9622898159768715,7.7224536000000015,0.2405724539942174
primary,uptake(mmol/g) methane at 5.8 bar,17,5000,geometry_only | hgb,geometry_only,hgb,5,0.3687523701175578,0.010212891285415679,0.039999999999999994,0.02,0.10600000000000001,0.0403732584763727,0.196,0.0466476151587624,0.22879999999999998,0.03001999333777408,7.376305942863503,0.20429268199256398,42.199200000000005,21.099600000000002,55.913940000000004,21.296490113701832,41.355216,9.842460208038233,24.137942400000004,3.1670492571484896
primary,uptake(mmol/g) methane at 5.8 bar,17,5000,geometry_only | mlp,geometry_only,mlp,5,0.33818733409177104,0.011531619371223985,0.06,0.0282842712474619,0.11400000000000002,0.058566201857385286,0.152,0.03464101615137754,0.2112,0.03612755181298618,6.764900904818667,0.2306717444871801,63.29880000000001,29.83934048064736,60.133860000000006,30.893085817752166,32.071392,7.3091158438760555,22.2811776,3.8113844611664165
primary,uptake(mmol/g) methane at 5.8 bar,17,5000,geometry_only | rf,geometry_only,rf,5,0.39059537353052715,0.0059175148025511016,0.096,0.026076809620810593,0.128,0.01788854381999832,0.2464,0.03157213961707379,0.268,0.027676705006196088,7.813240560622591,0.11837049234727662,101.27807999999999,27.510512613762764,67.51872,9.436027979610913,51.98941440000001,6.661595170644101,28.273464,2.919837024743675
primary,uptake(mmol/g) methane at 5.8 bar,17,5000,geometry_only | ridge,geometry_only,ridge,5,0.16564277588168375,0.0020315654510396487,0.0,0.0,0.01,0.0,0.0248,0.0017888543819998316,0.055600000000000004,0.0026076809620810618,3.3134208513397554,0.04063824269127436,0.0,0.0,5.2749,0.0,5.232700800000001,0.3774411191844364,5.865688800000001,0.2751051261376277
primary,uptake(mmol/g) methane at 5.8 bar,17,5000,geometry_plus_topology | hgb,geometry_plus_topology,hgb,5,0.5001137656427759,0.007915596543241908,0.10400000000000001,0.0409878030638384,0.172,0.04549725266430931,0.32880000000000004,0.023562682360037026,0.39879999999999993,0.022072607458114228,10.0039821857758,0.15833894655269898,109.71792,43.241312476288236,90.72828,23.99934580789651,69.37548480000001,4.971631727238377,42.07260240000001,2.328615941616134
primary,uptake(mmol/g) methane at 5.8 bar,17,5000,geometry_plus_topology | mlp,geometry_plus_topology,mlp,5,0.4819871065604854,0.0022434887307924297,0.06,0.0,0.096,0.0151657508881031,0.15999999999999998,0.014696938456699072,0.2736,0.016149303390549066,9.641387138399335,0.044877431573974134,63.29880000000001,7.944109290391274e-15,50.639039999999994,7.999781935965506,33.75936,3.100995226609678,28.864252800000003,1.7037192090961464
primary,uptake(mmol/g) methane at 5.8 bar,17,5000,geometry_plus_topology | rf,geometry_plus_topology,rf,5,0.5087599544937429,0.005884615772854242,0.132,0.02280350850198276,0.20600000000000002,0.05770615218501404,0.36479999999999996,0.01179830496300211,0.4176,0.0038470768123342724,10.176935471972104,0.11771239946996193,139.25736,24.05724539942177,108.66294000000002,30.439418216073054,76.97134080000001,2.489395153973593,44.055964800000005,0.4058589095476416
primary,uptake(mmol/g) methane at 5.8 bar,17,5000,geometry_plus_topology | ridge,geometry_plus_topology,ridge,5,0.38134243458475536,0.004133311063614333,0.08,0.0,0.082,0.013038404810405297,0.1464,0.0035777087639996667,0.17400000000000002,0.006164414002968969,7.628150201710755,0.08268032813598504,84.3984,0.0,43.254180000000005,6.87762815344069,30.8898144,0.7548822383688735,18.356652000000004,0.6503333484852212
primary,uptake(mmol/g) methane at 5.8 bar,17,5000,topology_only | hgb,topology_only,hgb,5,0.19582859309821765,0.003603576493956646,0.0,0.0,0.006,0.00894427190999916,0.0304,0.004560701700396551,0.0452,0.0017888543819998333,3.9172402189373847,0.07208382877501669,0.0,0.0,3.16494,4.718013989805456,6.414278400000001,0.9622898159768707,4.7685096,0.18872055959221837
primary,uptake(mmol/g) methane at 5.8 bar,17,5000,topology_only | mlp,topology_only,mlp,5,0.19931740614334473,0.002155217631912451,0.0,0.0,0.006,0.005477225575051661,0.0288,0.0071554175279993255,0.048799999999999996,0.004816637831516917,3.9870283870516845,0.04311170832982551,0.0,0.0,3.16494,2.8891817185840005,6.076684800000001,1.5097644767377458,5.1483024,0.5081456579493716
primary,uptake(mmol/g) methane at 5.8 bar,17,5000,topology_only | rf,topology_only,rf,5,0.19598028062191886,0.0030502961778066297,0.0,0.0,0.004,0.005477225575051661,0.027200000000000002,0.006572670690061994,0.04360000000000001,0.003577708763999664,3.9202744871162674,0.061016334123292375,0.0,0.0,2.10996,2.8891817185840005,5.739091200000001,1.3868072249203205,4.599712800000001,0.3774411191844366
primary,uptake(mmol/g) methane at 5.8 bar,17,5000,topology_only | ridge,topology_only,ridge,5,0.1962836556693212,0.002538217752094273,0.0,0.0,0.006,0.00894427190999916,0.027200000000000002,0.005215361924162118,0.0452,0.003033150177620621,3.9263430234740317,0.050773017901107664,0.0,0.0,3.16494,4.718013989805456,5.7390912,1.1004205045505107,4.7685096,0.31999127743862016
primary,uptake(mmol/g) methane at 5.8 bar,17,10000,enriched_interpretable | hgb,enriched_interpretable,hgb,5,0.43526734926052335,0.004716664949787208,0.096,0.04335896677735761,0.174,0.030495901363953807,0.28080000000000005,0.02520317440323738,0.28640000000000004,0.020366639388961535,8.706832539303505,0.09434939682833698,101.27808,45.742842770776726,91.78326,16.086283010471995,59.24767680000001,5.317768986385476,30.214627200000006,2.148639722256664
primary,uptake(mmol/g) methane at 5.8 bar,17,10000,enriched_interpretable | mlp,enriched_interpretable,mlp,5,0.36442927569207434,0.01589781859404973,0.024,0.026076809620810597,0.052000000000000005,0.034928498393145956,0.124,0.032619012860600184,0.1744,0.03848116422355228,7.289829299765351,0.31801063064752716,25.31952,27.510512613762764,27.42948,18.424433617400563,26.163504,6.882481237535196,18.398851200000003,4.05968586325632
primary,uptake(mmol/g) methane at 5.8 bar,17,10000,enriched_interpretable | rf,enriched_interpretable,rf,5,0.4443686006825939,0.004506166333716484,0.128,0.04604345773288536,0.186,0.026076809620810597,0.3152,0.02718823274874629,0.32520000000000004,0.01640731544159496,8.888888630036458,0.0901387060816121,135.03744,48.574927039039395,98.11314,13.755256306881382,66.50593920000001,5.736608357054472,34.30794960000001,1.7309389644573858
primary,uptake(mmol/g) methane at 5.8 bar,17,10000,enriched_interpretable | ridge,enriched_interpretable,ridge,5,0.1901403109594236,0.004419160297901316,0.0,0.0,0.026000000000000002,0.00547722557505166,0.041600000000000005,0.0035777087639996636,0.07200000000000001,0.0058309518948453,3.8034551622292896,0.08839828841638099,0.0,0.0,13.71474,2.8891817185840014,8.7774336,0.7548822383688737,7.595856,0.6151537630023893
primary,uptake(mmol/g) methane at 5.8 bar,17,10000,geometry_only | hgb,geometry_only,hgb,5,0.3971937808115283,0.006286345327296816,0.06400000000000002,0.03286335345030997,0.132,0.01923538406167135,0.22560000000000002,0.025075884829851968,0.2472,0.009230384607371469,7.945231226403983,0.12574836164944253,67.51872,34.670180623008015,69.62868,10.146472738691017,47.600697600000004,5.290911395559449,26.079105600000002,0.9737871153084757
primary,uptake(mmol/g) methane at 5.8 bar,17,10000,geometry_only | mlp,geometry_only,mlp,5,0.35479711793704966,0.00849483990874064,0.05600000000000001,0.016733200530681513,0.128,0.040865633483405106,0.19680000000000003,0.033988233257996804,0.2448,0.03183080269173242,7.097153270406308,0.1699257908024877,59.078880000000005,17.65319189585838,67.51872,21.55621300616136,41.52401280000001,7.171381264504294,25.825910400000005,3.3580860223723867
primary,uptake(mmol/g) methane at 5.8 bar,17,10000,geometry_only | rf,geometry_only,rf,5,0.4116799393249905,0.009060076243621054,0.1,0.014142135623730947,0.14400000000000002,0.008944271909999153,0.25680000000000003,0.024883729623993257,0.28800000000000003,0.023999999999999994,8.235003837487266,0.1812324466343449,105.498,14.91967024032368,75.95855999999999,4.718013989805452,54.1837728,5.250367415744082,30.383424,2.531952000000001
primary,uptake(mmol/g) methane at 5.8 bar,17,10000,geometry_only | ridge,geometry_only,ridge,5,0.16496018202502843,0.0007584376185058722,0.0,0.0,0.01,0.0,0.024,0.0,0.0536,0.0016733200530681528,3.2997666445347837,0.015171340894412688,0.0,0.0,5.2749,0.0,5.063904000000001,0.0,5.654692799999999,0.1765319189585839
primary,uptake(mmol/g) methane at 5.8 bar,17,10000,geometry_plus_topology | hgb,geometry_plus_topology,hgb,5,0.5140690178232841,0.004823687103878011,0.128,0.02280350850198276,0.22999999999999998,0.014142135623730954,0.3576,0.012837445228704962,0.41879999999999995,0.0175840837122666,10.283134858232994,0.09649020517347792,135.03744,24.05724539942177,121.32270000000001,7.459835120161842,75.4521696,2.708649593475829,44.18256240000001,1.8550856634767012
primary,uptake(mmol/g) methane at 5.8 bar,17,10000,geometry_plus_topology | mlp,geometry_plus_topology,mlp,5,0.4895714827455442,0.0026814819157624016,0.06,0.0,0.11399999999999999,0.023021728866442683,0.20400000000000001,0.01918332609325088,0.3148,0.017239489551607975,9.793100547343462,0.05363879013065978,63.29880000000001,7.944109290391274e-15,60.133860000000006,12.143731759759849,43.04318400000001,4.047605072371561,33.2107704,1.8187316687155388
primary,uptake(mmol/g) methane at 5.8 bar,17,10000,geometry_plus_topology | rf,geometry_plus_topology,rf,5,0.5324990519529769,0.006958432654811903,0.14400000000000002,0.026076809620810593,0.23199999999999998,0.04658325879540846,0.3872,0.017064583206161228,0.4484,0.017854971296532515,10.651798441967227,0.13919240201314861,151.91712,27.510512613762756,122.37768000000001,24.572203181990005,81.69765120000002,3.6005587981671927,47.305303200000004,1.883663761841587
primary,uptake(mmol/g) methane at 5.8 bar,17,10000,geometry_plus_topology | ridge,geometry_plus_topology,ridge,5,0.38210087220326133,0.005817023707620888,0.08,0.0,0.07400000000000001,0.008944271909999154,0.14479999999999998,0.0017888543819998333,0.17040000000000002,0.0047749345545253195,7.643321542605167,0.11636032747565202,84.3984,0.0,39.03426,4.718013989805455,30.552220800000004,0.37744111918443607,17.976859200000003,0.5037460456333122
primary,uptake(mmol/g) methane at 5.8 bar,17,10000,topology_only | hgb,topology_only,hgb,5,0.19757299962078118,0.001038533480290421,0.0,0.0,0.008,0.008366600265340755,0.0312,0.003346640106136301,0.044399999999999995,0.0008944271909999167,3.9521343029945335,0.020774214088676156,0.0,0.0,4.21992,4.413297973964594,6.583075200000001,0.706127675834335,4.6841112,0.094360279796109
primary,uptake(mmol/g) methane at 5.8 bar,17,10000,topology_only | mlp,topology_only,mlp,5,0.19726962457337882,0.0010175508430033137,0.0,0.0,0.004,0.005477225575051661,0.0304,0.0072663608498339805,0.0432,0.003898717737923586,3.9460657666367687,0.020354489729837513,0.0,0.0,2.10996,2.8891817185840005,6.414278400000001,1.5331730738715705,4.5575136,0.4113069239154625
primary,uptake(mmol/g) methane at 5.8 bar,17,10000,topology_only | rf,topology_only,rf,5,0.19833143723928706,0.000536296383152478,0.0,0.0,0.012,0.004472135954999579,0.0304,0.005366563145999493,0.044000000000000004,0.0024494897427831774,3.9673056438889467,0.010727758026132031,0.0,0.0,6.32988,2.359006994902728,6.414278400000001,1.1323233575533094,4.6419120000000005,0.25841626888413977
primary,uptake(mmol/g) methane at 5.8 bar,17,10000,topology_only | ridge,topology_only,ridge,5,0.19772468714448235,0.0010925187933930958,0.0,0.0,0.01,0.01,0.029599999999999998,0.006066300355241239,0.042800000000000005,0.0026832815729997466,3.9551685711734166,0.021854104600945105,0.0,0.0,5.2749,5.2749,6.245481600000001,1.2799651097544809,4.515314399999999,0.2830808393883275
primary,uptake(mmol/g) methane at 5.8 bar,17,20000,enriched_interpretable | hgb,enriched_interpretable,hgb,5,0.45566932119833137,0.006792146583917511,0.11199999999999999,0.0363318042491699,0.20400000000000001,0.01949358868961793,0.316,0.03187475490101845,0.324,0.017262676501632084,9.11494160936321,0.13586611306600901,118.15776000000001,38.32932684678926,107.60796,10.282673097886564,66.67473600000001,6.725445785095292,34.181352000000004,1.8211778455691823
primary,uptake(mmol/g) methane at 5.8 bar,17,20000,enriched_interpretable | mlp,enriched_interpretable,mlp,5,0.40257868790291995,0.010582854900299803,0.07200000000000001,0.041472882706655445,0.098,0.030331501776206207,0.2032,0.017064583206161235,0.2532,0.010059821071967442,8.052947746754315,0.21169321696470017,75.95856,43.75306179786736,51.69402,15.999563871931011,42.87438720000001,3.600558798167196,26.712093600000003,1.0612910034504202
primary,uptake(mmol/g) methane at 5.8 bar,17,20000,enriched_interpretable | rf,enriched_interpretable,rf,5,0.47174819871065604,0.00627145825124809,0.15600000000000003,0.016733200530681502,0.20800000000000002,0.014832396974191326,0.33919999999999995,0.021428952377566188,0.3604,0.02137288001182808,9.43657403632476,0.12545056931933496,164.57688000000002,17.653191895858374,109.71792,7.823941079916185,71.56984320000001,4.5214232358569575,38.0214792,2.2547960954878374
primary,uptake(mmol/g) methane at 5.8 bar,17,20000,enriched_interpretable | ridge,enriched_interpretable,ridge,5,0.18930602957906711,0.00506934847643565,0.0,0.0,0.024,0.0054772255750516596,0.0408,0.0017888543819998303,0.07120000000000001,0.00626099033699941,3.786766687245435,0.10140427105934932,0.0,0.0,12.65976,2.8891817185840014,8.608636800000001,0.37744111918443685,7.511457600000002,0.6605219585727637
primary,uptake(mmol/g) methane at 5.8 bar,17,20000,geometry_only | hgb,geometry_only,hgb,5,0.40826697004171414,0.011180847140071939,0.07599999999999998,0.03577708763999663,0.156,0.053197744313081545,0.23760000000000003,0.03842915559832144,0.2692,0.01992987706936497,8.166732803462411,0.22365510268928857,80.17848000000001,37.74411191844365,82.28844,28.061278147707384,50.1326496,8.108398114623434,28.400061600000004,2.102562171063867
primary,uptake(mmol/g) methane at 5.8 bar,17,20000,geometry_only | mlp,geometry_only,mlp,5,0.37542662116040953,0.009308257647807032,0.10400000000000001,0.05176871642217914,0.14200000000000002,0.01095445115010332,0.23759999999999998,0.025234896472940003,0.272,0.01019803902718558,7.509813742734335,0.18619692175357352,109.71792,54.61496045107055,74.90358,5.778363437167998,50.1326496,5.3244622162044495,28.695456000000007,1.075872721290025
primary,uptake(mmol/g) methane at 5.8 bar,17,20000,geometry_only | rf,geometry_only,rf,5,0.4342055365946151,0.004605596435908667,0.12,0.042426406871192854,0.172,0.04604345773288535,0.28240000000000004,0.028927495570823268,0.31240000000000007,0.02535350074447314,8.685592662051329,0.0921276474773407,126.59760000000001,44.759010720971034,90.72828,24.287463519519694,59.5852704,6.103585855461425,32.95757520000001,2.6747436215404283
primary,uptake(mmol/g) methane at 5.8 bar,17,20000,geometry_only | ridge,geometry_only,ridge,5,0.1651877133105802,0.0012170501733698295,0.0,0.0,0.01,0.0,0.024,0.0,0.055200000000000006,0.001095445115010333,3.3043180468031084,0.024345157222254565,0.0,0.0,5.2749,0.0,5.063904000000001,0.0,5.8234896,0.11556726874336037
primary,uptake(mmol/g) methane at 5.8 bar,17,20000,geometry_plus_topology | hgb,geometry_plus_topology,hgb,5,0.5380356465680697,0.006128814213374893,0.136,0.016733200530681516,0.22999999999999998,0.01224744871391589,0.37679999999999997,0.010733126291999,0.44160000000000005,0.013957077057894333,10.76254923049644,0.12259720172215073,143.47728,17.653191895858377,121.32270000000001,6.460406722103497,79.50329280000001,2.264646715106616,46.5879168,1.4724437154537362
primary,uptake(mmol/g) methane at 5.8 bar,17,20000,geometry_plus_topology | mlp,geometry_plus_topology,mlp,5,0.4995070155479711,0.006716563570000265,0.092,0.03633180424916991,0.15200000000000002,0.022803508501982758,0.288,0.03709447398198282,0.36,0.021307275752662516,9.99184511306027,0.13435419482515853,97.05816,38.32932684678926,80.17848,12.028622699710883,60.766848,7.826785632302449,37.97928,2.2478749773543902
primary,uptake(mmol/g) methane at 5.8 bar,17,20000,geometry_plus_topology | rf,geometry_plus_topology,rf,5,0.567235494880546,0.00393548011046478,0.20400000000000001,0.055497747702046435,0.274,0.073348483283569,0.4272,0.026593232221751466,0.488,0.013490737563232054,11.346645854931333,0.07872303388202787,215.21592,58.54901387070495,144.53226,38.69059144724981,90.1374912,5.611065625860674,51.483024,1.4232458314458545
primary,uptake(mmol/g) methane at 5.8 bar,17,20000,geometry_plus_topology | ridge,geometry_plus_topology,ridge,5,0.3831626848691695,0.0030877820228778566,0.08,0.0,0.078,0.008366600265340751,0.148,0.0040000000000000036,0.17479999999999998,0.004604345773288529,7.664561419857347,0.06176617896275475,84.3984,0.0,41.144220000000004,4.4132979739645934,31.227408000000004,0.8439840000000007,18.4410504,0.4857492703903932
primary,uptake(mmol/g) methane at 5.8 bar,17,20000,topology_only | hgb,topology_only,hgb,5,0.1979522184300341,0.0008479590358361007,0.0,0.0,0.012,0.008366600265340755,0.032,0.003999999999999998,0.04479999999999999,0.001095445115010333,3.9597199734417403,0.016962074774864676,0.0,0.0,6.32988,4.413297973964594,6.7518720000000005,0.8439839999999998,4.7263104,0.11556726874335989
primary,uptake(mmol/g) methane at 5.8 bar,17,20000,topology_only | mlp,topology_only,mlp,5,0.19817974971558588,0.0010925187933930986,0.004,0.00894427190999916,0.01,0.01224744871391589,0.030400000000000003,0.008294576541331087,0.044399999999999995,0.005727128425310541,3.9642713757100645,0.021854104600945206,4.21992,9.436027979610913,5.2749,6.460406722103493,6.414278400000001,1.7501224719146944,4.6841112,0.6042005946134116
primary,uptake(mmol/g) methane at 5.8 bar,17,20000,topology_only | rf,topology_only,rf,5,0.1968145620022753,0.0008479590358361007,0.0,0.0,0.006,0.00894427190999916,0.032,0.0028284271247461888,0.042,0.004690415759823427,3.9369629621001208,0.016962074774864676,0.0,0.0,3.16494,4.718013989805456,6.7518720000000005,0.5967868096129471,4.430916000000001,0.49482948182985215
primary,uptake(mmol/g) methane at 5.8 bar,17,20000,topology_only | ridge,topology_only,ridge,5,0.19772468714448238,0.0013829793347599959,0.0,0.0,0.01,0.01224744871391589,0.0328,0.0017888543819998303,0.041600000000000005,0.005176871642217913,3.9551685711734166,0.02766430676118883,0.0,0.0,5.2749,6.460406722103493,6.9206688,0.3774411191844364,4.3887168,0.5461496045107056
primary,uptake(mmol/g) methane at 5.8 bar,17,40000,enriched_interpretable | hgb,enriched_interpretable,hgb,5,0.4684869169510808,0.005736115404228748,0.172,0.0303315017762062,0.22199999999999998,0.027748873851023217,0.3096,0.013740451229854147,0.3224,0.016087262041752176,9.371337270478785,0.1147418852702552,181.45656,31.99912774386202,117.10278000000001,14.637253467676238,65.3243616,2.899180247694303,34.01255520000001,1.6971739708807705
primary,uptake(mmol/g) methane at 5.8 bar,17,40000,enriched_interpretable | mlp,enriched_interpretable,mlp,5,0.4222222222222222,0.011384777720226861,0.06799999999999999,0.03346640106136302,0.138,0.030331501776206204,0.2544,0.016876018487783195,0.2716,0.014791889669680473,8.445885475919606,0.22773441030119368,71.73864,35.30638379171676,72.79362,15.999563871931011,53.67738240000001,3.560772396848305,28.6532568,1.5605147763719502
primary,uptake(mmol/g) methane at 5.8 bar,17,40000,enriched_interpretable | rf,enriched_interpretable,rf,5,0.48934395145999243,0.0015772949824107293,0.184,0.043358966777357594,0.22599999999999998,0.027018512172212596,0.33999999999999997,0.01624807680927191,0.38520000000000004,0.011541230437002817,9.788549145075137,0.03155128290754047,194.11632,45.74284277077672,119.21274000000001,14.251994985720424,71.73864,3.4282792144491387,40.6378296,1.2175767286429218
primary,uptake(mmol/g) methane at 5.8 bar,17,40000,enriched_interpretable | ridge,enriched_interpretable,ridge,5,0.1918847174819871,0.002472204173379845,0.0,0.0,0.02,0.0,0.043199999999999995,0.00521536192416212,0.07680000000000001,0.0030331501776206227,3.8383492462864384,0.04945252102450267,0.0,0.0,10.5498,0.0,9.1150272,1.100420504550511,8.102246400000002,0.3199912774386202
primary,uptake(mmol/g) methane at 5.8 bar,17,40000,geometry_only | hgb,geometry_only,hgb,5,0.42502844141069407,0.005465225908321232,0.08399999999999999,0.008944271909999161,0.154,0.03361547262794322,0.2304,0.022378561169118988,0.2716,0.018460769214742916,8.502019437228933,0.10932317081457596,88.61832,9.436027979610918,81.23346000000001,17.731825656513767,48.613478400000005,4.72178689243943,28.653256799999998,1.9475742306169477
primary,uptake(mmol/g) methane at 5.8 bar,17,40000,geometry_only | mlp,geometry_only,mlp,5,0.3876374668183542,0.015760180418351498,0.11200000000000002,0.041472882706655445,0.154,0.037815340802378083,0.2352,0.01947305831142094,0.278,0.019849433241279205,7.754072331134381,0.3152573973786966,118.15776000000001,43.75306179786736,81.23346000000001,19.947214119846414,49.62625920000001,4.108737411476574,29.328444,2.0940755080884736
primary,uptake(mmol/g) methane at 5.8 bar,17,40000,geometry_only | rf,geometry_only,rf,5,0.4441410693970421,0.00566548332104151,0.12799999999999997,0.08074651695274539,0.17400000000000002,0.024083189157584596,0.2912,0.023047776465420694,0.348,0.015297058540778341,8.884337227768135,0.11332900254137984,135.03744,85.18596045480734,91.78326,12.7036414487343,61.44203520000001,4.862988643097904,36.713304,1.613809081935034
primary,uptake(mmol/g) methane at 5.8 bar,17,40000,geometry_only | ridge,geometry_only,ridge,5,0.1651118695487296,0.00043237596704556085,0.0,0.0,0.01,0.0,0.024,0.0,0.0548,0.0017888543819998333,3.3028009127136664,0.008648995026805552,0.0,0.0,5.2749,0.0,5.063904000000001,0.0,5.7812904000000005,0.18872055959221848
primary,uptake(mmol/g) methane at 5.8 bar,17,40000,geometry_plus_topology | hgb,geometry_plus_topology,hgb,5,0.5449374288964732,0.0033598872102141284,0.172,0.054037024344425186,0.26,0.0187082869338697,0.3952,0.01368210510118964,0.43479999999999996,0.0067230945255886505,10.900608432635597,0.06720921139612643,181.45656,57.00797994288169,137.1474,9.868434274746924,83.38561920000001,2.886869447930615,45.87053040000001,0.7092730262605511
primary,uptake(mmol/g) methane at 5.8 bar,17,40000,geometry_plus_topology | mlp,geometry_plus_topology,mlp,5,0.5182404247250664,0.013446502222609694,0.136,0.045607017003965515,0.188,0.0303315017762062,0.3544,0.0356202189774291,0.42679999999999996,0.020376457003120043,10.366577233152267,0.26897593695124744,143.47728,48.11449079884355,99.16812,15.99956387193101,74.77698240000001,7.515723723361632,45.0265464,2.1496754609151565
primary,uptake(mmol/g) methane at 5.8 bar,17,40000,geometry_plus_topology | rf,geometry_plus_topology,rf,5,0.5905195297686765,0.0038710049769207174,0.24,0.024494897427831792,0.332,0.04816637831516918,0.4664,0.017343586710943024,0.5236000000000001,0.013069047402163645,11.812406020389805,0.07743331115949581,253.19520000000003,25.841626888413987,175.12668,25.40728289746859,98.40853440000002,3.6594274216621376,55.23875280000001,1.3787583628334596
primary,uptake(mmol/g) methane at 5.8 bar,17,40000,geometry_plus_topology | ridge,geometry_plus_topology,ridge,5,0.38414865377322716,0.002875568996606581,0.08,0.0,0.07600000000000001,0.005477225575051658,0.1464,0.002190890230020666,0.17479999999999998,0.003033150177620612,7.6842841630200835,0.057521194160789206,84.3984,0.0,40.089240000000004,2.8891817185839983,30.8898144,0.4622690749734395,18.4410504,0.31999127743861877
primary,uptake(mmol/g) methane at 5.8 bar,17,40000,topology_only | hgb,topology_only,hgb,5,0.19719378081152822,0.001038533480290421,0.0,0.0,0.004,0.005477225575051661,0.0304,0.0021908902300206644,0.044,0.0,3.9445486325473276,0.020774214088676156,0.0,0.0,2.10996,2.8891817185840005,6.414278400000001,0.46226907497344,4.6419120000000005,0.0
primary,uptake(mmol/g) methane at 5.8 bar,17,40000,topology_only | mlp,topology_only,mlp,5,0.1974971558589306,0.0014036219585378646,0.0,0.0,0.002,0.004472135954999579,0.0312,0.003346640106136301,0.0484,0.006841052550594826,3.950617168905093,0.02807722968938717,0.0,0.0,1.05498,2.359006994902728,6.583075200000001,0.706127675834335,5.1061032,0.721717361982653
primary,uptake(mmol/g) methane at 5.8 bar,17,40000,topology_only | rf,topology_only,rf,5,0.19726962457337882,0.0009815835499085933,0.0,0.0,0.006,0.005477225575051661,0.0304,0.0021908902300206644,0.04279999999999999,0.002683281572999747,3.9460657666367687,0.019635021112676523,0.0,0.0,3.16494,2.8891817185840005,6.414278400000001,0.46226907497344,4.515314400000001,0.28308083938832745
primary,uptake(mmol/g) methane at 5.8 bar,17,40000,topology_only | ridge,topology_only,ridge,5,0.19810390595373528,0.000508775421501658,0.0,0.0,0.008,0.00447213595499958,0.0312,0.0017888543819998318,0.0404,0.0021908902300206636,3.9627542416206234,0.010177244864918807,0.0,0.0,4.21992,2.3590069949027277,6.583075200000001,0.3774411191844364,4.262119200000001,0.23113453748672014
primary,uptake(mmol/g) methane at 5.8 bar,17,210995,enriched_interpretable | hgb,enriched_interpretable,hgb,5,0.47538869927948435,0.0034921090430705634,0.128,0.030331501776206204,0.196,0.016733200530681502,0.32880000000000004,0.009959919678390996,0.366,0.00509901951359279,9.509396472617942,0.06985409932230914,135.03744,31.99912774386202,103.38804,8.826595947929182,69.37548480000001,2.101503212461787,38.612268,0.5379363606450127
primary,uptake(mmol/g) methane at 5.8 bar,17,210995,enriched_interpretable | mlp,enriched_interpretable,mlp,5,0.463860447478195,0.005012291527273299,0.148,0.022803508501982758,0.242,0.008366600265340753,0.3208,0.02105231578710523,0.322,0.025179356624028346,9.278792091022869,0.10026293734248748,156.13704,24.057245399421767,127.65257999999999,4.413297973964592,67.6875168,4.441954421816053,33.970356,2.656371765121742
primary,uptake(mmol/g) methane at 5.8 bar,17,210995,enriched_interpretable | rf,enriched_interpretable,rf,5,0.5091391733029959,0.0019074366841045293,0.244,0.016733200530681516,0.28200000000000003,0.004472135954999558,0.3752,0.0017888543819998333,0.4164,0.0016733200530681524,10.18452114241931,0.03815524370490337,257.41512,17.65319189585839,148.75218,2.3590069949027166,79.1656992,0.3774411191844328,43.9293672,0.17653191895858508
primary,uptake(mmol/g) methane at 5.8 bar,17,210995,enriched_interpretable | ridge,enriched_interpretable,ridge,5,0.19150549867273417,0.0,0.0,0.0,0.02,0.0,0.048,0.0,0.074,0.0,3.8307635758392324,4.965068306494546e-16,0.0,0.0,10.5498,0.0,10.127808000000002,0.0,7.806852000000001,9.930136612989092e-16
primary,uptake(mmol/g) methane at 5.8 bar,17,210995,geometry_only | hgb,geometry_only,hgb,5,0.4347364429275692,0.0021883258318170003,0.132,0.017888543819998323,0.168,0.016431676725154977,0.252,0.01523154621172782,0.28840000000000005,0.015582040944625949,8.696212600677416,0.04377398532518555,139.25736,18.872055959221825,88.61832000000001,8.667545155752,53.17099200000001,3.2137953244897233,30.425623200000008,1.6438741555761471
primary,uptake(mmol/g) methane at 5.8 bar,17,210995,geometry_only | mlp,geometry_only,mlp,5,0.43541903678422444,0.008322967396234305,0.184,0.03286335345030996,0.21200000000000002,0.021679483388678797,0.28480000000000005,0.012132600710482467,0.3048,0.0068702256149270734,8.709866807482388,0.16648775395675497,194.11632,34.67018062300801,111.82788000000001,11.435710692694178,60.091660800000014,2.55993021950896,32.1557904,0.7247950619235763
primary,uptake(mmol/g) methane at 5.8 bar,17,210995,geometry_only | rf,geometry_only,rf,5,0.4545316647705726,0.0010925187933930997,0.20800000000000002,0.01788854381999831,0.196,0.01140175425099138,0.32,0.0040000000000000036,0.3708,0.003033150177620623,9.092184598021591,0.021854104600945206,219.43584,18.87205595922182,103.38804,6.014311349855442,67.51872,0.843983999999999,39.1186584,0.3199912774386225
primary,uptake(mmol/g) methane at 5.8 bar,17,210995,geometry_only | ridge,geometry_only,ridge,5,0.16496018202502843,0.0,0.0,0.0,0.01,0.0,0.024,0.0,0.054000000000000006,7.757919228897728e-18,3.2997666445347837,0.0,0.0,0.0,5.2749,0.0,5.063904000000001,0.0,5.696892,0.0
primary,uptake(mmol/g) methane at 5.8 bar,17,210995,geometry_plus_topology | hgb,geometry_plus_topology,hgb,5,0.558058399696625,0.004141999976007028,0.192,0.017888543819998323,0.28800000000000003,0.016431676725154977,0.396,0.0028284271247461927,0.4784,0.008876936408468844,11.163072630108939,0.08285413603883027,202.55615999999998,18.87205595922182,151.91711999999998,8.667545155751993,83.55441600000002,0.5967868096129464,50.470243200000006,0.9364990372206466
primary,uptake(mmol/g) methane at 5.8 bar,17,210995,geometry_plus_topology | mlp,geometry_plus_topology,mlp,5,0.553280242700038,0.005488856589355342,0.2,0.02449489742783178,0.254,0.03130495168499706,0.4184,0.027942798714516767,0.47919999999999996,0.027480902459708273,11.067493182474136,0.10979586508604643,210.996,25.841626888413973,133.98246,16.513048964319093,88.28072640000002,5.895818757568183,50.554641600000004,2.899180247694304
primary,uptake(mmol/g) methane at 5.8 bar,17,210995,geometry_plus_topology | rf,geometry_plus_topology,rf,5,0.6271520667425105,0.0018265596630705155,0.352,0.010954451150103302,0.466,0.005477225575051636,0.5528000000000001,0.009549869109050634,0.5963999999999999,0.0032863353450309995,12.545181785589943,0.036537427253434694,371.35296,11.556726874335977,245.81034,2.8891817185839863,116.63858880000002,2.0149841825332473,62.919007199999996,0.3467018062300806
primary,uptake(mmol/g) methane at 5.8 bar,17,210995,geometry_plus_topology | ridge,geometry_plus_topology,ridge,5,0.384907091391733,0.0,0.08,0.0,0.08,0.0,0.148,0.0,0.178,0.0,7.699455503914495,0.0,84.3984,0.0,42.1992,0.0,31.227408000000004,3.972054645195637e-15,18.778644,0.0
primary,uptake(mmol/g) methane at 5.8 bar,17,210995,topology_only | hgb,topology_only,hgb,5,0.1980280621918847,0.0006783672286688731,0.0,0.0,0.01,0.0,0.032,0.0,0.0396,0.0008944271909999167,3.9612371075311814,0.013569659819891543,0.0,0.0,5.2749,0.0,6.7518720000000005,0.0,4.1777208,0.094360279796109
primary,uptake(mmol/g) methane at 5.8 bar,17,210995,topology_only | mlp,topology_only,mlp,5,0.19780053090633293,0.0005751137993213131,0.0,0.0,0.008,0.004472135954999579,0.032,0.0028284271247461888,0.040400000000000005,0.0021908902300206636,3.9566857052628577,0.011504238832157647,0.0,0.0,4.21992,2.359006994902728,6.751872000000001,0.5967868096129471,4.2621192,0.23113453748672014
primary,uptake(mmol/g) methane at 5.8 bar,17,210995,topology_only | rf,topology_only,rf,5,0.19681456200227532,0.0,0.0,0.0,0.01,0.0,0.032,0.0,0.038,0.0,3.9369629621001216,0.0,0.0,0.0,5.2749,0.0,6.7518720000000005,0.0,4.008924,0.0
primary,uptake(mmol/g) methane at 5.8 bar,17,210995,topology_only | ridge,topology_only,ridge,5,0.19833143723928706,0.0,0.0,0.0,0.01,0.0,0.032,0.0,0.04,0.0,3.9673056438889467,0.0,0.0,0.0,5.2749,0.0,6.7518720000000005,0.0,4.21992,0.0
primary,uptake(mmol/g) methane at 65 bar,17,500,enriched_interpretable | hgb,enriched_interpretable,hgb,5,0.731209708001517,0.019845502551486465,0.236,0.23891421054428721,0.27,0.23194827009486405,0.37920000000000004,0.058268344750816464,0.5172,0.11419807353891744,14.626689756303382,0.3969777831203483,248.97528000000003,252.04971384001215,142.4223,122.35039299233983,80.00968320000001,12.294387669043273,54.563565600000004,12.04766836220871
primary,uptake(mmol/g) methane at 65 bar,17,500,enriched_interpretable | mlp,enriched_interpretable,mlp,5,0.741145240803944,0.015360936501458143,0.748,0.06260990336999413,0.7340000000000001,0.05983310120660638,0.6776,0.05855595614452897,0.7228000000000001,0.056366656810564894,14.825434322020186,0.3072711564336051,789.12504,66.05219585727642,387.17766,31.561362555472805,142.97088960000002,12.355072522671039,76.25395440000001,5.9465695602009765
primary,uptake(mmol/g) methane at 65 bar,17,500,enriched_interpretable | rf,enriched_interpretable,rf,5,0.7361395525218051,0.020705485892733248,0.364,0.20513410247932937,0.552,0.18212632978237936,0.6008,0.07784086330456519,0.7327999999999999,0.0186333035181634,14.725303472117066,0.4141803850420123,384.01272,216.4123754336429,291.17448,96.06981769690728,126.76639680000001,16.42411079381003,77.3089344,1.9657762545592026
primary,uptake(mmol/g) methane at 65 bar,17,500,enriched_interpretable | ridge,enriched_interpretable,ridge,5,0.742207053469852,0.011661826200638726,0.592,0.10917875251164945,0.572,0.12497999839974396,0.5399999999999999,0.08694826047713662,0.5711999999999999,0.05715942616926801,14.846674199272366,0.23327632546738403,624.5481599999999,115.18140032473995,301.72428,65.92569935588094,113.93784000000001,18.345735167633922,60.26045760000001,6.030205142005437
primary,uptake(mmol/g) methane at 65 bar,17,500,geometry_only | hgb,geometry_only,hgb,5,0.7228668941979521,0.023292494748140935,0.004,0.008944271909999158,0.018,0.013038404810405297,0.0776,0.03424616766880639,0.23079999999999998,0.07302876145738746,14.459805006464839,0.46592939153192486,4.21992,9.436027979610913,9.49482,6.877628153440691,16.373289600000003,7.225804393447473,24.3489384,7.704388276231462
primary,uptake(mmol/g) methane at 65 bar,17,500,geometry_only | mlp,geometry_only,mlp,5,0.6863860447478194,0.016923104085464317,0.5640000000000001,0.11081516141756055,0.57,0.04743416490252569,0.4944,0.04153071152773572,0.5684,0.10008396474960414,13.730063509443585,0.3385198397437078,595.00872,116.90777899229802,300.66929999999996,25.021047644433263,104.31642240000001,8.762814009506126,59.965063199999996,10.558658113153738
primary,uptake(mmol/g) methane at 65 bar,17,500,geometry_only | rf,geometry_only,rf,5,0.7404626469472886,0.021903948916190595,0.308,0.1900526242912736,0.51,0.25787593916455254,0.5871999999999999,0.11803050453166758,0.7343999999999999,0.026168683574073825,14.811780115215218,0.4381537358286451,324.93384,200.50171757480783,269.0199,136.02697914990983,123.89685120000001,24.903964334163728,77.47773120000001,2.7607437796976395
primary,uptake(mmol/g) methane at 65 bar,17,500,geometry_only | ridge,geometry_only,ridge,5,0.6920743268866136,0.009928727691760371,0.644,0.032863353450309996,0.64,0.02738612787525833,0.636,0.024166091947189168,0.7087999999999999,0.01277497553813706,13.843848566151678,0.1986084402778418,679.4071200000001,34.670180623008086,337.59360000000004,14.445908592920036,134.19345600000003,5.098948736489133,74.7769824,1.347734369322385
primary,uptake(mmol/g) methane at 65 bar,17,500,geometry_plus_topology | hgb,geometry_plus_topology,hgb,5,0.7350018960940463,0.023797906513344187,0.25200000000000006,0.21844907873461036,0.296,0.20971409108593536,0.3792,0.08041890325041744,0.4847999999999999,0.12411768608864732,14.702546460775443,0.47603935179082013,265.85496,230.45940908343925,156.13704,110.62208590692005,80.00968320000001,16.968066910225083,51.145430399999995,13.094167646980116
primary,uptake(mmol/g) methane at 65 bar,17,500,geometry_plus_topology | mlp,geometry_plus_topology,mlp,5,0.7328782707622298,0.01988929448409572,0.736,0.06228964600958976,0.692,0.05974947698515863,0.6624,0.09211297411331369,0.6904,0.08313122157168146,14.660066706271087,0.39785377123305504,776.46528,65.71433074719702,365.02308000000005,31.517251614901337,139.7637504,19.43546908601274,72.8358192,8.770177613369249
primary,uptake(mmol/g) methane at 65 bar,17,500,geometry_plus_topology | rf,geometry_plus_topology,rf,5,0.7437239287068639,0.021353420208642476,0.364,0.20268201696253174,0.5439999999999999,0.1760113632695344,0.616,0.07343023900274327,0.7416,0.015323185047502377,14.877016881061191,0.42714128274011454,384.01272,213.82547425513172,286.95456,92.84423401104668,129.97353600000002,15.493486708622822,78.2373168,1.6165653761414032
primary,uptake(mmol/g) methane at 65 bar,17,500,geometry_plus_topology | ridge,geometry_plus_topology,ridge,5,0.7620781190747061,0.006765629161740557,0.596,0.08414273587185053,0.6,0.05049752469181039,0.5648,0.052566148803198424,0.6032,0.03775182114812475,15.244163330705982,0.13533567411932199,628.76808,88.76890349008487,316.49399999999997,26.636939299683053,119.1705408,11.09124713287966,63.6363936,3.982741627484865
primary,uptake(mmol/g) methane at 65 bar,17,500,topology_only | hgb,topology_only,hgb,5,0.1634433067880167,0.001313652489623724,0.0,0.0,0.0,0.0,0.007200000000000001,0.0017888543819998318,0.03,0.0014142135623730952,3.2694239627459583,0.02627753324807042,0.0,0.0,0.0,0.0,1.5191712000000002,0.3774411191844365,3.16494,0.14919670240323676
primary,uptake(mmol/g) methane at 65 bar,17,500,topology_only | mlp,topology_only,mlp,5,0.16549108835798254,0.008371206899151995,0.008,0.01788854381999832,0.004,0.00894427190999916,0.02,0.0116619037896906,0.0368,0.0038987177379235854,3.3103865831608728,0.16745270865505063,8.43984,18.872055959221825,2.10996,4.718013989805456,4.21992,2.460615052009558,3.8823264,0.41130692391546253
primary,uptake(mmol/g) methane at 65 bar,17,500,topology_only | rf,topology_only,rf,5,0.17466818354190367,0.01010673264850472,0.012,0.02683281572999748,0.04,0.08396427811873332,0.0416,0.07324479503691712,0.056799999999999996,0.05013182621848121,3.4939598079832677,0.2021691469381781,12.65976,28.30808393883274,21.099600000000002,44.29031706485065,8.777433599999998,15.454358773609366,5.992286399999999,5.288807402397331
primary,uptake(mmol/g) methane at 65 bar,17,500,topology_only | ridge,topology_only,ridge,5,0.20606750094804704,0.012715427779627208,0.05600000000000001,0.05899152481501051,0.11800000000000002,0.10616025621672172,0.1568,0.053471487729443254,0.13720000000000002,0.009230384607371456,4.1220533210119585,0.2543519529569798,59.078880000000005,62.23487884933978,62.24382000000001,55.998473551758536,33.084172800000005,11.282270024961608,14.4743256,0.9737871153084741
primary,uptake(mmol/g) methane at 65 bar,17,1000,enriched_interpretable | hgb,enriched_interpretable,hgb,5,0.7632916192643154,0.004731884947232175,0.44000000000000006,0.1876166303929372,0.504,0.11058933040759401,0.5664,0.06135796606798499,0.6439999999999999,0.03187475490101849,15.268437476137041,0.09465384872261995,464.19120000000004,197.93179273194087,265.85496,58.33476589670175,119.50813440000002,12.946285408480563,67.940712,3.362722892547649
primary,uptake(mmol/g) methane at 65 bar,17,1000,enriched_interpretable | mlp,enriched_interpretable,mlp,5,0.7671596511186956,0.009848743961486958,0.82,0.024494897427831758,0.782,0.016431676725154998,0.7559999999999999,0.02800000000000003,0.7612,0.01718138527593164,15.345811314698546,0.1970084926903587,865.0835999999999,25.841626888413938,412.49718,8.667545155752006,159.51297600000004,5.907888,80.30507760000002,1.8126017838402357
primary,uptake(mmol/g) methane at 65 bar,17,1000,enriched_interpretable | rf,enriched_interpretable,rf,5,0.7606370875995448,0.015703047490944227,0.608,0.13899640283115244,0.634,0.023021728866442697,0.6528,0.04761512364784954,0.7404,0.03392344322146562,15.215337783006598,0.314114543837625,641.42784,146.63842505880922,334.42866,12.143731759759875,137.73818880000005,10.046600629201663,78.1107192,3.578855412978184
primary,uptake(mmol/g) methane at 65 bar,17,1000,enriched_interpretable | ridge,enriched_interpretable,ridge,5,0.7419795221843003,0.005393712723200351,0.672,0.036331804249169895,0.646,0.018165902124584965,0.6096,0.03365709434874024,0.6232,0.02802142037798943,14.842122797004041,0.10789266303985395,708.94656,38.32932684678928,340.75854,9.58233171169735,128.62316160000003,7.101512279206798,65.7463536,2.9562038070371264
primary,uptake(mmol/g) methane at 65 bar,17,1000,geometry_only | hgb,geometry_only,hgb,5,0.7559347743648085,0.0065605949999722754,0.10800000000000001,0.07563068160475614,0.192,0.08228000972289685,0.3632,0.10641052579514867,0.6272,0.03884842339143249,15.121275469461239,0.13123429110866086,113.93784000000001,79.78885647938564,101.27808,43.40188232873086,76.6337472,22.45219530067319,66.1683456,4.098430970949344
primary,uptake(mmol/g) methane at 65 bar,17,1000,geometry_only | mlp,geometry_only,mlp,5,0.7237770193401591,0.026275239122072174,0.616,0.09528903399657275,0.596,0.0901665126307988,0.548,0.03429285639896447,0.6816000000000001,0.037132196272237905,14.478010615538134,0.5255944590254775,649.8676800000001,100.52802508570434,314.38403999999997,47.56193374762007,115.625808,7.23565552875591,71.9074368,3.9173724423285563
primary,uptake(mmol/g) methane at 65 bar,17,1000,geometry_only | rf,geometry_only,rf,5,0.765794463405385,0.01516306302102572,0.648,0.1316054710108968,0.656,0.10526157893552615,0.6808000000000001,0.06352322409953702,0.7535999999999999,0.035648281866031105,15.318502901088602,0.3033130114888459,683.62704,138.84113980707593,346.03344,55.52443027270069,143.6460768,13.403146192105917,79.50329280000001,3.760822440302552
primary,uptake(mmol/g) methane at 65 bar,17,1000,geometry_only | ridge,geometry_only,ridge,5,0.6928327645051195,0.00552150920688699,0.616,0.016733200530681527,0.638,0.013038404810405309,0.6352,0.014805404418657412,0.7096,0.008876936408468867,13.859019907046093,0.1104490288790604,649.86768,17.65319189585839,336.53862,6.877628153440694,134.0246592,3.1238811107190445,74.8613808,0.936499037220646
primary,uptake(mmol/g) methane at 65 bar,17,1000,geometry_plus_topology | hgb,geometry_plus_topology,hgb,5,0.768904057641259,0.006438907577800606,0.44800000000000006,0.17064583206161232,0.522,0.10871982339941505,0.5624,0.06708800190794177,0.6472,0.021981810662454557,15.380705398755698,0.12880012734979276,472.63104000000004,180.02793990835977,275.34977999999995,57.34861964495744,118.66415040000001,14.155300050568076,68.27830560000001,2.319037061267632
primary,uptake(mmol/g) methane at 65 bar,17,1000,geometry_plus_topology | mlp,geometry_plus_topology,mlp,5,0.7762609025407661,0.00722011102186564,0.792,0.046043457732885346,0.7619999999999999,0.025884358211089593,0.7447999999999999,0.0268923781023546,0.77,0.01618641405623866,15.527867405431502,0.14442686245445255,835.54416,48.574927039039366,401.94738,13.653740112767643,157.1498208,5.6741842100844115,81.23346000000001,1.7076343101050642
primary,uptake(mmol/g) methane at 65 bar,17,1000,geometry_plus_topology | rf,geometry_plus_topology,rf,5,0.765946150929086,0.01630949517051843,0.6,0.13490737563232041,0.62,0.03535533905932741,0.6528,0.03963836525387998,0.7452,0.028656587375331374,15.321537169267483,0.3262455672164114,632.9879999999999,142.3245831445854,327.0438,18.64958780040462,137.73818880000002,8.363536515107656,78.6171096,3.02321265492271
primary,uptake(mmol/g) methane at 65 bar,17,1000,geometry_plus_topology | ridge,geometry_plus_topology,ridge,5,0.7642775881683732,0.001577294982410706,0.664,0.02966479394838264,0.652,0.016431676725154998,0.6136,0.020119642143934885,0.642,0.017262676501632084,15.288160219299778,0.03155128290753932,700.50672,31.29576431966475,343.92348000000004,8.667545155752036,129.46714560000004,4.245164013801689,67.72971600000001,1.8211778455691803
primary,uptake(mmol/g) methane at 65 bar,17,1000,topology_only | hgb,topology_only,hgb,5,0.16405005688282137,0.0019074366841045614,0.0,0.0,0.0,0.0,0.008000000000000002,0.0028284271247461905,0.0304,0.00260768096208106,3.281561035461489,0.03815524370490384,0.0,0.0,0.0,0.0,1.6879680000000004,0.5967868096129473,3.2071392000000003,0.27510512613762766
primary,uptake(mmol/g) methane at 65 bar,17,1000,topology_only | mlp,topology_only,mlp,5,0.19218809252938945,0.029439447619114333,0.02,0.044721359549995794,0.076,0.07797435475847171,0.1216,0.09106481208458073,0.10200000000000001,0.06066300355241241,3.8444177826442028,0.5888894283127273,21.099600000000002,47.18013989805457,40.089240000000004,41.13069239154624,25.657113600000002,19.214311090598198,10.760796000000003,6.399825548772404
primary,uptake(mmol/g) methane at 65 bar,17,1000,topology_only | rf,topology_only,rf,5,0.20235115661736822,0.00896834444752082,0.052000000000000005,0.052153619241621194,0.138,0.08871302046486751,0.1712,0.031164081889251925,0.1436,0.007797435475847165,4.0477137506293355,0.1793974976345378,54.85896,55.02102522752552,72.79362,46.79523116501296,36.1225152,6.575496622304601,15.1495128,0.8226138478309238
primary,uptake(mmol/g) methane at 65 bar,17,1000,topology_only | ridge,topology_only,ridge,5,0.21099734546833523,0.008899935024167435,0.08800000000000001,0.054037024344425186,0.17200000000000001,0.048166378315169185,0.196,0.015748015748023626,0.1492,0.012132600710482479,4.220667036825641,0.17802907568820936,92.83824,57.00797994288168,90.72828,25.40728289746859,41.355216000000006,3.322768330769994,15.740301600000004,1.2799651097544804
primary,uptake(mmol/g) methane at 65 bar,17,2000,enriched_interpretable | hgb,enriched_interpretable,hgb,5,0.7851346226772847,0.008773815384562672,0.41600000000000004,0.12280065146407,0.49400000000000005,0.08203657720797475,0.5416000000000001,0.041434285320251396,0.7096000000000001,0.04537400136642128,15.70537209389613,0.17550625245365764,438.87168,129.55223128156456,260.58006,43.273474111434595,114.2754336,8.742468465431765,74.8613808,4.786866396154711
primary,uptake(mmol/g) methane at 65 bar,17,2000,enriched_interpretable | mlp,enriched_interpretable,mlp,5,0.7866514979142966,0.006292061746889639,0.836,0.008944271909999168,0.794,0.01341640786499875,0.7864000000000001,0.01930802941783549,0.772,0.015748015748023637,15.735714775684954,0.1258627095512632,881.9632799999999,9.436027979610918,418.82705999999996,7.077020984708188,165.9272544,4.073916975045613,81.44445600000002,1.6613841653849952
primary,uptake(mmol/g) methane at 65 bar,17,2000,enriched_interpretable | rf,enriched_interpretable,rf,5,0.7883200606750094,0.008661643174965582,0.656,0.0887693640846886,0.734,0.030495901363953838,0.7087999999999999,0.05764720288097247,0.7852,0.014532721699667973,15.769091725652663,0.17326242542141046,692.06688,93.64990372206482,387.17766,16.086283010472002,149.55396480000002,12.163329219073663,82.83702960000001,1.5331730738715716
primary,uptake(mmol/g) methane at 65 bar,17,2000,enriched_interpretable | ridge,enriched_interpretable,ridge,5,0.7423587409935533,0.002662645382107199,0.6559999999999999,0.05727128425310541,0.638,0.030331501776206228,0.5936,0.03528172331391991,0.6103999999999999,0.034536936748935945,14.849708467451245,0.05326199516904542,692.06688,60.420059461341175,336.53862000000004,15.999563871931047,125.24722560000001,7.44430249234385,64.3959792,3.643577753139246
primary,uptake(mmol/g) methane at 65 bar,17,2000,geometry_only | hgb,geometry_only,hgb,5,0.7915054986727342,0.003165966092490221,0.23199999999999998,0.046043457732885346,0.33799999999999997,0.09011104260855048,0.5472,0.041221353689562396,0.7127999999999999,0.021335416564951356,15.832811357409199,0.0633301271948296,244.75535999999997,48.57492703903938,178.29162,47.53267386558428,115.45701120000001,8.697540743082907,75.19897440000001,2.250843776769234
primary,uptake(mmol/g) methane at 65 bar,17,2000,geometry_only | mlp,geometry_only,mlp,5,0.7583617747440272,0.012457785204051365,0.656,0.06693280212272601,0.654,0.023021728866442697,0.6272,0.03457166469813107,0.7196,0.02414125100321023,15.169823760323357,0.24919822211926654,692.06688,70.61276758343351,344.97846000000004,12.143731759759879,132.33669120000002,7.294482964646865,75.9163608,2.5468536983366747
primary,uptake(mmol/g) methane at 65 bar,17,2000,geometry_only | rf,geometry_only,rf,5,0.7918847174819871,0.008340227819991563,0.692,0.054037024344425186,0.744,0.02966479394838268,0.7208,0.05722936309273413,0.79,0.01766352173265571,15.840397027856403,0.16683302134119635,730.04616,57.00797994288169,392.45256,15.647882159832372,152.0859168,12.075166695114532,83.34342000000001,1.8634662157517126
primary,uptake(mmol/g) methane at 65 bar,17,2000,geometry_only | ridge,geometry_only,ridge,5,0.6906332954114525,0.0038987677398482647,0.608,0.010954451150103331,0.626,0.01140175425099139,0.6368,0.009959919678390996,0.7011999999999999,0.004147288270665548,13.815023018452294,0.07798866117150405,641.42784,11.55672687433601,330.20874,6.014311349855446,134.3622528,2.1015032124617865,73.9751976,0.4375306179786757
primary,uptake(mmol/g) methane at 65 bar,17,2000,geometry_plus_topology | hgb,geometry_plus_topology,hgb,5,0.7936291240045505,0.010137987729901479,0.44399999999999995,0.12116104984688768,0.5,0.08124038404635962,0.5376000000000001,0.05127182462132588,0.7196,0.044145214916228456,15.875291111913551,0.2027943552387456,468.41112000000004,127.82248436746954,263.745,42.85349018061422,113.43144960000002,10.818149907801278,75.9163608,4.657231883232271
primary,uptake(mmol/g) methane at 65 bar,17,2000,geometry_plus_topology | mlp,geometry_plus_topology,mlp,5,0.7965111869548729,0.006377193176967118,0.792,0.07155417527999323,0.79,0.04123105625617662,0.7792,0.04023928428786974,0.7867999999999999,0.02978590270581034,15.932942207312323,0.12756562870376856,835.54416,75.48822383688723,416.7171,21.748969864570594,164.40808320000002,8.49032802760337,83.00582640000002,3.1423531636575768
primary,uptake(mmol/g) methane at 65 bar,17,2000,geometry_plus_topology | rf,geometry_plus_topology,rf,5,0.7952976867652636,0.011047575323149206,0.668,0.0878635305459552,0.732,0.03271085446759228,0.708,0.060663003552412414,0.7859999999999999,0.015099668870541512,15.908668061881261,0.2209892114982163,704.72664,92.69426745537184,386.12268,17.254648623110246,149.38516800000002,12.799651097544809,82.92142800000002,1.5929848665043878
primary,uptake(mmol/g) methane at 65 bar,17,2000,geometry_plus_topology | ridge,geometry_plus_topology,ridge,5,0.7657186196435344,0.002804681393568529,0.632,0.046043457732885394,0.638,0.025884358211089593,0.604,0.030983866769659363,0.6388,0.023392306427541535,15.316985766999162,0.056103200162815885,666.7473600000001,48.57492703903947,336.53862000000004,13.653740112767673,127.441584,6.537471952931047,67.3921224,2.467841543492776
primary,uptake(mmol/g) methane at 65 bar,17,2000,topology_only | hgb,topology_only,hgb,5,0.1622298065984073,0.0004944408346759688,0.0,0.0,0.0,0.0,0.020800000000000003,0.00819756061276768,0.0312,0.005761944116355173,3.2451498173148976,0.009890504204900502,0.0,0.0,0.0,0.0,4.3887168,1.7296524990515294,3.2915376000000003,0.607873580387238
primary,uptake(mmol/g) methane at 65 bar,17,2000,topology_only | mlp,topology_only,mlp,5,0.20690178232840348,0.005975554751134758,0.10400000000000001,0.02190890230020665,0.21000000000000002,0.015811388300841896,0.188,0.018547236990991412,0.148,0.0188679622641132,4.138741795995812,0.11953148940751136,109.71792,23.11345374867201,110.7729,8.340349214811095,39.667248,3.9133928161512244,15.613704000000004,1.990532282939414
primary,uptake(mmol/g) methane at 65 bar,17,2000,topology_only | rf,topology_only,rf,5,0.20462646947288582,0.010535187207817483,0.11200000000000002,0.06572670690061994,0.184,0.07092249290598858,0.1808,0.007694153624668545,0.13920000000000002,0.007429670248402678,4.093227773312573,0.21073970042668352,118.15776000000001,69.34036124601602,97.05816,37.41090578297992,38.1480768,1.6234356381905652,14.685321600000004,0.7838153518659857
primary,uptake(mmol/g) methane at 65 bar,17,2000,topology_only | ridge,topology_only,ridge,5,0.21031475161167995,0.005127172933228843,0.10799999999999998,0.010954451150103316,0.192,0.0130384048104053,0.1976,0.015646085772486357,0.1564,0.020562101059959804,4.20701283002067,0.10256095754830802,113.93784000000001,11.556726874336,101.27807999999999,6.877628153440688,41.692809600000004,3.3012615136515335,16.4998872,2.1692605376236385
primary,uptake(mmol/g) methane at 65 bar,17,5000,enriched_interpretable | hgb,enriched_interpretable,hgb,5,0.8165339400834281,0.005195436085947113,0.492,0.07563068160475614,0.624,0.04615192303685735,0.6944000000000001,0.05158294291720859,0.7596,0.01322119510483074,16.33346560692482,0.10392645358271636,519.05016,79.78885647938563,329.15376000000003,24.3446778827119,146.51562239999998,10.883794623759341,80.13628080000001,1.3948096411694313
primary,uptake(mmol/g) methane at 65 bar,17,5000,enriched_interpretable | mlp,enriched_interpretable,mlp,5,0.8004550625711035,0.007960885827710335,0.836,0.021908902300206617,0.8100000000000002,0.015811388300841858,0.8,0.0162480768092719,0.7964,0.023469128658729514,16.01183317996327,0.15924488681300455,881.9632799999999,23.11345374867197,427.26689999999996,8.340349214811068,168.79680000000002,3.4282792144491347,84.0186072,2.4759461352386456
primary,uptake(mmol/g) methane at 65 bar,17,5000,enriched_interpretable | rf,enriched_interpretable,rf,5,0.8121350018960941,0.005685753451343586,0.7879999999999999,0.017888543819998336,0.76,0.03741657386773945,0.7664,0.020899760764181027,0.8,0.007483314773547889,16.245471829737227,0.11373447432875322,831.3242400000001,18.872055959221836,400.8924,19.73686854949387,161.7073344,4.409765922199146,84.39840000000001,0.7894747419797535
primary,uptake(mmol/g) methane at 65 bar,17,5000,enriched_interpretable | ridge,enriched_interpretable,ridge,5,0.7386423966628745,0.0012111277529519406,0.6880000000000001,0.017888543819998277,0.644,0.015165750888103114,0.6064,0.01564608577248637,0.6235999999999999,0.01186591757935307,14.775368897068626,0.024226688600858106,725.82624,18.872055959221775,339.70356000000004,7.999781935965523,127.94797439999999,3.301261513651538,65.7885528,1.251830572786592
primary,uptake(mmol/g) methane at 65 bar,17,5000,geometry_only | hgb,geometry_only,hgb,5,0.822298065984073,0.003522859055743207,0.4720000000000001,0.130843417870369,0.588,0.046583258795408464,0.696,0.051303021353522646,0.7776,0.016024980499208117,16.448767797722358,0.07046920452461113,497.95056000000005,138.03718898488188,310.16412,24.57220318199,146.85321600000003,10.82473229350787,82.03524480000002,1.6906033927054602
primary,uptake(mmol/g) methane at 65 bar,17,5000,geometry_only | mlp,geometry_only,mlp,5,0.7948426241941601,0.01251996512644609,0.692,0.017888543819998277,0.6880000000000001,0.022803508501982726,0.7079999999999999,0.014696938456699081,0.7632,0.02381596103456673,15.899565257344614,0.2504420327853261,730.0461600000001,18.872055959221775,362.91312,12.028622699710866,149.385168,3.1009952266096854,80.5160736,2.512536257224723
primary,uptake(mmol/g) methane at 65 bar,17,5000,geometry_only | rf,geometry_only,rf,5,0.8152445961319682,0.004829645953714953,0.7959999999999999,0.043358966777357594,0.764,0.043358966777357635,0.7784000000000001,0.024099792530227333,0.8075999999999999,0.012116104984688734,16.307674327404317,0.0966094025075882,839.7640799999999,45.7428427707767,403.00236,22.87142138538837,164.23928640000003,5.084959824707848,85.20018480000002,1.278224843674689
primary,uptake(mmol/g) methane at 65 bar,17,5000,geometry_only | ridge,geometry_only,ridge,5,0.6894197952218428,0.0012577265037373624,0.604,0.008944271909999166,0.628,0.004472135954999584,0.6336,0.006066300355241246,0.698,0.0024494897427831805,13.790748873021235,0.025158822656671388,637.20792,9.436027979610918,331.26372,2.3590069949027295,133.68706560000004,1.2799651097544824,73.637604,0.2584162688841387
primary,uptake(mmol/g) methane at 65 bar,17,5000,geometry_plus_topology | hgb,geometry_plus_topology,hgb,5,0.8243458475540388,0.0043436696437698236,0.54,0.0648074069840786,0.628,0.04324349662087935,0.6816000000000001,0.05356117997206559,0.7792000000000001,0.014394443372357279,16.489730418137274,0.08688821768646673,569.6892,68.37051822006322,331.26372000000003,22.810512032547663,143.8148736,11.30119472938595,82.20404160000001,1.5185849868969465
primary,uptake(mmol/g) methane at 65 bar,17,5000,geometry_plus_topology | mlp,geometry_plus_topology,mlp,5,0.8095563139931741,0.004537967478695947,0.828,0.017888543819998288,0.806,0.011401754250991356,0.8048,0.022163032283512078,0.8076000000000001,0.013371611720357389,16.19388927069622,0.09077483751753236,873.5234399999999,18.87205595922179,425.15694,6.014311349855428,169.8095808,4.676311159691909,85.20018480000002,1.410678293274261
primary,uptake(mmol/g) methane at 65 bar,17,5000,geometry_plus_topology | rf,geometry_plus_topology,rf,5,0.8162305650360258,0.005099047800977381,0.7879999999999999,0.017888543819998336,0.756,0.039115214431215926,0.7704000000000001,0.022199099080818595,0.8028000000000001,0.007293833011524194,16.327397070567052,0.1019983589130664,831.3242400000001,18.872055959221836,398.78244,20.63288446032208,162.55131840000004,4.683921109656405,84.6937944,0.7694847950497796
primary,uptake(mmol/g) methane at 65 bar,17,5000,geometry_plus_topology | ridge,geometry_plus_topology,ridge,5,0.7674630261660977,0.002563586466614407,0.644,0.026076809620810618,0.646,0.008944271909999166,0.624,0.012328828005937964,0.6588,0.00742967024840269,15.35187985105631,0.05128047877415371,679.40712,27.51051261376283,340.75854,4.718013989805481,131.66150399999998,2.6013333939408914,69.50208240000002,0.7838153518659882
primary,uptake(mmol/g) methane at 65 bar,17,5000,topology_only | hgb,topology_only,hgb,5,0.1682973075464543,0.012359275658400474,0.028000000000000004,0.06260990336999411,0.046,0.10285912696499032,0.04240000000000001,0.07481176378083863,0.053200000000000004,0.04442071588797281,3.3665205444702004,0.24722769499619515,29.539440000000003,66.05219585727639,24.264540000000004,54.257160882762754,8.946230400000001,15.784982910701832,5.6124936000000005,4.686296684749356
primary,uptake(mmol/g) methane at 65 bar,17,5000,topology_only | mlp,topology_only,mlp,5,0.2098596890405764,0.012107120985739649,0.124,0.03286335345030996,0.20800000000000002,0.01788854381999832,0.18,0.011313708498984772,0.1408,0.024355697485393433,4.197910025484022,0.24218374094682632,130.81752,34.67018062300801,109.71792,9.436027979610909,37.97928,2.3871472384517918,14.854118399999999,2.5694773733140375
primary,uptake(mmol/g) methane at 65 bar,17,5000,topology_only | rf,topology_only,rf,5,0.21410693970420933,0.008650013457967575,0.092,0.017888543819998312,0.194,0.023021728866442673,0.1848,0.013682105101189657,0.14479999999999998,0.008318653737234165,4.282869534492734,0.17302979138958346,97.05816,18.87205595922183,102.33306,12.143731759759847,38.992060800000004,2.886869447930614,15.276110399999999,0.8776013319707292
primary,uptake(mmol/g) methane at 65 bar,17,5000,topology_only | ridge,topology_only,ridge,5,0.2166856276071293,0.0060769740232112695,0.096,0.00894427190999916,0.20600000000000002,0.008944271909999153,0.19119999999999998,0.009959919678390983,0.1464,0.011436782764396638,4.334452093533737,0.12156022098990196,101.27808,9.436027979610918,108.66293999999998,4.718013989805451,40.3424352,2.101503212461785,15.444907200000003,1.2065577080783167
primary,uptake(mmol/g) methane at 65 bar,17,10000,enriched_interpretable | hgb,enriched_interpretable,hgb,5,0.8288964732650739,0.0036314037527111734,0.56,0.10198039027185571,0.6340000000000001,0.06308724118235001,0.7424000000000002,0.016876018487783202,0.8028000000000001,0.01316054710108967,16.58075846350375,0.07264046892368681,590.7888,107.58727212900237,334.4286599999999,33.27788885127782,156.6434304,3.560772396848309,84.6937944,1.3884113980707555
primary,uptake(mmol/g) methane at 65 bar,17,10000,enriched_interpretable | mlp,enriched_interpretable,mlp,5,0.8200985968904057,0.011659359655306413,0.828,0.017888543819998333,0.828,0.01303840481040527,0.8288,0.006572670690062,0.8168,0.010449880382090455,16.40477090912856,0.23322698614249485,873.5234399999999,18.872055959221836,436.76171999999997,6.877628153440674,174.8734848,1.3868072249203303,86.1707664,1.1024414805497762
primary,uptake(mmol/g) methane at 65 bar,17,10000,enriched_interpretable | rf,enriched_interpretable,rf,5,0.8309442548350399,0.0031431726636484184,0.8240000000000001,0.016733200530681485,0.788,0.044944410108488465,0.8064,0.0066932802122726094,0.8196,0.008876936408468825,16.62172108391866,0.062874180824721,869.3035199999998,17.65319189585835,415.6621200000001,23.707726888126572,170.1471744,1.4122553516686807,86.46616080000001,0.9364990372206465
primary,uptake(mmol/g) methane at 65 bar,17,10000,enriched_interpretable | ridge,enriched_interpretable,ridge,5,0.7388699279484262,0.0008308267842323277,0.68,0.019999999999999962,0.642,0.016431676725154998,0.6032,0.027334959301231844,0.6212000000000001,0.017064583206161246,14.77992029933695,0.01661937127094117,717.3864,21.099599999999953,338.64858,8.667545155752038,127.2727872,5.767567072722713,65.5353576,1.8002793990835995
primary,uptake(mmol/g) methane at 65 bar,17,10000,geometry_only | hgb,geometry_only,hgb,5,0.8298824421691317,0.0034402482912527245,0.528,0.12853015210447705,0.616,0.07231873892705817,0.7472,0.01905780679931457,0.8012,0.01118928058455947,16.600481206666483,0.06881670728679981,557.02944,135.59673986718118,324.93384,38.14741159663393,157.6562112,4.021121003428187,84.5249976,1.1804467231098559
primary,uptake(mmol/g) methane at 65 bar,17,10000,geometry_only | mlp,geometry_only,mlp,5,0.8111490329920364,0.007139996353341992,0.736,0.008944271909999166,0.712,0.016431676725154998,0.7407999999999999,0.0160996894379985,0.784,0.02383275057562595,16.22574908657449,0.14282429565507646,776.46528,9.436027979610918,375.57288,8.667545155752006,156.3058368,3.3969700726599297,82.71043200000001,2.514307520227388
primary,uptake(mmol/g) methane at 65 bar,17,10000,geometry_only | rf,geometry_only,rf,5,0.8313993174061434,0.0033124714147777946,0.828,0.03346640106136301,0.7959999999999999,0.03911521443121589,0.82,0.011313708498984712,0.8231999999999999,0.006572670690061999,16.630823888455307,0.0662607336587462,873.5234399999999,35.30638379171674,419.8820400000001,20.63288446032206,173.01672000000002,2.387147238451776,86.8459536,0.6934036124601559
primary,uptake(mmol/g) methane at 65 bar,17,10000,geometry_only | ridge,geometry_only,ridge,5,0.6891922639362912,0.0013829793347599627,0.6,0.0,0.626,0.005477225575051666,0.6328,0.007694153624668545,0.6971999999999999,0.002280350850198278,13.78619747075291,0.02766430676118858,632.9879999999999,0.0,330.20874,2.8891817185840023,133.51826880000002,1.6234356381905641,73.5532056,0.2405724539942157
primary,uptake(mmol/g) methane at 65 bar,17,10000,geometry_plus_topology | hgb,geometry_plus_topology,hgb,5,0.8390595373530527,0.0013299717798066213,0.5599999999999999,0.10677078252031309,0.63,0.07968688725254611,0.7432000000000001,0.015849290204927174,0.8092,0.012696456198483058,16.784054431488876,0.02660397474896386,590.7888,112.64104014327992,332.3187,42.03403615684555,156.81222720000002,3.344136836078813,85.36898160000001,1.3394507360275671
primary,uptake(mmol/g) methane at 65 bar,17,10000,geometry_plus_topology | mlp,geometry_plus_topology,mlp,5,0.833295411452408,0.005453372169054985,0.808,0.017888543819998277,0.828,0.008366600265340763,0.8368,0.005932958789676535,0.8436,0.007402702209328706,16.668752240691344,0.10908605557280306,852.4238399999998,18.872055959221775,436.76171999999997,4.413297973964598,176.5614528,1.2518305727865897,88.99811280000002,0.7809702776797568
primary,uptake(mmol/g) methane at 65 bar,17,10000,geometry_plus_topology | rf,geometry_plus_topology,rf,5,0.8323094425483504,0.003571508434727661,0.828,0.010954451150103331,0.79,0.033911649915626334,0.8055999999999999,0.010430723848324209,0.8184000000000001,0.01033440854621101,16.64902949752861,0.0714423581431357,873.5234399999999,11.55672687433601,416.7171,17.888056213993725,169.97837760000002,2.200841009101008,86.33956320000001,1.0902594328081676
primary,uptake(mmol/g) methane at 65 bar,17,10000,geometry_plus_topology | ridge,geometry_plus_topology,ridge,5,0.7689799014031096,0.002419285234393106,0.6479999999999999,0.05019960159204452,0.652,0.01923538406167136,0.6224000000000001,0.023933240482642566,0.6608,0.014872793954062578,15.382222532845137,0.04839396163405407,683.62704,52.95957568757517,343.92348000000004,10.146472738691049,131.3239104,5.049818008875652,69.71307840000001,1.569050016565695
primary,uptake(mmol/g) methane at 65 bar,17,10000,topology_only | hgb,topology_only,hgb,5,0.20022753128555176,0.006085250866849148,0.084,0.016733200530681516,0.196,0.008944271909999166,0.17439999999999997,0.0053665631459995,0.1336,0.008294576541331087,4.005233996124979,0.12172578611127262,88.61832,17.653191895858384,103.38804,4.718013989805459,36.797702400000006,1.1323233575533114,14.094532800000001,0.8750612359573473
primary,uptake(mmol/g) methane at 65 bar,17,10000,topology_only | mlp,topology_only,mlp,5,0.2162305650360258,0.012452012097849496,0.1,0.014142135623730947,0.21200000000000002,0.004472135954999584,0.1896,0.018242806801586214,0.15560000000000002,0.019768662069042507,4.32534928899709,0.249082740291795,105.498,14.91967024032368,111.82788000000001,2.359006994902729,40.004841600000006,3.849159263907484,16.415488800000002,2.085554310959847
primary,uptake(mmol/g) methane at 65 bar,17,10000,topology_only | rf,topology_only,rf,5,0.21357603337125522,0.006290918878521868,0.08,0.024494897427831782,0.188,0.01643167672515498,0.1888,0.016099689437998485,0.14600000000000002,0.0059999999999999915,4.272249595866644,0.12583984828333364,84.3984,25.841626888413977,99.16812,8.667545155751997,39.8360448,3.3969700726599297,15.402708,0.6329879999999992
primary,uptake(mmol/g) methane at 65 bar,17,10000,topology_only | ridge,topology_only,ridge,5,0.2216913158892681,0.0043121030662722284,0.088,0.030331501776206204,0.20400000000000001,0.008944271909999153,0.2016,0.010807404868885035,0.16040000000000001,0.007266360849833975,4.434582943436861,0.08625677840075588,92.83824,31.999127743862022,107.60796,4.718013989805451,42.5367936,2.2803191977152677,16.9218792,0.7665865369357842
primary,uptake(mmol/g) methane at 65 bar,17,20000,enriched_interpretable | hgb,enriched_interpretable,hgb,5,0.8414865377322716,0.0021283602882673277,0.5760000000000001,0.08049844718999244,0.65,0.043011626335213146,0.76,0.013266499161421611,0.8172,0.013311649033834944,16.832602722351005,0.04257446979363507,607.66848,84.92425181649821,342.8685,22.688202775561603,160.35696000000002,2.7991782570633084,86.2129656,1.4043523497715158
primary,uptake(mmol/g) methane at 65 bar,17,20000,enriched_interpretable | mlp,enriched_interpretable,mlp,5,0.8320819112627985,0.004096616390081574,0.828,0.022803508501982747,0.826,0.005477225575051666,0.8336,0.0066932802122726094,0.8335999999999999,0.009208691546577078,16.64447809526028,0.08194630942753589,873.5234399999999,24.05724539942175,435.70673999999997,2.8891817185840023,175.88626560000003,1.4122553516686807,87.9431328,0.9714985407807921
primary,uptake(mmol/g) methane at 65 bar,17,20000,enriched_interpretable | rf,enriched_interpretable,rf,5,0.8426241941600304,0.0017583652816639435,0.852,0.017888543819998333,0.8019999999999999,0.01788854381999829,0.8168,0.011798304963002063,0.8384,0.004560701700396556,16.85535973369262,0.03517330687997394,898.84296,18.872055959221836,423.04697999999996,9.436027979610895,172.34153279999998,2.489395153973584,88.44952320000002,0.4811449079884345
primary,uptake(mmol/g) methane at 65 bar,17,20000,enriched_interpretable | ridge,enriched_interpretable,ridge,5,0.7393249905195297,0.001531029900507134,0.684,0.008944271909999116,0.646,0.008944271909999166,0.6128,0.014532721699667973,0.6255999999999999,0.011349008767288895,14.789023103873598,0.030625823368165123,721.6063200000002,9.436027979610866,340.75854,4.718013989805459,129.29834879999999,3.0663461477431433,65.9995488,1.197297726931442
primary,uptake(mmol/g) methane at 65 bar,17,20000,geometry_only | hgb,geometry_only,hgb,5,0.8378460371634434,0.0017501677298770273,0.5,0.11224972160321824,0.6439999999999999,0.046151923036857306,0.7535999999999999,0.02507588482985199,0.8131999999999999,0.004816637831516868,16.75978028605782,0.03500932786624256,527.49,118.42121129696318,339.70356000000004,24.34467788271188,159.00658560000002,5.290911395559452,85.79097360000002,0.5081456579493646
primary,uptake(mmol/g) methane at 65 bar,17,20000,geometry_only | mlp,geometry_only,mlp,5,0.8238149412210845,0.0029202310668454403,0.744,0.016733200530681527,0.7399999999999999,0.018708286933869726,0.7832000000000001,0.011454256850621092,0.8156000000000001,0.015773395322504248,16.479110479511185,0.05841458799583984,784.90512,17.65319189585839,390.3426,9.868434274746937,165.2520672,2.416802378453646,86.0441688,1.6640616597335511
primary,uptake(mmol/g) methane at 65 bar,17,20000,geometry_only | rf,geometry_only,rf,5,0.8395904436860068,0.0021618798352277687,0.86,0.024494897427831803,0.8099999999999999,0.01870828693386968,0.8263999999999999,0.0060663003552412454,0.8448,0.005403702434442523,16.79467437011497,0.04324497513402727,907.2828,25.841626888413984,427.26689999999996,9.868434274746914,174.36709439999998,1.27996510975449,89.1247104,0.5700797994288138
primary,uptake(mmol/g) methane at 65 bar,17,20000,geometry_only | ridge,geometry_only,ridge,5,0.6897990140310959,0.0009668220541510693,0.6,0.0,0.624,0.005477225575051666,0.632,0.0028284271247461927,0.6975999999999999,0.0038470768123342724,13.798334543468442,0.01933974081699444,632.9879999999999,0.0,329.15376,2.8891817185840023,133.34947200000002,0.5967868096129514,73.59540480000001,0.4058589095476418
primary,uptake(mmol/g) methane at 65 bar,17,20000,geometry_plus_topology | hgb,geometry_plus_topology,hgb,5,0.8500568828213879,0.00591508411244957,0.604,0.06693280212272606,0.654,0.04159326868617085,0.756,0.02135415650406264,0.8211999999999999,0.014532721699667918,17.004038874457866,0.11832187024937502,637.20792,70.61276758343355,344.97846,21.94003329926828,159.512976,4.505641605731199,86.6349576,1.5331730738715694
primary,uptake(mmol/g) methane at 65 bar,17,20000,geometry_plus_topology | mlp,geometry_plus_topology,mlp,5,0.8500568828213879,0.010167025303564768,0.836,0.03286335345030996,0.8320000000000001,0.02588435821108955,0.8448,0.01819890106572374,0.8432000000000001,0.005932958789676535,17.004038874457866,0.2033752058163589,881.9632799999999,34.670180623007994,438.8716799999999,13.65374011276762,178.24942080000002,3.839895329263446,88.9559136,0.6259152863932929
primary,uptake(mmol/g) methane at 65 bar,17,20000,geometry_plus_topology | rf,geometry_plus_topology,rf,5,0.8466439135381115,0.00157729498241071,0.8560000000000001,0.021908902300206663,0.806,0.01816590212458491,0.8168,0.009549869109050615,0.8416,0.007797435475847178,16.93576784043301,0.03155128290753956,903.0628799999998,23.113453748672015,425.15694,9.58233171169729,172.3415328,2.01498418253324,88.7871168,0.8226138478309238
primary,uptake(mmol/g) methane at 65 bar,17,20000,geometry_plus_topology | ridge,geometry_plus_topology,ridge,5,0.769283276450512,0.0008730272607676312,0.664,0.016733200530681527,0.65,0.007071067811865481,0.628,0.009380831519646868,0.6672,0.00742967024840269,15.388291069202904,0.017463524830577185,700.5067200000001,17.65319189585843,342.8685,3.729917560080941,132.505488,1.9793179273194228,70.38826560000001,0.7838153518659856
primary,uptake(mmol/g) methane at 65 bar,17,20000,topology_only | hgb,topology_only,hgb,5,0.21274175199089873,0.003172772190117837,0.088,0.041472882706655445,0.20600000000000002,0.026076809620810597,0.17839999999999998,0.0060663003552412454,0.1368,0.0054037024344425165,4.255561120882791,0.06346627237638436,92.83824,43.75306179786736,108.66294,13.755256306881382,37.641686400000005,1.2799651097544829,14.432126400000001,0.5700797994288167
primary,uptake(mmol/g) methane at 65 bar,17,20000,topology_only | mlp,topology_only,mlp,5,0.21971937808115283,0.0050636717126433025,0.1,0.019999999999999997,0.18800000000000003,0.017888543819998312,0.184,0.012328828005937964,0.1496,0.008988882021697692,4.395137457111387,0.10129071640888206,105.498,21.099600000000002,99.16812,9.436027979610905,38.82326400000001,2.601333393940888,15.782500800000003,0.9483090755250626
primary,uptake(mmol/g) methane at 65 bar,17,20000,topology_only | rf,topology_only,rf,5,0.21911262798634815,0.0037097602127859263,0.09200000000000001,0.033466401061363026,0.21200000000000002,0.01483239697419133,0.18,0.004898979485566361,0.14440000000000003,0.008173126696681018,4.383000384395857,0.07420786555337325,97.05816000000002,35.30638379171676,111.82788000000001,7.823941079916185,37.979279999999996,1.0336650755365604,15.2339112,0.8622485202464542
primary,uptake(mmol/g) methane at 65 bar,17,20000,topology_only | ridge,topology_only,ridge,5,0.22351156617368223,0.0027424626062593207,0.1,0.019999999999999997,0.192,0.008366600265340763,0.1968,0.017297398648351725,0.15999999999999998,0.01593737745050923,4.470994161583451,0.05485861206582215,105.498,21.099600000000002,101.27808,4.413297973964598,41.5240128,3.649681925207619,16.87968,1.681361446273823
primary,uptake(mmol/g) methane at 65 bar,17,40000,enriched_interpretable | hgb,enriched_interpretable,hgb,5,0.8489950701554797,0.0031773014889121434,0.684,0.03847076812334267,0.6719999999999999,0.04604345773288534,0.772,0.011313708498984769,0.8272,0.0060991802727907675,16.982798997205688,0.06355687381062754,721.6063200000001,40.58589095476407,354.47328,24.287463519519704,162.88891200000003,2.387147238451791,87.2679456,0.643451320418881
primary,uptake(mmol/g) methane at 65 bar,17,40000,enriched_interpretable | mlp,enriched_interpretable,mlp,5,0.8392112248767539,0.004389775086382347,0.828,0.02683281572999745,0.8320000000000001,0.004472135954999583,0.8400000000000001,0.01019803902718558,0.8443999999999999,0.012601587201618702,16.787088699667763,0.08781048389517752,873.5234399999999,28.3080839388327,438.8716799999999,2.359006994902729,177.23664000000002,2.151745442580051,89.08251120000001,1.3294422465963704
primary,uptake(mmol/g) methane at 65 bar,17,40000,enriched_interpretable | rf,enriched_interpretable,rf,5,0.8559726962457338,0.0011502275986426279,0.8720000000000001,0.02280350850198278,0.8260000000000002,0.030495901363953793,0.8455999999999999,0.0072663608498339865,0.8496,0.008763560920082665,17.122375333434285,0.02300847766431538,919.9425599999998,24.05724539942178,435.70673999999997,16.08628301047198,178.41821760000002,1.5331730738715665,89.6311008,0.9245381499468813
primary,uptake(mmol/g) methane at 65 bar,17,40000,enriched_interpretable | ridge,enriched_interpretable,ridge,5,0.7398558968524839,0.0005362963831525075,0.676,0.008944271909999166,0.6519999999999999,0.004472135954999584,0.6104,0.005366563145999499,0.6284,0.0038470768123342724,14.799643042499685,0.010727758026132975,713.1664800000001,9.436027979610918,343.92348000000004,2.359006994902755,128.7919584,1.1323233575533027,66.2949432,0.4058589095476392
primary,uptake(mmol/g) methane at 65 bar,17,40000,geometry_only | hgb,geometry_only,hgb,5,0.8461888509670079,0.00258036038471051,0.58,0.08602325267042628,0.662,0.016431676725154998,0.7527999999999999,0.02406657433038614,0.8240000000000001,0.009695359714832631,16.926665035896363,0.05161601438494265,611.8884,90.75281110224635,349.19838,8.667545155752036,158.83778880000006,5.077950917414154,86.930352,1.0228410591954114
primary,uptake(mmol/g) methane at 65 bar,17,40000,geometry_only | mlp,geometry_only,mlp,5,0.8344330678801668,0.003909817646957016,0.7799999999999999,0.028284271247461926,0.774,0.008944271909999166,0.812,0.00748331477354783,0.8363999999999999,0.007402702209328706,16.69150925203296,0.0782096970266731,822.8844000000001,29.83934048064737,408.27726,4.718013989805459,171.328752,1.57894948395949,88.2385272,0.7809702776797603
primary,uptake(mmol/g) methane at 65 bar,17,40000,geometry_only | rf,geometry_only,rf,5,0.8530906332954113,0.0030644071066874183,0.8720000000000001,0.02280350850198278,0.8200000000000001,0.03391164991562631,0.8464,0.004560701700396555,0.85,0.007348469228349541,17.064724238035517,0.06129860086107577,919.9425599999998,24.05724539942178,432.54179999999997,17.888056213993718,178.5870144,0.9622898159768678,89.6733,0.7752488066524218
primary,uptake(mmol/g) methane at 65 bar,17,40000,geometry_only | ridge,geometry_only,ridge,5,0.6897990140310959,0.001631081772287181,0.6,0.0,0.624,0.005477225575051666,0.6336,0.0053665631459995,0.6971999999999999,0.0017888543819998333,13.798334543468442,0.03262720227773091,632.9879999999999,0.0,329.15376,2.8891817185840023,133.6870656,1.1323233575533092,73.5532056,0.18872055959221323
primary,uptake(mmol/g) methane at 65 bar,17,40000,geometry_plus_topology | hgb,geometry_plus_topology,hgb,5,0.8593098217671598,0.0029859718900310315,0.724,0.029664793948382635,0.6940000000000001,0.027018512172212565,0.7656000000000001,0.010430723848324247,0.8304,0.008532291603080623,17.1891292333697,0.05972962883096189,763.8055200000001,31.295764319664702,366.07806,14.251994985720401,161.5385376,2.2008410091010115,87.6055392,0.9001396995418004
primary,uptake(mmol/g) methane at 65 bar,17,40000,geometry_plus_topology | mlp,geometry_plus_topology,mlp,5,0.8590822904816079,0.0033556043694545016,0.8400000000000001,0.03999999999999998,0.836,0.005477225575051666,0.8544,0.011523888232710357,0.8583999999999999,0.009528903399657285,17.184577831101375,0.06712353996372947,886.1832,42.19919999999996,440.98163999999997,2.8891817185840023,180.2749824,2.4314943215489464,90.5594832,1.0052802508570424
primary,uptake(mmol/g) methane at 65 bar,17,40000,geometry_plus_topology | rf,geometry_plus_topology,rf,5,0.8605233219567691,0.0012111277529519406,0.8640000000000001,0.026076809620810618,0.834,0.02073644135332771,0.8455999999999999,0.008763560920082666,0.8543999999999998,0.0093166517590817,17.213403378800763,0.024226688600857273,911.5027200000001,27.510512613762774,439.92665999999997,10.938265449466828,178.41821760000002,1.8490762998937627,90.13749120000001,0.9828881272796
primary,uptake(mmol/g) methane at 65 bar,17,40000,geometry_plus_topology | ridge,geometry_plus_topology,ridge,5,0.769283276450512,0.0003391836143344055,0.668,0.017888543819998333,0.6479999999999999,0.004472135954999583,0.6264000000000001,0.007797435475847178,0.6648000000000001,0.004604345773288539,15.388291069202902,0.006784829909944679,704.7266400000001,18.87205595922188,341.81352000000004,2.359006994902729,132.1678944,1.6452276956618614,70.1350704,0.4857492703903999
primary,uptake(mmol/g) methane at 65 bar,17,40000,topology_only | hgb,topology_only,hgb,5,0.2212362533181646,0.0021883258318169912,0.08,0.020000000000000004,0.196,0.011401754250991382,0.188,0.008000000000000007,0.156,0.006000000000000005,4.425480138900213,0.043773985325185706,84.39840000000001,21.099600000000002,103.38804,6.014311349855442,39.66724800000001,1.6879680000000015,16.457688,0.6329880000000007
primary,uptake(mmol/g) methane at 65 bar,17,40000,topology_only | mlp,topology_only,mlp,5,0.22396662874478576,0.003268769349944627,0.12,0.014142135623730954,0.194,0.02302172886644268,0.18719999999999998,0.005932958789676535,0.1584,0.0038470768123342724,4.480096966120099,0.06538654320827797,126.59760000000001,14.91967024032368,102.33306,12.143731759759849,39.4984512,1.2518305727865904,16.7108832,0.4058589095476406
primary,uptake(mmol/g) methane at 65 bar,17,40000,topology_only | rf,topology_only,rf,5,0.21880925293894576,0.0026545316647705697,0.08800000000000001,0.022803508501982758,0.202,0.00836660026534075,0.18239999999999998,0.010039920318408916,0.1456,0.0038470768123342624,4.376931848038093,0.05309969313044473,92.83823999999998,24.057245399421774,106.55298,4.413297973964591,38.485670400000004,2.118383027503006,15.360508800000002,0.40585890954763953
primary,uptake(mmol/g) methane at 65 bar,17,40000,topology_only | ridge,topology_only,ridge,5,0.22935153583617746,0.0017867605596344,0.10800000000000001,0.02683281572999748,0.198,0.010954451150103324,0.1928,0.01213260071048248,0.1592,0.003033150177620623,4.58781348647043,0.03574130935159453,113.93784000000001,28.30808393883274,104.44302,5.778363437168,40.6800288,2.5599302195089617,16.7952816,0.3199912774386209
primary,uptake(mmol/g) methane at 65 bar,17,210995,enriched_interpretable | hgb,enriched_interpretable,hgb,5,0.8521046643913539,0.0013407409578812136,0.728,0.010954451150103331,0.702,0.008366600265340763,0.7767999999999999,0.004381780460041332,0.8368,0.002280350850198278,17.04500149487278,0.02681939506533027,768.02544,11.55672687433601,370.29798,4.413297973964598,163.9016928,0.9245381499468868,88.2807264,0.2405724539942207
primary,uptake(mmol/g) methane at 65 bar,17,210995,enriched_interpretable | mlp,enriched_interpretable,mlp,5,0.8554417899127797,0.003299421575146953,0.8480000000000001,0.017888543819998333,0.8379999999999999,0.013038404810405309,0.86,0.01019803902718558,0.8695999999999999,0.007127411872482191,17.111755394808192,0.06599969232742718,894.6230400000001,18.872055959221832,442.03661999999997,6.877628153440694,181.45656,2.1517454425800477,91.74106080000001,0.7519276977231292
primary,uptake(mmol/g) methane at 65 bar,17,210995,enriched_interpretable | rf,enriched_interpretable,rf,5,0.8725824800910125,0.0005995975844080871,0.884,0.008944271909999166,0.866,0.005477225575051666,0.8704000000000001,0.0035777087639996667,0.8764,0.0016733200530681526,17.454627699021923,0.011993998096299393,932.60232,9.436027979610918,456.80634,2.8891817185840023,183.65091840000002,0.7548822383688785,92.4584472,0.17653191895858422
primary,uptake(mmol/g) methane at 65 bar,17,210995,enriched_interpretable | ridge,enriched_interpretable,ridge,5,0.7406143344709898,0.0,0.68,0.0,0.65,0.0,0.612,0.0,0.632,0.0,14.814814383394099,0.0,717.3864000000001,0.0,342.8685,0.0,129.12955200000002,0.0,66.67473600000001,0.0
primary,uptake(mmol/g) methane at 65 bar,17,210995,geometry_only | hgb,geometry_only,hgb,5,0.8494501327265832,0.0016529764670233835,0.648,0.010954451150103331,0.7139999999999999,0.013416407864998751,0.7576,0.0072663608498339865,0.8356,0.005549774770204648,16.991901801742337,0.03306517089837546,683.62704,11.556726874336071,376.62785999999994,7.077020984708188,159.85056960000003,1.533173073871572,88.1541288,0.5854901387070498
primary,uptake(mmol/g) methane at 65 bar,17,210995,geometry_only | mlp,geometry_only,mlp,5,0.8525597269624573,0.008862693251493203,0.8160000000000001,0.01673320053068147,0.82,0.01870828693386968,0.8464,0.0035777087639996667,0.868,0.011489125293076068,17.054104299409428,0.17728411312969877,860.86368,17.653191895858335,432.54179999999997,9.868434274746914,178.5870144,0.7548822383688785,91.57226399999999,1.2120797401689378
primary,uptake(mmol/g) methane at 65 bar,17,210995,geometry_only | rf,geometry_only,rf,5,0.8710656048540008,0.0008044445747287219,0.9,0.0,0.8720000000000001,0.004472135954999584,0.8752000000000001,0.003346640106136305,0.8732000000000001,0.002280350850198278,17.4242850172331,0.01609163703919878,949.482,0.0,459.9712799999999,2.3590069949027295,184.66369920000002,0.7061276758343403,92.1208536,0.2405724539942157
primary,uptake(mmol/g) methane at 65 bar,17,210995,geometry_only | ridge,geometry_only,ridge,5,0.6901782328403488,0.0,0.6,0.0,0.63,0.0,0.636,0.0,0.696,0.0,13.805920213915646,0.0,632.9879999999999,0.0,332.3187,0.0,134.19345600000003,0.0,73.426608,0.0
primary,uptake(mmol/g) methane at 65 bar,17,210995,geometry_plus_topology | hgb,geometry_plus_topology,hgb,5,0.8605233219567691,0.0017867605596343828,0.8039999999999999,0.008944271909999118,0.714,0.01341640786499875,0.7896000000000001,0.012521980673998834,0.8392,0.004381780460041332,17.213403378800763,0.03574130935159453,848.2039199999999,9.436027979610866,376.62786,7.077020984708188,166.60244160000002,2.6420878342910643,88.53392160000001,0.4622690749734356
primary,uptake(mmol/g) methane at 65 bar,17,210995,geometry_plus_topology | mlp,geometry_plus_topology,mlp,5,0.8776640121350019,0.003268769349944634,0.8880000000000001,0.017888543819998333,0.8619999999999999,0.008366600265340763,0.8672000000000001,0.006572670690062,0.8848,0.0067230945255886505,17.55627568301449,0.06538654320827786,936.8222399999999,18.872055959221836,454.69638,4.413297973964598,182.9757312,1.3868072249203225,93.3446304,0.7092730262605529
primary,uptake(mmol/g) methane at 65 bar,17,210995,geometry_plus_topology | rf,geometry_plus_topology,rf,5,0.8775881683731512,0.0009053724980139096,0.8640000000000001,0.008944271909999166,0.868,0.004472135954999583,0.8784000000000001,0.0035777087639996667,0.8775999999999999,0.0026076809620810618,17.554758548925047,0.018110539968804306,911.5027200000001,9.436027979610918,457.86132,2.3590069949027295,185.3388864,0.7548822383688674,92.5850448,0.27510512613762633
primary,uptake(mmol/g) methane at 65 bar,17,210995,geometry_plus_topology | ridge,geometry_plus_topology,ridge,5,0.769814182783466,0.0,0.68,0.0,0.64,0.0,0.624,0.0,0.668,0.0,15.39891100782899,0.0,717.3864000000001,0.0,337.5936,0.0,131.661504,0.0,70.47266400000001,0.0
primary,uptake(mmol/g) methane at 65 bar,17,210995,topology_only | hgb,topology_only,hgb,5,0.2229048160788775,0.0025635864666144178,0.096,0.02966479394838266,0.20400000000000001,0.011401754250991377,0.188,0.0028284271247461927,0.156,0.0014142135623730963,4.458857088867922,0.05128047877415404,101.27808,31.295764319664737,107.60796,6.014311349855439,39.667248,0.5967868096129488,16.457688,0.14919670240323785
primary,uptake(mmol/g) methane at 65 bar,17,210995,topology_only | mlp,topology_only,mlp,5,0.2260144103147516,0.0037636392190518063,0.10400000000000001,0.029664793948382655,0.196,0.01140175425099138,0.1848,0.0052153619241621235,0.1552,0.0017888543819998333,4.5210595865350145,0.07528562956608396,109.71792,31.295764319664734,103.38804,6.014311349855442,38.992060800000004,1.1004205045505115,16.3732896,0.18872055959221803
primary,uptake(mmol/g) methane at 65 bar,17,210995,topology_only | rf,topology_only,rf,5,0.21767159651118698,0.0019149611183849136,0.1,0.014142135623730947,0.22000000000000003,3.1031676915590914e-17,0.17679999999999998,0.0017888543819998333,0.13720000000000002,0.005215361924162112,4.354174836696474,0.03830575807117428,105.498,14.91967024032368,116.04780000000001,1.5888218580782548e-14,37.30409280000001,0.37744111918443607,14.474325600000004,0.5502102522752546
primary,uptake(mmol/g) methane at 65 bar,17,210995,topology_only | ridge,topology_only,ridge,5,0.23094425483503983,0.0,0.1,0.0,0.17,0.0,0.18,0.0,0.156,0.0,4.619673302348698,0.0,105.498,0.0,89.67330000000001,0.0,37.97928,0.0,16.457688,0.0
robustness_alt_test,uptake(mmol/g) CO2 at 0.15 bar,29,500,enriched_interpretable | hgb,enriched_interpretable,hgb,5,0.36496018202502845,0.02527657648550964,0.044,0.07797435475847171,0.042,0.037682887362833546,0.0872,0.05826834475081646,0.11320000000000001,0.024722459424579915,7.300449238391439,0.5056177978893239,46.41912,82.2613847830925,22.15458,19.877346255021067,18.398851200000003,12.294387669043273,11.9423736,2.6081700243743327
robustness_alt_test,uptake(mmol/g) CO2 at 0.15 bar,29,500,enriched_interpretable | mlp,enriched_interpretable,mlp,5,0.3678422449753508,0.03526225186513911,0.028000000000000004,0.030331501776206204,0.022,0.0216794833886788,0.04240000000000001,0.01186591757935306,0.0932,0.022565460332109336,7.358100333790207,0.7053653862852571,29.539440000000003,31.99912774386202,11.60478,11.43571069269418,8.946230400000001,2.5036611455731785,9.832413599999999,2.380610934116871
robustness_alt_test,uptake(mmol/g) CO2 at 0.15 bar,29,500,enriched_interpretable | rf,enriched_interpretable,rf,5,0.39249146757679176,0.02133590304391514,0.072,0.07694153624668539,0.062,0.054037024344425186,0.11200000000000002,0.04534313619501853,0.1552,0.021004761364985792,7.851168912858624,0.4267908796600227,75.95856,81.17178190952815,32.70438,28.50398997144084,23.631552,9.56722036460413,16.3732896,2.2159603144832714
robustness_alt_test,uptake(mmol/g) CO2 at 0.15 bar,29,500,enriched_interpretable | ridge,enriched_interpretable,ridge,5,0.2653014789533561,0.010013818205837648,0.008,0.010954451150103323,0.01,0.007071067811865475,0.0304,0.004560701700396551,0.053200000000000004,0.00878635305459552,5.306935044865598,0.20031054097069784,8.43984,11.556726874336002,5.2749,3.7299175600809193,6.414278400000001,0.9622898159768707,5.6124936000000005,0.9269426745537181
robustness_alt_test,uptake(mmol/g) CO2 at 0.15 bar,29,500,geometry_only | hgb,geometry_only,hgb,5,0.3545695866514979,0.027785380527462617,0.024,0.021908902300206645,0.026000000000000002,0.01816590212458495,0.0872,0.040239284287869735,0.10840000000000001,0.03112555220393688,7.092601868137985,0.5558024411995169,25.31952,23.113453748672004,13.71474,9.582331711697314,18.398851200000003,8.490328027603363,11.4359832,3.2836835064109335
robustness_alt_test,uptake(mmol/g) CO2 at 0.15 bar,29,500,geometry_only | mlp,geometry_only,mlp,5,0.22055365946150932,0.019618114604387546,0.0,0.0,0.012,0.021679483388678804,0.0176,0.019919839356781974,0.0216,0.02123205124334434,4.411825932095242,0.3924292481102917,0.0,0.0,6.32988,11.435710692694181,3.7135296,4.2030064249235695,2.2787568,2.2399389420703413
robustness_alt_test,uptake(mmol/g) CO2 at 0.15 bar,29,500,geometry_only | rf,geometry_only,rf,5,0.38065984072810016,0.023943996937113368,0.044,0.06693280212272604,0.06000000000000001,0.060000000000000005,0.1016,0.05032693116016513,0.1396,0.02455198566307825,7.614495994905783,0.47896165886833253,46.41912,70.61276758343351,31.649399999999996,31.649399999999996,21.437193600000004,10.618781167070203,14.727520800000002,2.59018538348343
robustness_alt_test,uptake(mmol/g) CO2 at 0.15 bar,29,500,geometry_only | ridge,geometry_only,ridge,5,0.18179749715585894,0.00753014360794844,0.004,0.00894427190999916,0.002,0.00447213595499958,0.011200000000000002,0.009959919678390987,0.0228,0.022117866081518806,3.6365704123907485,0.15062857230780136,4.21992,9.436027979610913,1.05498,2.359006994902728,2.3631552000000005,2.1015032124617847,2.4053544000000002,2.333390635868071
robustness_alt_test,uptake(mmol/g) CO2 at 0.15 bar,29,500,geometry_plus_topology | hgb,geometry_plus_topology,hgb,5,0.4059158134243458,0.03965747670157968,0.044,0.07797435475847171,0.038,0.05019960159204453,0.09280000000000001,0.05729921465430395,0.1244,0.02589980694908748,8.11970164668973,0.7932848837814283,46.41912,82.2613847830925,20.044620000000002,26.47978784378757,19.580428800000004,12.089905095199518,13.123951200000002,2.732377833514831
robustness_alt_test,uptake(mmol/g) CO2 at 0.15 bar,29,500,geometry_plus_topology | mlp,geometry_plus_topology,mlp,5,0.37034508911642017,0.07867652553318609,0.012,0.010954451150103323,0.01,0.007071067811865475,0.0312,0.016589153082662175,0.06960000000000001,0.03263127334322091,7.408165758741769,1.573799031228681,12.65976,11.556726874336002,5.2749,3.7299175600809193,6.583075200000001,3.5002449438293883,7.342660800000002,3.4425340751631204
robustness_alt_test,uptake(mmol/g) CO2 at 0.15 bar,29,500,geometry_plus_topology | rf,geometry_plus_topology,rf,5,0.4378460371634433,0.020618834935864437,0.06,0.0916515138991168,0.05,0.06480740698407861,0.09359999999999999,0.06588474785563044,0.13799999999999998,0.04032369030731191,8.758415098344509,0.4124470701675819,63.29880000000001,96.69051413329025,26.3745,34.185259110031616,19.7492256,13.9014182585466,14.558724000000002,4.254068680040792
robustness_alt_test,uptake(mmol/g) CO2 at 0.15 bar,29,500,geometry_plus_topology | ridge,geometry_plus_topology,ridge,5,0.3726204019719378,0.03793951050200012,0.02,0.02449489742783178,0.012,0.016431676725154984,0.024,0.014966629547095765,0.0524,0.012361229712289954,7.4536797814250075,0.7589196964239683,21.0996,25.841626888413973,6.329879999999999,8.667545155752002,5.063904000000001,3.1578989679190186,5.5280952,1.3040850121871657
robustness_alt_test,uptake(mmol/g) CO2 at 0.15 bar,29,500,topology_only | hgb,topology_only,hgb,5,0.2040197193780812,3.1031676915590914e-17,0.0,0.0,0.0,0.0,0.016,0.0,0.036,0.0,4.081090700597043,0.0,0.0,0.0,0.0,0.0,3.3759360000000003,0.0,3.797928,0.0
robustness_alt_test,uptake(mmol/g) CO2 at 0.15 bar,29,500,topology_only | mlp,topology_only,mlp,5,0.20083428138035647,0.0015772949824107263,0.0,0.0,0.002,0.00447213595499958,0.0104,0.00606630035524124,0.027999999999999997,0.004690415759823431,4.017371068840509,0.03155128290754023,0.0,0.0,1.05498,2.359006994902728,2.1943584,1.2799651097544809,2.9539440000000003,0.49482948182985215
robustness_alt_test,uptake(mmol/g) CO2 at 0.15 bar,29,500,topology_only | rf,topology_only,rf,5,0.1980280621918847,0.0033854704771582363,0.0,0.0,0.006,0.00894427190999916,0.015200000000000002,0.016099689437998485,0.0324,0.015192103211866356,3.961237107531182,0.06772096404991274,0.0,0.0,3.16494,4.718013989805456,3.2071392000000003,3.3969700726599292,3.4181352000000005,1.6027365046454767
robustness_alt_test,uptake(mmol/g) CO2 at 0.15 bar,29,500,topology_only | ridge,topology_only,ridge,5,0.1980280621918847,0.0036115490180687513,0.008,0.01788854381999832,0.012,0.016431676725154984,0.027200000000000002,0.017753872816937716,0.0444,0.016024980499208103,3.961237107531182,0.07224330646723884,8.43984,18.872055959221825,6.329879999999999,8.667545155752002,5.739091200000001,3.7459961488825915,4.6841112,1.6906033927054567
robustness_alt_test,uptake(mmol/g) CO2 at 0.15 bar,29,1000,enriched_interpretable | hgb,enriched_interpretable,hgb,5,0.4031854379977247,0.03605112575149951,0.024,0.01673320053068151,0.03,0.025495097567963924,0.09119999999999999,0.05428812024743535,0.13119999999999998,0.04817883352676775,8.065084819469844,0.7211455564148072,25.319519999999997,17.65319189585838,15.824700000000002,13.448409016125291,19.242835200000002,11.454576219727873,13.841337600000003,5.082770579406945
robustness_alt_test,uptake(mmol/g) CO2 at 0.15 bar,29,1000,enriched_interpretable | mlp,enriched_interpretable,mlp,5,0.3715585893060296,0.06001932884890829,0.012,0.010954451150103323,0.016,0.008944271909999158,0.040799999999999996,0.015849290204927157,0.1012,0.0326374018573783,7.4324399041728295,1.2005914211039301,12.65976,11.556726874336002,8.43984,4.718013989805456,8.608636800000001,3.344136836078811,10.676397600000001,3.4431806211496956
robustness_alt_test,uptake(mmol/g) CO2 at 0.15 bar,29,1000,enriched_interpretable | rf,enriched_interpretable,rf,5,0.41638225255972705,0.023257894880081318,0.07200000000000001,0.08786353054595519,0.05800000000000001,0.06457553716385177,0.11280000000000001,0.04676751008980487,0.1704,0.0306724632202893,8.329066151032627,0.4652372760824459,75.95856,92.6942674553718,30.594420000000003,34.06295009856017,23.800348800000002,9.867757558908469,17.9768592,3.23588352481408
robustness_alt_test,uptake(mmol/g) CO2 at 0.15 bar,29,1000,enriched_interpretable | ridge,enriched_interpretable,ridge,5,0.27834660599165717,0.014804111714784334,0.008,0.010954451150103323,0.014000000000000002,0.008944271909999158,0.0344,0.004560701700396552,0.05639999999999999,0.005176871642217915,5.567882108249497,0.29613276027423535,8.43984,11.556726874336002,7.384859999999999,4.718013989805456,7.258262400000001,0.9622898159768707,5.9500872000000005,0.5461496045107057
robustness_alt_test,uptake(mmol/g) CO2 at 0.15 bar,29,1000,geometry_only | hgb,geometry_only,hgb,5,0.3894577171027683,0.03499821875207279,0.024,0.01673320053068151,0.038,0.017888543819998316,0.0736,0.02779928056623049,0.11640000000000002,0.02113764414498456,7.790483549280973,0.7000838228870261,25.319519999999997,17.65319189585838,20.044620000000002,9.436027979610913,15.5293056,5.865537002352369,12.279967200000002,2.2299791820075816
robustness_alt_test,uptake(mmol/g) CO2 at 0.15 bar,29,1000,geometry_only | mlp,geometry_only,mlp,5,0.29108835798255595,0.07527354856786132,0.012,0.010954451150103323,0.016,0.01673320053068151,0.033600000000000005,0.02947541348310486,0.0496,0.03943095230906806,5.822760635275633,1.505727877666332,12.65976,11.556726874336002,8.43984,8.826595947929189,7.0894656,6.2191943432811945,5.232700800000001,4.159886606702063
robustness_alt_test,uptake(mmol/g) CO2 at 0.15 bar,29,1000,geometry_only | rf,geometry_only,rf,5,0.40872203261281764,0.013432591859685516,0.05600000000000001,0.05899152481501051,0.06000000000000001,0.034641016151377546,0.1192,0.025984610830258745,0.16920000000000002,0.020523157651784488,8.175835607999058,0.2686976822171221,59.078880000000005,62.23487884933978,31.649400000000004,18.27278960969014,25.1507232,5.482648946741273,17.850261600000003,2.1651520859479594
robustness_alt_test,uptake(mmol/g) CO2 at 0.15 bar,29,1000,geometry_only | ridge,geometry_only,ridge,5,0.18202502844141072,0.0031040397314647133,0.0,0.0,0.0,0.0,0.0032,0.0033466401061363026,0.005599999999999999,0.000894427190999916,3.641121814659072,0.06209138862155182,0.0,0.0,0.0,0.0,0.6751872000000001,0.7061276758343353,0.5907888000000001,0.09436027979610916
robustness_alt_test,uptake(mmol/g) CO2 at 0.15 bar,29,1000,geometry_plus_topology | hgb,geometry_plus_topology,hgb,5,0.4427758816837315,0.032065411449896324,0.02,0.02,0.032,0.03271085446759225,0.096,0.04427188724235731,0.144,0.046968074263269516,8.857028814158193,0.6414176672622603,21.0996,21.0996,16.87968,17.254648623110235,20.255616000000003,9.341191120588425,15.191712,4.955037898626407
robustness_alt_test,uptake(mmol/g) CO2 at 0.15 bar,29,1000,geometry_plus_topology | mlp,geometry_plus_topology,mlp,5,0.42904816078877517,0.05566552371424739,0.012,0.010954451150103323,0.012,0.010954451150103323,0.039999999999999994,0.019595917942265426,0.09280000000000001,0.03678586685127863,8.58242754396932,1.1135004590075221,12.65976,11.556726874336002,6.32988,5.778363437168003,8.43984,4.134660302146236,9.790214400000002,3.880835381076194
robustness_alt_test,uptake(mmol/g) CO2 at 0.15 bar,29,1000,geometry_plus_topology | rf,geometry_plus_topology,rf,5,0.4653014789533561,0.027382644214692005,0.068,0.07949842765740717,0.066,0.06066300355241241,0.11599999999999999,0.056356011214421485,0.1656,0.03793151723830725,9.307617638722252,0.5477463404174397,71.73864,83.86925121001141,34.81434,31.999127743862022,24.475536,11.890892942198077,17.470468800000003,4.001699205606938
robustness_alt_test,uptake(mmol/g) CO2 at 0.15 bar,29,1000,geometry_plus_topology | ridge,geometry_plus_topology,ridge,5,0.3856655290102389,0.025131651916239502,0.032,0.030331501776206204,0.032,0.03114482300479487,0.04,0.023151673805580447,0.0668,0.016769019053003664,7.714626844808907,0.5027188118808181,33.75936,31.999127743862015,16.87968,16.42858268679925,8.43984,4.884910566282254,7.047266400000001,1.7690979720537807
robustness_alt_test,uptake(mmol/g) CO2 at 0.15 bar,29,1000,topology_only | hgb,topology_only,hgb,5,0.2040197193780812,3.1031676915590914e-17,0.0,0.0,0.0,0.0,0.016,0.0,0.036,0.0,4.081090700597043,0.0,0.0,0.0,0.0,0.0,3.3759360000000003,0.0,3.797928,0.0
robustness_alt_test,uptake(mmol/g) CO2 at 0.15 bar,29,1000,topology_only | mlp,topology_only,mlp,5,0.20083428138035647,0.001708590113927766,0.008,0.017888543819998316,0.008,0.017888543819998316,0.014400000000000001,0.012837445228704968,0.0312,0.011882760622010357,4.017371068840509,0.0341776336441319,8.43984,18.872055959221825,4.21992,9.436027979610913,3.0383424000000003,2.708649593475834,3.2915376000000003,1.2536074801008488
robustness_alt_test,uptake(mmol/g) CO2 at 0.15 bar,29,1000,topology_only | rf,topology_only,rf,5,0.19916571861964352,0.004234704368644257,0.012,0.02683281572999748,0.01,0.017320508075688773,0.0264,0.02765501762790977,0.045599999999999995,0.025075884829851965,3.9839941188728014,0.0847085402888192,12.65976,28.308083938832738,5.2749,9.13639480484507,5.5702944,5.83509809941845,4.8107088000000005,2.6454556977797226
robustness_alt_test,uptake(mmol/g) CO2 at 0.15 bar,29,1000,topology_only | ridge,topology_only,ridge,5,0.19787637466818353,0.003651150520109483,0.032,0.0303315017762062,0.024,0.021908902300206645,0.0368,0.015849290204927157,0.0536,0.018022208521710097,3.9582028393522988,0.07303547166676341,33.75936,31.99912774386202,12.65976,11.556726874336002,7.7646528,3.3441368360788113,5.6546928,1.9013069546233718
robustness_alt_test,uptake(mmol/g) CO2 at 0.15 bar,29,2000,enriched_interpretable | hgb,enriched_interpretable,hgb,5,0.44254835039817975,0.024848238325238275,0.028000000000000004,0.04381780460041329,0.048,0.03114482300479487,0.11440000000000002,0.04687003307018248,0.16640000000000002,0.028649607327151973,8.852477411889868,0.497049572778913,29.539440000000003,46.226907497344015,25.31952,16.42858268679925,24.1379424,9.889389497676223,17.5548672,3.0224762737998794
robustness_alt_test,uptake(mmol/g) CO2 at 0.15 bar,29,2000,enriched_interpretable | mlp,enriched_interpretable,mlp,5,0.4161547212741752,0.01173925710343603,0.02,0.01414213562373095,0.026000000000000002,0.011401754250991379,0.072,0.022803508501982758,0.136,0.011224972160321823,8.324514748764303,0.23482520779262306,21.0996,14.919670240323677,13.71474,6.014311349855443,15.191712,4.811449079884354,14.347728,1.1842121129696315
robustness_alt_test,uptake(mmol/g) CO2 at 0.15 bar,29,2000,enriched_interpretable | rf,enriched_interpretable,rf,5,0.4489950701554797,0.01683791298770824,0.04,0.04,0.064,0.02073644135332772,0.1296,0.03106122985330748,0.17519999999999997,0.017697457444503153,8.981433809492378,0.3368157270339864,42.1992,42.1992,33.75936,10.93826544946684,27.345081600000004,6.553795254128465,18.4832496,1.8670463654801934
robustness_alt_test,uptake(mmol/g) CO2 at 0.15 bar,29,2000,enriched_interpretable | ridge,enriched_interpretable,ridge,5,0.2776640121350019,0.004624293115364122,0.004,0.00894427190999916,0.012,0.008366600265340755,0.0344,0.0035777087639996636,0.0548,0.005403702434442517,5.554227901444525,0.09250164487764219,4.21992,9.436027979610913,6.329879999999999,4.413297973964594,7.2582624,0.7548822383688728,5.7812904000000005,0.5700797994288166
robustness_alt_test,uptake(mmol/g) CO2 at 0.15 bar,29,2000,geometry_only | hgb,geometry_only,hgb,5,0.4148653773227152,0.01860299216747977,0.027999999999999997,0.01788854381999832,0.046000000000000006,0.021908902300206645,0.1016,0.02765501762790977,0.1548,0.025400787389370433,8.2987234692438,0.37212333479044013,29.539440000000003,18.872055959221825,24.26454,11.556726874336002,21.4371936,5.83509809941845,16.3310904,2.6797322680038023
robustness_alt_test,uptake(mmol/g) CO2 at 0.15 bar,29,2000,geometry_only | mlp,geometry_only,mlp,5,0.35426621160409555,0.029728674673591346,0.008,0.010954451150103323,0.034,0.019493588689617928,0.054400000000000004,0.02475479751482528,0.0868,0.013311649033834985,7.0865333317802195,0.5946749565253204,8.43984,11.556726874336002,17.93466,10.28267309788656,11.478182400000001,5.223163256438076,9.1572264,1.4043523497715233
robustness_alt_test,uptake(mmol/g) CO2 at 0.15 bar,29,2000,geometry_only | rf,geometry_only,rf,5,0.4316268486916951,0.011808876155709863,0.039999999999999994,0.03162277660168379,0.062,0.031144823004794875,0.1336,0.03131772660970141,0.17519999999999997,0.02520317440323738,8.634010103010324,0.23621782644578707,42.1992,33.361396859244365,32.70438,16.42858268679925,28.189065600000003,6.60791504374056,18.4832496,2.658884493192737
robustness_alt_test,uptake(mmol/g) CO2 at 0.15 bar,29,2000,geometry_only | ridge,geometry_only,ridge,5,0.1838452787258248,0.001746054521535276,0.0,0.0,0.0,0.0,0.004,0.0,0.004399999999999999,0.001673320053068151,3.6775330328056626,0.03492704966115439,0.0,0.0,0.0,0.0,0.8439840000000001,0.0,0.4641912,0.17653191895858386
robustness_alt_test,uptake(mmol/g) CO2 at 0.15 bar,29,2000,geometry_plus_topology | hgb,geometry_plus_topology,hgb,5,0.4698521046643913,0.02219321181403038,0.032,0.05215361924162119,0.044,0.029664793948382655,0.11520000000000001,0.037884033576165044,0.16479999999999997,0.018033302526159763,9.398645684088729,0.44393998103082605,33.75936,55.02102522752552,23.20956,15.647882159832365,24.3067392,7.993379548436519,17.3860704,1.902477349904803
robustness_alt_test,uptake(mmol/g) CO2 at 0.15 bar,29,2000,geometry_plus_topology | mlp,geometry_plus_topology,mlp,5,0.4666666666666667,0.006839618870319662,0.024,0.026076809620810593,0.030000000000000006,0.03391164991562634,0.0696,0.04813314866077224,0.12719999999999998,0.036072149922065914,9.334926052332197,0.1368157208155072,25.31952,27.510512613762764,15.824700000000002,17.88805621399374,14.685321600000004,10.1559018348283,13.4193456,3.80553967247811
robustness_alt_test,uptake(mmol/g) CO2 at 0.15 bar,29,2000,geometry_plus_topology | rf,geometry_plus_topology,rf,5,0.4797876374668183,0.02030397141936353,0.028000000000000004,0.033466401061363026,0.046,0.027018512172212593,0.1256,0.002190890230020666,0.1784,0.011436782764396636,9.597390249805537,0.40614872521805323,29.539440000000003,35.30638379171676,24.26454,14.25199498572042,26.5010976,0.46226907497343955,18.820843200000002,1.2065577080783159
robustness_alt_test,uptake(mmol/g) CO2 at 0.15 bar,29,2000,geometry_plus_topology | ridge,geometry_plus_topology,ridge,5,0.3934015927189988,0.015901436462582453,0.024,0.01673320053068151,0.024,0.013416407864998738,0.0336,0.012198360545581525,0.064,0.008717797887081345,7.8693745219319196,0.31808300036585613,25.31952,17.653191895858377,12.659759999999999,7.077020984708184,7.089465600000001,2.57380528167552,6.7518720000000005,0.9197102414913081
robustness_alt_test,uptake(mmol/g) CO2 at 0.15 bar,29,2000,topology_only | hgb,topology_only,hgb,5,0.2031095942358741,0.003334107643584865,0.0,0.0,0.002,0.00447213595499958,0.0168,0.013386560424545208,0.035199999999999995,0.01331164903383499,4.062885091523748,0.06669353207867205,0.0,0.0,1.05498,2.359006994902728,3.5447328000000007,2.8245107033373413,3.7135296,1.4043523497715236
robustness_alt_test,uptake(mmol/g) CO2 at 0.15 bar,29,2000,topology_only | mlp,topology_only,mlp,5,0.19598028062191883,0.007350391439774502,0.0,0.0,0.0,0.0,0.0128,0.015336231610144652,0.0308,0.014532721699667961,3.9202744871162674,0.14703291545569402,0.0,0.0,0.0,0.0,2.7007488000000004,3.235883524814081,3.2493384000000005,1.5331730738715705
robustness_alt_test,uptake(mmol/g) CO2 at 0.15 bar,29,2000,topology_only | rf,topology_only,rf,5,0.2006825938566553,0.005956270942069646,0.024,0.021908902300206645,0.024,0.01816590212458495,0.024,0.014966629547095767,0.04159999999999999,0.014518953130305228,4.014336800661627,0.11914574741116106,25.31952,23.113453748672004,12.65976,9.582331711697314,5.063903999999999,3.1578989679190186,4.3887168,1.5317205173409412
robustness_alt_test,uptake(mmol/g) CO2 at 0.15 bar,29,2000,topology_only | ridge,topology_only,ridge,5,0.19962078119074705,0.004999363973508382,0.028000000000000004,0.026832815729997475,0.028000000000000004,0.01788854381999832,0.029599999999999998,0.01711139970896595,0.0432,0.013827508813954885,3.993096923409449,0.10000434214584517,29.539440000000003,28.308083938832738,14.769719999999998,9.43602797961091,6.245481600000001,3.61043689299298,4.5575136,1.4587745248546125
robustness_alt_test,uptake(mmol/g) CO2 at 0.15 bar,29,5000,enriched_interpretable | hgb,enriched_interpretable,hgb,5,0.48668941979522184,0.009869164957266717,0.048,0.03346640106136302,0.076,0.045607017003965515,0.1512,0.04357981183988752,0.194,0.02379075450674064,9.735449451944694,0.19741698230218485,50.63904,35.306383791716755,40.089240000000004,24.057245399421767,31.902595200000007,9.195165978968907,20.466612,2.5098770189521233
robustness_alt_test,uptake(mmol/g) CO2 at 0.15 bar,29,5000,enriched_interpretable | mlp,enriched_interpretable,mlp,5,0.4413348502085704,0.017864385917860943,0.004,0.00894427190999916,0.013999999999999999,0.011401754250991379,0.0784,0.01283744522870497,0.15,0.011916375287812983,8.828203266458809,0.3573486889576207,4.21992,9.436027979610913,7.384860000000001,6.014311349855443,16.5420864,2.708649593475834,15.824700000000002,1.2571537601136948
robustness_alt_test,uptake(mmol/g) CO2 at 0.15 bar,29,5000,enriched_interpretable | rf,enriched_interpretable,rf,5,0.49025407660219944,0.014520664052927542,0.076,0.06693280212272604,0.098,0.06572670690061994,0.1648,0.035485208185947,0.2144,0.01925616784305745,9.806754754148434,0.29046283963893654,80.17848,70.61276758343352,51.69402,34.670180623008015,34.7721408,7.487236986402073,22.618771200000005,2.031487195106875
robustness_alt_test,uptake(mmol/g) CO2 at 0.15 bar,29,5000,enriched_interpretable | ridge,enriched_interpretable,ridge,5,0.27773985589685246,0.0063659080979122686,0.004,0.00894427190999916,0.004,0.005477225575051661,0.029599999999999998,0.0021908902300206644,0.0524,0.0026076809620810587,5.555745035533967,0.12733988860704368,4.21992,9.436027979610913,2.10996,2.889181718584,6.2454816,0.46226907497344,5.5280952,0.27510512613762755
robustness_alt_test,uptake(mmol/g) CO2 at 0.15 bar,29,5000,geometry_only | hgb,geometry_only,hgb,5,0.4433067880166856,0.008471106523962319,0.04,0.04898979485566356,0.07600000000000001,0.0661815684310972,0.1504,0.0447749930206583,0.19119999999999998,0.028021420377989412,8.867648752784282,0.16945104210560855,42.1992,51.68325377682795,40.089240000000004,34.910115531719455,31.7337984,9.44734442738682,20.1712176,2.9562038070371273
robustness_alt_test,uptake(mmol/g) CO2 at 0.15 bar,29,5000,geometry_only | mlp,geometry_only,mlp,5,0.38460371634433066,0.038681619762925175,0.012,0.010954451150103323,0.034,0.015165750888103102,0.04479999999999999,0.01584929020492716,0.09040000000000001,0.02543226297441893,7.693386967556731,0.7737644144385818,12.65976,11.556726874336002,17.93466,7.999781935965505,9.452620800000002,3.3441368360788113,9.5370192,2.6830528792752486
robustness_alt_test,uptake(mmol/g) CO2 at 0.15 bar,29,5000,geometry_only | rf,geometry_only,rf,5,0.45369738339021615,0.009201820789141063,0.06799999999999999,0.09121403400793104,0.096,0.07569676347110225,0.1728,0.04877704378086068,0.2092,0.02617632518135424,9.075496123037738,0.1840678213145248,71.73864,96.22898159768708,50.63904,39.92928576337172,36.46010880000001,10.291761129586483,22.0701816,2.7615499539825104
robustness_alt_test,uptake(mmol/g) CO2 at 0.15 bar,29,5000,geometry_only | ridge,geometry_only,ridge,5,0.18384527872582482,0.000822126787587365,0.0,0.0,0.0,0.0,0.004,0.0,0.006,0.0,3.6775330328056626,0.016445341645220345,0.0,0.0,0.0,0.0,0.8439840000000001,0.0,0.6329880000000001,0.0
robustness_alt_test,uptake(mmol/g) CO2 at 0.15 bar,29,5000,geometry_plus_topology | hgb,geometry_plus_topology,hgb,5,0.5191505498672735,0.013372504878654094,0.048,0.04604345773288536,0.066,0.03577708763999664,0.1672,0.04208562700020043,0.21680000000000002,0.020620378270051205,10.384782842225562,0.26749573752147293,50.63904,48.57492703903939,34.81434,18.872055959221825,35.2785312,8.879898954534292,22.871966399999998,2.175408666733862
robustness_alt_test,uptake(mmol/g) CO2 at 0.15 bar,29,5000,geometry_plus_topology | mlp,geometry_plus_topology,mlp,5,0.48395904436860065,0.009138307824898951,0.024,0.021908902300206645,0.028000000000000004,0.013038404810405297,0.0744,0.008294576541331084,0.15200000000000002,0.014212670403551899,9.680832624724806,0.1827973452618862,25.31952,23.113453748672004,14.769720000000001,6.87762815344069,15.698102400000002,1.7501224719146944,16.035696,1.499408302233918
robustness_alt_test,uptake(mmol/g) CO2 at 0.15 bar,29,5000,geometry_plus_topology | rf,geometry_plus_topology,rf,5,0.5119453924914676,0.009442472201735861,0.064,0.06693280212272604,0.078,0.06260990336999411,0.1736,0.040159681273635624,0.2224,0.01888915032498816,10.24065510372864,0.1888816709022999,67.51872,70.61276758343351,41.144220000000004,33.026097928638194,36.62890560000001,8.473532110012023,23.462755200000004,1.992767580985601
robustness_alt_test,uptake(mmol/g) CO2 at 0.15 bar,29,5000,geometry_plus_topology | ridge,geometry_plus_topology,ridge,5,0.39590443686006827,0.00800861284867003,0.008,0.010954451150103323,0.018,0.013038404810405297,0.027999999999999997,0.011661903789690599,0.058399999999999994,0.0074027022093287025,7.919439946883481,0.1601995901230548,8.43984,11.556726874336002,9.49482,6.877628153440691,5.907888,2.460615052009558,6.1610832,0.7809702776797596
robustness_alt_test,uptake(mmol/g) CO2 at 0.15 bar,29,5000,topology_only | hgb,topology_only,hgb,5,0.20189609404626468,0.0035023890448293744,0.0,0.0,0.002,0.00447213595499958,0.0088,0.005215361924162119,0.026000000000000002,0.0054772255750516596,4.038610946092687,0.07005973444281571,0.0,0.0,1.05498,2.359006994902728,1.8567648,1.1004205045505107,2.742948,0.5778363437168001
robustness_alt_test,uptake(mmol/g) CO2 at 0.15 bar,29,5000,topology_only | mlp,topology_only,mlp,5,0.19901403109594235,0.004647558194874037,0.012,0.02683281572999748,0.01,0.017320508075688773,0.016,0.010198039027185569,0.0316,0.010807404868885036,3.9809598506939183,0.09296702587084198,12.65976,28.30808393883274,5.2749,9.13639480484507,3.3759360000000003,2.1517454425800464,3.3337368000000005,1.1401595988576338
robustness_alt_test,uptake(mmol/g) CO2 at 0.15 bar,29,5000,topology_only | rf,topology_only,rf,5,0.1962078119074706,0.003052652529009962,0.016,0.026076809620810593,0.02,0.01870828693386971,0.017599999999999998,0.01512613632095123,0.032799999999999996,0.009859006035092991,3.9248258893845915,0.061063469189513296,16.87968,27.51051261376276,10.5498,9.86843427474693,3.7135296,3.191554259175426,3.4603344,1.04010541869024
robustness_alt_test,uptake(mmol/g) CO2 at 0.15 bar,29,5000,topology_only | ridge,topology_only,ridge,5,0.2013651877133106,0.004438642362806077,0.02,0.0282842712474619,0.016,0.021908902300206645,0.019200000000000002,0.01729739864835172,0.0356,0.011523888232710349,4.027991007466598,0.08878799620616531,21.0996,29.83934048064736,8.43984,11.556726874336002,4.0511232,3.6496819252076205,3.7557288,1.2157471607744763
robustness_alt_test,uptake(mmol/g) CO2 at 0.15 bar,29,10000,enriched_interpretable | hgb,enriched_interpretable,hgb,5,0.5202123625331817,0.004747056146616926,0.148,0.06418722614352486,0.15,0.025495097567963927,0.21359999999999996,0.03232336616133908,0.2448,0.017005881335585053,10.40602271947774,0.09495732448915258,156.13704,67.71623983689585,79.1235,13.448409016125291,45.06874560000001,6.8201009665779,25.825910400000005,1.794086469141552
robustness_alt_test,uptake(mmol/g) CO2 at 0.15 bar,29,10000,enriched_interpretable | mlp,enriched_interpretable,mlp,5,0.45437997724687146,0.010479758278266842,0.024,0.026076809620810593,0.022,0.019235384061671346,0.08800000000000001,0.013266499161421596,0.15320000000000003,0.019421637418096344,9.08915032984271,0.20963093265843694,25.319519999999997,27.510512613762764,11.604780000000002,10.146472738691019,18.567648,2.7991782570633115,16.162293600000005,2.0489439043343287
robustness_alt_test,uptake(mmol/g) CO2 at 0.15 bar,29,10000,enriched_interpretable | rf,enriched_interpretable,rf,5,0.5197572999620781,0.011321444019473036,0.184,0.026076809620810593,0.15200000000000002,0.01923538406167135,0.22799999999999998,0.03072458299147445,0.2468,0.022742031571519716,10.39691991494109,0.22646752013014176,194.11632,27.510512613762764,80.17848,10.146472738691019,48.107088000000005,6.482764112869145,26.036906400000003,2.399238846732188
robustness_alt_test,uptake(mmol/g) CO2 at 0.15 bar,29,10000,enriched_interpretable | ridge,enriched_interpretable,ridge,5,0.27993932499051954,0.0022498895675678813,0.0,0.0,0.0,0.0,0.032,0.003999999999999998,0.052000000000000005,0.004472135954999581,5.599741924127764,0.045005470155342585,0.0,0.0,0.0,0.0,6.7518720000000005,0.8439839999999998,5.485896,0.4718013989805456
robustness_alt_test,uptake(mmol/g) CO2 at 0.15 bar,29,10000,geometry_only | hgb,geometry_only,hgb,5,0.4667425104285172,0.005840462133690846,0.144,0.05176871642217914,0.138,0.03114482300479488,0.20400000000000001,0.02135415650406262,0.2132,0.014184498581197717,9.336443186421636,0.11682917599167919,151.91712,54.61496045107055,72.79362,16.428582686799253,43.04318400000001,4.5056416057311965,22.492173600000005,1.4964362313191975
robustness_alt_test,uptake(mmol/g) CO2 at 0.15 bar,29,10000,geometry_only | mlp,geometry_only,mlp,5,0.4508911642017444,0.01535016658931293,0.0,0.0,0.022000000000000002,0.016431676725154984,0.0864,0.026922109872742142,0.1476,0.021697926168184833,9.01936216172841,0.30705572143332166,0.0,0.0,11.60478,8.667545155752002,18.230054400000004,5.680457494709102,15.571504800000003,2.2890878148911638
robustness_alt_test,uptake(mmol/g) CO2 at 0.15 bar,29,10000,geometry_only | rf,geometry_only,rf,5,0.47956010618126654,0.0077373648403531925,0.156,0.047749345545253286,0.148,0.021679483388678797,0.2088,0.0214289523775662,0.23359999999999997,0.022289010745208056,9.592838847537212,0.15477370419559755,164.57688000000002,50.37460456333131,78.06851999999999,11.43571069269418,44.055964800000005,4.5214232358569575,24.6443328,2.3514460555979597
robustness_alt_test,uptake(mmol/g) CO2 at 0.15 bar,29,10000,geometry_only | ridge,geometry_only,ridge,5,0.18354190367842244,0.0008893469396707306,0.0,0.0,0.0,0.0,0.004,0.0,0.006,0.0,3.6714644964478977,0.0177899741072019,0.0,0.0,0.0,0.0,0.8439840000000001,0.0,0.6329880000000001,0.0
robustness_alt_test,uptake(mmol/g) CO2 at 0.15 bar,29,10000,geometry_plus_topology | hgb,geometry_plus_topology,hgb,5,0.5465301478953356,0.006381701620921515,0.132,0.06870225614927067,0.168,0.03563705936241092,0.2344,0.028927495570823285,0.2536,0.012759310326189264,10.932468248513864,0.1276558129700376,139.25736,72.47950619235758,88.61832,18.798192443078136,49.45746240000001,6.103585855461431,26.7542928,1.3460817207923146
robustness_alt_test,uptake(mmol/g) CO2 at 0.15 bar,29,10000,geometry_plus_topology | mlp,geometry_plus_topology,mlp,5,0.514448236632537,0.008964334815073097,0.06000000000000001,0.01414213562373095,0.057999999999999996,0.019235384061671346,0.11199999999999999,0.018761663039293722,0.2012,0.010825894882179483,10.2907205286802,0.17931729130083052,63.29880000000001,14.919670240323677,30.594419999999996,10.146472738691017,23.631552000000006,3.958635854638817,21.2261976,1.1421102582801708
robustness_alt_test,uptake(mmol/g) CO2 at 0.15 bar,29,10000,geometry_plus_topology | rf,geometry_plus_topology,rf,5,0.538187334091771,0.007727135761516905,0.12,0.05099019513592785,0.132,0.038987177379235856,0.21919999999999998,0.02439672109116305,0.256,0.016431676725154998,10.765583498675323,0.15456908770733988,126.59760000000001,53.79363606450116,69.62868,20.56534619577312,46.25032320000001,5.147610563351039,27.007488000000002,1.733509031150402
robustness_alt_test,uptake(mmol/g) CO2 at 0.15 bar,29,10000,geometry_plus_topology | ridge,geometry_plus_topology,ridge,5,0.3992415623814941,0.0058466145236129845,0.024,0.01673320053068151,0.026000000000000002,0.008944271909999156,0.028000000000000004,0.0028284271247461905,0.0636,0.007127411872482183,7.986193846818898,0.1169522447880398,25.319519999999997,17.65319189585838,13.71474,4.718013989805455,5.907888,0.5967868096129471,6.709672800000002,0.7519276977231254
robustness_alt_test,uptake(mmol/g) CO2 at 0.15 bar,29,10000,topology_only | hgb,topology_only,hgb,5,0.2,0.004115878210455858,0.0,0.0,0.004,0.005477225575051661,0.0112,0.006572670690061994,0.029200000000000004,0.006099180272790763,4.000682593856655,0.08233161157502329,0.0,0.0,2.10996,2.889181718584,2.3631552000000005,1.3868072249203203,3.0805416,0.64345132041888
robustness_alt_test,uptake(mmol/g) CO2 at 0.15 bar,29,10000,topology_only | mlp,topology_only,mlp,5,0.20121350018960943,0.0019074366841045568,0.012,0.01788854381999832,0.026000000000000002,0.025099800796022267,0.027200000000000002,0.019473058311420936,0.04,0.01341640786499874,4.024956739287715,0.038155243704903766,12.65976,18.872055959221825,13.71474,13.239893921893787,5.739091200000001,4.1087374114765725,4.21992,1.415404196941637
robustness_alt_test,uptake(mmol/g) CO2 at 0.15 bar,29,10000,topology_only | rf,topology_only,rf,5,0.19992415623814944,0.001806769700352156,0.024,0.026076809620810597,0.034,0.013416407864998738,0.0312,0.01073312629199899,0.0424,0.007797435475847172,3.9991654597672137,0.03614156045653233,25.31952,27.510512613762764,17.93466,7.077020984708184,6.583075200000001,2.264646715106619,4.4731152000000005,0.8226138478309251
robustness_alt_test,uptake(mmol/g) CO2 at 0.15 bar,29,10000,topology_only | ridge,topology_only,ridge,5,0.20037921880925294,0.005872384174152259,0.02,0.0282842712474619,0.042,0.00447213595499958,0.0392,0.0017888543819998336,0.0452,0.0030331501776206192,4.008268264303862,0.11746772574985109,21.0996,29.83934048064736,22.15458,2.3590069949027295,8.2710432,0.37744111918443646,4.7685096,0.3199912774386202
robustness_alt_test,uptake(mmol/g) CO2 at 0.15 bar,29,20000,enriched_interpretable | hgb,enriched_interpretable,hgb,5,0.5386423966628745,0.007889209631518176,0.156,0.07127411872482184,0.16599999999999998,0.02302172886644268,0.2264,0.012837445228704971,0.25680000000000003,0.010353743284435836,10.774686303211968,0.15781111826050503,164.57688000000002,75.19276977231254,87.56334,12.14373175975985,47.769494400000006,2.708649593475834,27.091886400000003,1.0922992090214116
robustness_alt_test,uptake(mmol/g) CO2 at 0.15 bar,29,20000,enriched_interpretable | mlp,enriched_interpretable,mlp,5,0.4750094804702313,0.00679743765473932,0.016,0.01673320053068151,0.030000000000000006,0.02449489742783178,0.10400000000000001,0.021725560982400433,0.18000000000000002,0.02097617696340303,9.501810802170736,0.13597195254070701,16.87968,17.65319189585838,15.824700000000002,12.920813444206985,21.943584,4.584006465042562,18.98964,2.2129447172850933
robustness_alt_test,uptake(mmol/g) CO2 at 0.15 bar,29,20000,enriched_interpretable | rf,enriched_interpretable,rf,5,0.5397800530906334,0.007511021830999048,0.2,0.05099019513592786,0.186,0.028809720581775874,0.2592,0.013682105101189668,0.2884,0.026168683574073807,10.79744331455359,0.15024607150677585,210.996,53.79363606450117,98.11314,15.19683950968096,54.69016320000001,2.8868694479306147,30.4256232,2.7607437796976373
robustness_alt_test,uptake(mmol/g) CO2 at 0.15 bar,29,20000,enriched_interpretable | ridge,enriched_interpretable,ridge,5,0.27789154342055367,0.0030970825922025493,0.0,0.0,0.0,0.0,0.028000000000000004,0.0028284271247461905,0.05,0.0028284271247461905,5.558779303712851,0.061952222091806,0.0,0.0,0.0,0.0,5.907888000000001,0.5967868096129471,5.274900000000001,0.29839340480647353
robustness_alt_test,uptake(mmol/g) CO2 at 0.15 bar,29,20000,geometry_only | hgb,geometry_only,hgb,5,0.4883579825559347,0.004260097586646522,0.172,0.057619441163551735,0.15999999999999998,0.03391164991562634,0.2224,0.01402854233340015,0.23679999999999998,0.00460434577328853,9.768826401912403,0.08521649131513746,181.45656000000002,60.78735803872381,84.39840000000001,17.888056213993742,46.9255104,2.9599663181780973,24.9819264,0.4857492703903932
robustness_alt_test,uptake(mmol/g) CO2 at 0.15 bar,29,20000,geometry_only | mlp,geometry_only,mlp,5,0.4675009480470232,0.0011810702694271958,0.004,0.00894427190999916,0.036,0.01341640786499874,0.1264,0.017798876369029593,0.19040000000000004,0.017458522274236155,9.351614527316048,0.02362543634509512,4.21992,9.436027979610913,18.98964,7.077020984708184,26.669894399999997,3.7554917183597682,20.086819200000004,1.841839182887365
robustness_alt_test,uptake(mmol/g) CO2 at 0.15 bar,29,20000,geometry_only | rf,geometry_only,rf,5,0.49844520288206295,0.006933588424391351,0.20400000000000001,0.03286335345030997,0.19,0.04183300132670378,0.2352,0.019057806799314556,0.2696,0.01904730952129459,9.97060523580809,0.13869543261214207,215.21592,34.67018062300801,100.2231,22.06648986982298,49.62625919999999,4.021121003428175,28.442260800000003,2.0094530598775373
robustness_alt_test,uptake(mmol/g) CO2 at 0.15 bar,29,20000,geometry_only | ridge,geometry_only,ridge,5,0.18331437239287068,0.0008308267842323428,0.0,0.0,0.0,0.0,0.004,0.0,0.006,0.0,3.6669130941795736,0.016619371270941107,0.0,0.0,0.0,0.0,0.8439840000000001,0.0,0.6329880000000001,0.0
robustness_alt_test,uptake(mmol/g) CO2 at 0.15 bar,29,20000,geometry_plus_topology | hgb,geometry_plus_topology,hgb,5,0.5632157755024649,0.0029300635225000854,0.16399999999999998,0.06841052550594828,0.188,0.04207136793592526,0.2528,0.01863330351816339,0.27480000000000004,0.005761944116355179,11.266237748190944,0.05861127066680166,173.01672000000002,72.17173619826531,99.16812,22.192225872521217,53.33978880000001,3.931552509118404,28.990850400000006,0.6078735803872393
robustness_alt_test,uptake(mmol/g) CO2 at 0.15 bar,29,20000,geometry_plus_topology | mlp,geometry_plus_topology,mlp,5,0.5208191126279863,0.013865102631906415,0.06000000000000001,0.02,0.076,0.02302172886644268,0.1376,0.028927495570823275,0.2132,0.015594870951694342,10.418159792193268,0.2773493738075205,63.29879999999999,21.0996,40.089240000000004,12.143731759759849,29.033049600000005,6.103585855461427,22.492173600000005,1.64522769566185
robustness_alt_test,uptake(mmol/g) CO2 at 0.15 bar,29,20000,geometry_plus_topology | rf,geometry_plus_topology,rf,5,0.5607129313613956,0.008409770271667394,0.2,0.060000000000000005,0.182,0.05403702434442518,0.2624,0.019718012070185982,0.29159999999999997,0.005176871642217919,11.216172323239382,0.16822410772096436,210.996,63.2988,96.00318,28.503989971440838,55.3653504,4.16042167476096,30.7632168,0.546149604510706
robustness_alt_test,uptake(mmol/g) CO2 at 0.15 bar,29,20000,geometry_plus_topology | ridge,geometry_plus_topology,ridge,5,0.4026545316647706,0.0033748343513518415,0.028000000000000004,0.01788854381999832,0.027999999999999997,0.010954451150103323,0.0264,0.004560701700396553,0.0644,0.00497995983919549,8.054464880843755,0.06750820523301411,29.539439999999995,18.872055959221825,14.769720000000001,5.778363437168001,5.5702944,0.9622898159768709,6.7940712,0.5253758031154461
robustness_alt_test,uptake(mmol/g) CO2 at 0.15 bar,29,20000,topology_only | hgb,topology_only,hgb,5,0.20166856276071293,0.006111190825373485,0.004,0.00894427190999916,0.004,0.005477225575051661,0.008,0.00282842712474619,0.0264,0.0026076809620810587,4.034059543824363,0.12224467381404104,4.21992,9.436027979610913,2.10996,2.889181718584,1.6879680000000001,0.5967868096129473,2.7851472,0.2751051261376275
robustness_alt_test,uptake(mmol/g) CO2 at 0.15 bar,29,20000,topology_only | mlp,topology_only,mlp,5,0.19908987485779295,0.006611905868093552,0.016,0.021908902300206645,0.022,0.020493901531919198,0.0264,0.01888915032498815,0.038400000000000004,0.013371611720357425,3.9824769847833594,0.1322606835935026,16.87968,23.113453748672004,11.60478,10.810328119072057,5.5702944,3.9855351619712005,4.051123200000001,1.4106782932742676
robustness_alt_test,uptake(mmol/g) CO2 at 0.15 bar,29,20000,topology_only | rf,topology_only,rf,5,0.19924156238149413,0.00183049198121307,0.012,0.01788854381999832,0.036000000000000004,0.008944271909999158,0.03760000000000001,0.003577708763999664,0.0516,0.0026076809620810583,3.9855112529622425,0.03661608703716645,12.65976,18.872055959221825,18.989639999999998,4.718013989805456,7.9334496,0.7548822383688728,5.443696800000001,0.2751051261376273
robustness_alt_test,uptake(mmol/g) CO2 at 0.15 bar,29,20000,topology_only | ridge,topology_only,ridge,5,0.2044747819491847,0.0035105913723270724,0.036,0.026076809620810593,0.032,0.01788854381999832,0.0392,0.004381780460041328,0.0496,0.002607680962081059,4.090193505133691,0.07022380898706142,37.97928,27.510512613762764,16.87968,9.43602797961091,8.2710432,0.9245381499468803,5.232700800000001,0.2751051261376273
robustness_alt_test,uptake(mmol/g) CO2 at 0.15 bar,29,40000,enriched_interpretable | hgb,enriched_interpretable,hgb,5,0.5605612438376945,0.004866723466713883,0.176,0.026076809620810597,0.19,0.03674234614174767,0.2784,0.01930802941783546,0.2924,0.01268069398731788,11.2131380550605,0.09735107931197966,185.67648,27.510512613762764,100.2231,19.381220166310477,58.741286400000014,4.07391697504561,30.8476152,1.3377878542740602
robustness_alt_test,uptake(mmol/g) CO2 at 0.15 bar,29,40000,enriched_interpretable | mlp,enriched_interpretable,mlp,5,0.4955631399317406,0.006460090085711766,0.02,0.01414213562373095,0.05,0.007071067811865474,0.14400000000000002,0.016000000000000004,0.2068,0.023941595602632666,9.912954140409322,0.12922384980326493,21.0996,14.919670240323677,26.3745,3.72991756008092,30.383424,3.3759360000000003,21.8169864,2.525790452886542
robustness_alt_test,uptake(mmol/g) CO2 at 0.15 bar,29,40000,enriched_interpretable | rf,enriched_interpretable,rf,5,0.5622298065984073,0.008566484913318176,0.256,0.04335896677735761,0.248,0.026832815729997468,0.3016,0.016149303390549073,0.31720000000000004,0.009757048734120383,11.24651500502821,0.1713589354162385,270.07488,45.74284277077672,130.81752,14.154041969416362,63.6363936,3.4074384181922888,33.46396560000001,1.0293491273522306
robustness_alt_test,uptake(mmol/g) CO2 at 0.15 bar,29,40000,enriched_interpretable | ridge,enriched_interpretable,ridge,5,0.27933257489571484,0.0037116979304488806,0.0,0.0,0.0,0.0,0.0288,0.003346640106136302,0.0504,0.0021908902300206636,5.587604851412235,0.07424662652000288,0.0,0.0,0.0,0.0,6.076684800000001,0.706127675834335,5.317099200000001,0.23113453748671978
robustness_alt_test,uptake(mmol/g) CO2 at 0.15 bar,29,40000,geometry_only | hgb,geometry_only,hgb,5,0.5099734546833523,0.003935480110464791,0.152,0.0867179335547152,0.16999999999999998,0.053851648071345036,0.2432,0.0188467503830236,0.2464,0.009633275663033836,10.201209617403167,0.078723033882028,160.35696,91.48568554155344,89.67330000000001,28.406205841153795,51.314227200000005,3.976588943816447,25.994707200000004,1.016291315898743
robustness_alt_test,uptake(mmol/g) CO2 at 0.15 bar,29,40000,geometry_only | mlp,geometry_only,mlp,5,0.47857413727720893,0.0008044445747287154,0.008,0.010954451150103323,0.048,0.013038404810405297,0.1488,0.013084341787036904,0.2084,0.013446189051177292,9.573116104374478,0.016091637039197942,8.43984,11.556726874336002,25.31952,6.877628153440691,31.396204800000003,2.7607437796976386,21.9857832,1.4185460525211016
robustness_alt_test,uptake(mmol/g) CO2 at 0.15 bar,29,40000,geometry_only | rf,geometry_only,rf,5,0.5176336746302617,0.004893245316861588,0.22799999999999998,0.05761944116355172,0.22399999999999998,0.05224940191045252,0.2712,0.023731835158706124,0.28759999999999997,0.00804984471899923,10.354440160436736,0.09788160683319365,240.53544000000002,60.787358038723795,118.15776000000001,27.561037013744595,57.222115200000005,5.007322291146359,30.341224800000003,0.8492425181649805
robustness_alt_test,uptake(mmol/g) CO2 at 0.15 bar,29,40000,geometry_only | ridge,geometry_only,ridge,5,0.18361774744027307,0.0004944408346759688,0.0,0.0,0.0,0.0,0.004,0.0,0.006,0.0,3.672981630537339,0.009890504204900537,0.0,0.0,0.0,0.0,0.8439840000000001,0.0,0.6329880000000001,0.0
robustness_alt_test,uptake(mmol/g) CO2 at 0.15 bar,29,40000,geometry_plus_topology | hgb,geometry_plus_topology,hgb,5,0.5824800910125142,0.0014440222043731587,0.23199999999999998,0.01788854381999832,0.24,0.009999999999999995,0.3064,0.02475479751482528,0.32480000000000003,0.011454256850621092,11.65158980690903,0.02888537249089146,244.75536000000002,18.872055959221836,126.59760000000001,5.274899999999995,64.6491744,5.223163256438075,34.26575040000001,1.2084011892268225
robustness_alt_test,uptake(mmol/g) CO2 at 0.15 bar,29,40000,geometry_plus_topology | mlp,geometry_plus_topology,mlp,5,0.5384148653773229,0.007833416016512999,0.092,0.010954451150103326,0.1,0.01870828693386971,0.17119999999999996,0.0033466401061362917,0.23399999999999999,0.007615773105863903,10.770134900943646,0.15669505553850716,97.05816,11.55672687433601,52.749,9.868434274746933,36.1225152,0.7061276758343336,24.686532000000003,0.8034488311224296
robustness_alt_test,uptake(mmol/g) CO2 at 0.15 bar,29,40000,geometry_plus_topology | rf,geometry_plus_topology,rf,5,0.5932499051952976,0.003461085842731783,0.24,0.042426406871192854,0.252,0.034205262752974135,0.3144,0.019718012070185996,0.33440000000000003,0.010334408546211041,11.867022847609691,0.06923352943430318,253.19519999999997,44.75901072097103,132.92748,18.042934049566323,66.33714240000002,4.160421674760968,35.278531199999996,1.090259432808174
robustness_alt_test,uptake(mmol/g) CO2 at 0.15 bar,29,40000,geometry_plus_topology | ridge,geometry_plus_topology,ridge,5,0.4033371255214259,0.0012170501733698266,0.027999999999999997,0.010954451150103323,0.027999999999999997,0.004472135954999578,0.0304,0.0035777087639996623,0.0636,0.00779743547584717,8.068119087648725,0.02434515722225445,29.539440000000003,11.556726874336002,14.769720000000001,2.3590069949027286,6.414278400000001,0.7548822383688728,6.7096728,0.822613847830925
robustness_alt_test,uptake(mmol/g) CO2 at 0.15 bar,29,40000,topology_only | hgb,topology_only,hgb,5,0.20485400075843763,0.0052367907003273585,0.044,0.01673320053068151,0.042,0.00447213595499958,0.036000000000000004,0.004,0.0496,0.003286335345030996,4.097779175580898,0.10475368701235022,46.41912,17.65319189585838,22.15458,2.3590069949027295,7.595856,0.8439839999999998,5.2327008,0.3467018062300802
robustness_alt_test,uptake(mmol/g) CO2 at 0.15 bar,29,40000,topology_only | mlp,topology_only,mlp,5,0.20166856276071293,0.004105382966317595,0.03599999999999999,0.021908902300206645,0.04,0.0,0.038400000000000004,0.0021908902300206666,0.054000000000000006,0.003999999999999999,4.034059543824363,0.08212167087231208,37.97928,23.113453748672008,21.0996,0.0,8.102246400000002,0.46226907497344005,5.696892,0.42199199999999987
robustness_alt_test,uptake(mmol/g) CO2 at 0.15 bar,29,40000,topology_only | rf,topology_only,rf,5,0.2020477815699659,0.004792281583443044,0.04,0.02449489742783178,0.04,0.0,0.04159999999999999,0.0035777087639996636,0.0528,0.002280350850198276,4.04164521427157,0.09586198757870201,42.199200000000005,25.841626888413973,21.0996,0.0,8.777433600000002,0.7548822383688732,5.5702944,0.24057245399421773
robustness_alt_test,uptake(mmol/g) CO2 at 0.15 bar,29,40000,topology_only | ridge,topology_only,ridge,5,0.20326128175957528,0.0019336441083021563,0.039999999999999994,0.02,0.04,0.0,0.036800000000000006,0.0033466401061363026,0.0548,0.003633180424916988,4.0659193597026295,0.03867948163398935,42.199200000000005,21.099600000000002,21.0996,0.0,7.7646528,0.706127675834335,5.7812904000000005,0.3832932684678925
robustness_alt_test,uptake(mmol/g) CO2 at 0.15 bar,29,210995,enriched_interpretable | hgb,enriched_interpretable,hgb,5,0.574061433447099,0.0035915845256128892,0.21600000000000003,0.008944271909999154,0.254,0.008944271909999166,0.3,0.006324555320336765,0.31320000000000003,0.004604345773288539,11.483187922981049,0.07184394847992213,227.87568000000002,9.436027979610904,133.98246,4.718013989805459,63.29880000000001,1.334455874369774,33.0419736,0.4857492703903946
robustness_alt_test,uptake(mmol/g) CO2 at 0.15 bar,29,210995,enriched_interpretable | mlp,enriched_interpretable,mlp,5,0.5205915813424347,0.004561672850571294,0.016,0.00894427190999916,0.07,0.019999999999999997,0.188,0.02856571371417139,0.2548,0.018471599822430115,10.413608389924946,0.09124902586074485,16.87968,9.43602797961091,36.9243,10.5498,39.66724800000001,6.027251330835307,26.8808904,1.9487168380667326
robustness_alt_test,uptake(mmol/g) CO2 at 0.15 bar,29,210995,enriched_interpretable | rf,enriched_interpretable,rf,5,0.6007584376185059,0.0018655098788394108,0.344,0.008944271909999142,0.36199999999999993,0.004472135954999583,0.3656,0.007797435475847178,0.38000000000000006,0.0020000000000000018,12.017219122464379,0.03731656450470227,362.91312,9.436027979610893,190.95138,2.3590069949027295,77.14013760000002,1.6452276956618492,40.089240000000004,0.21099600000000152
robustness_alt_test,uptake(mmol/g) CO2 at 0.15 bar,29,210995,enriched_interpretable | ridge,enriched_interpretable,ridge,5,0.279484262419416,0.0,0.0,0.0,0.0,0.0,0.028000000000000004,3.878959614448864e-18,0.05,0.0,5.590639119591116,0.0,0.0,0.0,0.0,0.0,5.907888000000001,0.0,5.274900000000001,0.0
robustness_alt_test,uptake(mmol/g) CO2 at 0.15 bar,29,210995,geometry_only | hgb,geometry_only,hgb,5,0.528782707622298,0.0019813955976659787,0.21200000000000002,0.017888543819998323,0.23000000000000004,0.007071067811865472,0.27840000000000004,0.01431083505599864,0.2812,0.004604345773288514,10.577458871584605,0.039634674395632834,223.65576000000001,18.87205595922182,121.32270000000001,3.729917560080921,58.741286400000014,3.019528953475487,29.666037600000003,0.4857492703903913
robustness_alt_test,uptake(mmol/g) CO2 at 0.15 bar,29,210995,geometry_only | mlp,geometry_only,mlp,5,0.4983693591202124,0.005821965954653102,0.0,0.0,0.068,0.008366600265340758,0.1888,0.013084341787036902,0.256,0.012328828005937964,9.96908810171865,0.11645918928403334,0.0,0.0,35.86932,4.413297973964594,39.8360448,2.760743779697638,27.007488000000002,1.3006666969704435
robustness_alt_test,uptake(mmol/g) CO2 at 0.15 bar,29,210995,geometry_only | rf,geometry_only,rf,5,0.5594235874099354,0.0025068629322773316,0.31200000000000006,0.02280350850198276,0.34800000000000003,0.010954451150103302,0.31920000000000004,0.0052153619241621235,0.324,0.007211102550927985,11.190381043718881,0.050145814491732436,329.15376,24.05724539942178,183.56652000000003,5.778363437167989,67.3499232,1.1004205045505113,34.181352000000004,0.7607568969177994
robustness_alt_test,uptake(mmol/g) CO2 at 0.15 bar,29,210995,geometry_only | ridge,geometry_only,ridge,5,0.1839211224876754,0.0,0.0,0.0,0.0,0.0,0.004,0.0,0.006,0.0,3.6790501668951037,4.965068306494546e-16,0.0,0.0,0.0,0.0,0.8439840000000001,0.0,0.6329880000000001,0.0
robustness_alt_test,uptake(mmol/g) CO2 at 0.15 bar,29,210995,geometry_plus_topology | hgb,geometry_plus_topology,hgb,5,0.6015927189988624,0.0028830607218427503,0.304,0.008944271909999166,0.29600000000000004,0.02073644135332772,0.376,0.008000000000000007,0.3612,0.010059821071967442,12.03390759744823,0.05767105423454111,320.71392,9.436027979610918,156.13703999999998,10.938265449466845,79.334496,1.687968000000005,38.1058776,1.0612910034504224
robustness_alt_test,uptake(mmol/g) CO2 at 0.15 bar,29,210995,geometry_plus_topology | mlp,geometry_plus_topology,mlp,5,0.5755024649222602,0.007036527374477124,0.148,0.0303315017762062,0.19200000000000003,0.0303315017762062,0.296,0.04604345773288536,0.33680000000000004,0.019214577799160713,11.512013470680433,0.1407545629413329,156.13704,31.99912774386202,101.27807999999999,15.999563871931008,62.45481600000001,9.71498540780788,35.531726400000004,2.027099528655858
robustness_alt_test,uptake(mmol/g) CO2 at 0.15 bar,29,210995,geometry_plus_topology | rf,geometry_plus_topology,rf,5,0.6541524459613197,0.0015168752370117791,0.368,0.010954451150103333,0.406,0.008944271909999139,0.43760000000000004,0.007797435475847178,0.42519999999999997,0.006260990336999417,13.085281521431039,0.030342681788826376,388.23264,11.55672687433601,214.16094000000004,4.718013989805444,92.33184960000001,1.6452276956618526,44.857749600000005,0.6605219585727641
robustness_alt_test,uptake(mmol/g) CO2 at 0.15 bar,29,210995,geometry_plus_topology | ridge,geometry_plus_topology,ridge,5,0.40348881304512696,6.206335383118183e-17,0.02,0.0,0.03,0.0,0.028000000000000004,3.878959614448864e-18,0.064,0.0,8.071153355827608,0.0,21.0996,0.0,15.824700000000002,1.9860273225978185e-15,5.907888000000001,0.0,6.7518720000000005,0.0
robustness_alt_test,uptake(mmol/g) CO2 at 0.15 bar,29,210995,topology_only | hgb,topology_only,hgb,5,0.20037921880925294,0.001770590448225818,0.028000000000000004,0.017888543819998316,0.04,0.0,0.041600000000000005,0.003577708763999664,0.0536,0.0026076809620810618,4.008268264303861,0.035417851935329564,29.539439999999995,18.87205595922182,21.0996,0.0,8.7774336,0.7548822383688737,5.6546928,0.27510512613762766
robustness_alt_test,uptake(mmol/g) CO2 at 0.15 bar,29,210995,topology_only | mlp,topology_only,mlp,5,0.20303375047402353,0.004394686266459804,0.052000000000000005,0.01095445115010332,0.04,0.0,0.03919999999999999,0.004381780460041329,0.048799999999999996,0.0033466401061363026,4.061367957434307,0.08790872425843328,54.85896,11.556726874336004,21.0996,0.0,8.271043200000001,0.9245381499468805,5.1483024,0.35306383791716756
robustness_alt_test,uptake(mmol/g) CO2 at 0.15 bar,29,210995,topology_only | rf,topology_only,rf,5,0.2024270003792188,0.0006783672286688731,0.06,0.0,0.04,0.0,0.04,0.0,0.052000000000000005,7.757919228897728e-18,4.049230884718776,0.013569659819891743,63.29880000000001,7.944109290391274e-15,21.0996,0.0,8.43984,0.0,5.485896,0.0
robustness_alt_test,uptake(mmol/g) CO2 at 0.15 bar,29,210995,topology_only | ridge,topology_only,ridge,5,0.20781190747061054,0.0,0.06,0.0,0.04,0.0,0.036,0.0,0.046,0.0,4.156947405069107,0.0,63.29880000000001,7.944109290391274e-15,21.0996,0.0,7.595856,0.0,4.852908,0.0
robustness_alt_test,uptake(mmol/g) CO2 at 0.15 bar,47,500,enriched_interpretable | hgb,enriched_interpretable,hgb,5,0.3737580583996966,0.049440884041034756,0.012,0.010954451150103323,0.03,0.01870828693386971,0.05920000000000001,0.026290682760247975,0.1024,0.03829882504725178,7.476436792766627,0.9889864210392653,12.65976,11.556726874336002,15.824700000000002,9.868434274746932,12.4909632,5.547228899681282,10.802995200000002,4.040449444834969
robustness_alt_test,uptake(mmol/g) CO2 at 0.15 bar,47,500,enriched_interpretable | mlp,enriched_interpretable,mlp,5,0.3253697383390216,0.04053652184524579,0.028000000000000004,0.017888543819998316,0.024,0.021908902300206645,0.0256,0.018676188047886,0.04240000000000001,0.02695922847560739,6.508505243703091,0.8108687868088246,29.539439999999995,18.872055959221825,12.65976,11.556726874336004,5.401497600000001,3.9406009733517555,4.4731152000000005,2.8441446857196278
robustness_alt_test,uptake(mmol/g) CO2 at 0.15 bar,47,500,enriched_interpretable | rf,enriched_interpretable,rf,5,0.39332574895714834,0.026030270756575435,0.008,0.010954451150103323,0.032,0.030331501776206204,0.055200000000000006,0.023392306427541514,0.08839999999999999,0.027618834153526468,7.867857387842477,0.5206942556460359,8.43984,11.556726874336002,16.87968,15.99956387193101,11.6469792,4.93568308698555,9.326023200000002,2.9137317655287354
robustness_alt_test,uptake(mmol/g) CO2 at 0.15 bar,47,500,enriched_interpretable | ridge,enriched_interpretable,ridge,5,0.2627986348122867,0.03225032468857835,0.004,0.00894427190999916,0.014000000000000002,0.008944271909999158,0.0256,0.01614930339054908,0.0508,0.022117866081518806,5.256869619914036,0.6451165631391046,4.21992,9.436027979610913,7.384859999999999,4.718013989805456,5.4014976,3.4074384181922936,5.3592984,2.333390635868071
robustness_alt_test,uptake(mmol/g) CO2 at 0.15 bar,47,500,geometry_only | hgb,geometry_only,hgb,5,0.35707243079256734,0.02706118814491455,0.004,0.00894427190999916,0.02,0.007071067811865475,0.055999999999999994,0.03187475490101845,0.0908,0.03300303016391071,7.142667293089547,0.5413161219021986,4.21992,9.436027979610913,10.5498,3.72991756008092,11.815776000000001,6.72544578509529,9.5792184,3.481753676232252
robustness_alt_test,uptake(mmol/g) CO2 at 0.15 bar,47,500,geometry_only | mlp,geometry_only,mlp,5,0.2206295032233599,0.032074155614478427,0.0,0.0,0.004,0.00894427190999916,0.0056,0.008763560920082658,0.0096,0.007668115805072325,4.413343066184683,0.6415925803974678,0.0,0.0,2.10996,4.718013989805456,1.1815776,1.8490762998937607,1.0127808000000003,0.8089708812035203
robustness_alt_test,uptake(mmol/g) CO2 at 0.15 bar,47,500,geometry_only | rf,geometry_only,rf,5,0.3693591202123625,0.024927688175267033,0.004,0.008944271909999158,0.02,0.007071067811865475,0.064,0.02870540018881465,0.1016,0.03229241396984747,7.388443015579034,0.49863884093938626,4.21992,9.436027979610913,10.5498,3.72991756008092,13.503744000000001,6.056724618239136,10.7185968,3.4067850889909685
robustness_alt_test,uptake(mmol/g) CO2 at 0.15 bar,47,500,geometry_only | ridge,geometry_only,ridge,5,0.17974971558589306,0.006055638764759694,0.0,0.0,0.0,0.0,0.0,0.0,0.008,0.001414213562373095,3.5956077919758336,0.12113344300428854,0.0,0.0,0.0,0.0,0.0,0.0,0.8439840000000001,0.14919670240323676
robustness_alt_test,uptake(mmol/g) CO2 at 0.15 bar,47,500,geometry_plus_topology | hgb,geometry_plus_topology,hgb,5,0.42601441031475157,0.05003935524714133,0.008,0.010954451150103323,0.024,0.01816590212458495,0.055200000000000006,0.021052315787105227,0.1044,0.03614968879534096,8.52174218039167,1.0009578877252396,8.43984,11.556726874336002,12.65976,9.582331711697316,11.6469792,4.441954421816055,11.013991200000001,3.8137198685308813
robustness_alt_test,uptake(mmol/g) CO2 at 0.15 bar,47,500,geometry_plus_topology | mlp,geometry_plus_topology,mlp,5,0.3634433067880167,0.11396600987688577,0.027999999999999997,0.010954451150103323,0.03599999999999999,0.023021728866442673,0.0376,0.020707486568871655,0.06599999999999999,0.033406586176980134,7.270106556602613,2.2797091600287627,29.539440000000003,11.556726874336002,18.98964,12.143731759759849,7.9334496,4.369196836085644,6.962868,3.52432802849905
robustness_alt_test,uptake(mmol/g) CO2 at 0.15 bar,47,500,geometry_plus_topology | rf,geometry_plus_topology,rf,5,0.4489192263936291,0.028148408588817554,0.004,0.008944271909999158,0.018000000000000002,0.01788854381999832,0.06,0.03405877273185281,0.1116,0.044997777722905384,8.979916675402936,0.5630642414302383,4.21992,9.436027979610913,9.49482,9.436027979610913,12.65976,7.186264811330014,11.7735768,4.747175554211073
robustness_alt_test,uptake(mmol/g) CO2 at 0.15 bar,47,500,geometry_plus_topology | ridge,geometry_plus_topology,ridge,5,0.3982555934774365,0.021135113181991187,0.02,0.02449489742783178,0.024,0.011401754250991379,0.0456,0.022018174311236618,0.06080000000000001,0.018952572384771417,7.966471103656161,0.4227743971319124,21.0996,25.841626888413973,12.65976,6.014311349855443,9.621417600000001,4.645746706973681,6.414278400000001,1.999458481448615
robustness_alt_test,uptake(mmol/g) CO2 at 0.15 bar,47,500,topology_only | hgb,topology_only,hgb,5,0.19772468714448238,0.00033918361433443034,0.0,0.0,0.008,0.004472135954999579,0.007200000000000001,0.0017888543819998318,0.0288,0.0026832815729997466,3.9551685711734166,0.006784829909945673,0.0,0.0,4.21992,2.359006994902728,1.5191712000000002,0.3774411191844365,3.0383424000000003,0.2830808393883272
robustness_alt_test,uptake(mmol/g) CO2 at 0.15 bar,47,500,topology_only | mlp,topology_only,mlp,5,0.20037921880925294,0.005042326928659737,0.004,0.00894427190999916,0.006,0.00894427190999916,0.010400000000000001,0.014587666023048377,0.028000000000000004,0.01067707825203131,4.008268264303862,0.1008637478801184,4.21992,9.436027979610913,3.16494,4.718013989805456,2.1943584000000005,3.077939180199115,2.9539440000000003,1.1264104014327994
robustness_alt_test,uptake(mmol/g) CO2 at 0.15 bar,47,500,topology_only | rf,topology_only,rf,5,0.20128934395145998,0.0035208174102192443,0.008,0.010954451150103323,0.008,0.010954451150103323,0.0176,0.013446189051177289,0.034,0.008717797887081347,4.026473873377157,0.07042836464605785,8.43984,11.556726874336002,4.21992,5.778363437168001,3.7135296,2.8370921050422035,3.586932,0.9197102414913081
robustness_alt_test,uptake(mmol/g) CO2 at 0.15 bar,47,500,topology_only | ridge,topology_only,ridge,5,0.20485400075843763,0.002778926198037355,0.012,0.010954451150103323,0.018000000000000002,0.017888543819998316,0.0288,0.017753872816937716,0.0388,0.011099549540409285,4.0977791755808965,0.055588008350501456,12.65976,11.556726874336002,9.49482,9.436027979610913,6.076684800000001,3.745996148882591,4.0933224,1.170980277414099
robustness_alt_test,uptake(mmol/g) CO2 at 0.15 bar,47,1000,enriched_interpretable | hgb,enriched_interpretable,hgb,5,0.40553659461509295,0.03800389311519648,0.012,0.010954451150103323,0.034,0.02302172886644268,0.08719999999999999,0.029175332046096753,0.1292,0.022698017534577772,8.112115976242524,0.7602075684237763,12.65976,11.556726874336002,17.93466,12.143731759759849,18.398851200000003,6.15587836039823,13.630341600000003,2.394595453862886
robustness_alt_test,uptake(mmol/g) CO2 at 0.15 bar,47,1000,enriched_interpretable | mlp,enriched_interpretable,mlp,5,0.33924914675767914,0.05525388527471599,0.024,0.01673320053068151,0.022,0.014832396974191326,0.0304,0.024592681838303036,0.0568,0.03454272716506327,6.786140782070845,1.1052662853075441,25.319519999999997,17.653191895858377,11.60478,7.823941079916183,6.414278400000001,5.188957497154587,5.992286400000001,3.644188630459845
robustness_alt_test,uptake(mmol/g) CO2 at 0.15 bar,47,1000,enriched_interpretable | rf,enriched_interpretable,rf,5,0.4292756920743269,0.02395840692679486,0.02,0.02,0.038,0.029495762407505257,0.0776,0.02127909772523262,0.13520000000000001,0.02524282076155515,8.586978946237645,0.47924990784281485,21.0996,21.0996,20.044620000000002,15.558719712334945,16.3732896,4.489804503633183,14.263329600000002,2.6630671047025456
robustness_alt_test,uptake(mmol/g) CO2 at 0.15 bar,47,1000,enriched_interpretable | ridge,enriched_interpretable,ridge,5,0.2713689799014031,0.02700266934764149,0.004,0.00894427190999916,0.018000000000000002,0.008366600265340755,0.0288,0.004381780460041327,0.0608,0.005761944116355174,5.4283057720209005,0.5401455462338797,4.21992,9.436027979610913,9.494819999999999,4.413297973964595,6.076684800000001,0.92453814994688,6.414278400000001,0.6078735803872383
robustness_alt_test,uptake(mmol/g) CO2 at 0.15 bar,47,1000,geometry_only | hgb,geometry_only,hgb,5,0.38619643534319303,0.03340743376232415,0.004,0.00894427190999916,0.022000000000000002,0.013038404810405298,0.06720000000000001,0.029852973051272463,0.1276,0.026548069609672185,7.725246783434997,0.6682626937917465,4.21992,9.436027979610913,11.60478,6.87762815344069,14.1789312,6.298857901926285,13.461544800000002,2.8007682476811966
robustness_alt_test,uptake(mmol/g) CO2 at 0.15 bar,47,1000,geometry_only | mlp,geometry_only,mlp,5,0.24436860068259386,0.06975286495040421,0.0,0.0,0.008,0.010954451150103323,0.009600000000000001,0.013145341380123987,0.0232,0.026892378102354578,4.888206036179804,1.3952953633935805,0.0,0.0,4.21992,5.778363437168001,2.0255616000000005,2.7736144498406414,2.4475536,2.8370921050422035
robustness_alt_test,uptake(mmol/g) CO2 at 0.15 bar,47,1000,geometry_only | rf,geometry_only,rf,5,0.39833143723928705,0.024799866381685933,0.016,0.01673320053068151,0.022,0.010954451150103323,0.07120000000000001,0.016589153082662178,0.122,0.012961481396815728,7.967988237745603,0.49608196881590855,16.87968,17.653191895858377,11.60478,5.778363437168001,15.0229152,3.5002449438293897,12.870756,1.3674103644012656
robustness_alt_test,uptake(mmol/g) CO2 at 0.15 bar,47,1000,geometry_only | ridge,geometry_only,ridge,5,0.18414865377322714,0.0028200216067619634,0.0,0.0,0.0,0.0,0.0,0.0,0.008400000000000001,0.000894427190999916,3.6836015691634274,0.05641005678236135,0.0,0.0,0.0,0.0,0.0,0.0,0.8861832,0.09436027979610911
robustness_alt_test,uptake(mmol/g) CO2 at 0.15 bar,47,1000,geometry_plus_topology | hgb,geometry_plus_topology,hgb,5,0.44095563139931737,0.037114460843625074,0.004,0.00894427190999916,0.018000000000000002,0.010954451150103323,0.07680000000000001,0.025518620652378532,0.1336,0.020366639388961542,8.820617596011601,0.7424158873873259,4.21992,9.436027979610913,9.494819999999999,5.778363437168001,16.204492800000004,5.384326883169261,14.094532800000001,2.148639722256665
robustness_alt_test,uptake(mmol/g) CO2 at 0.15 bar,47,1000,geometry_plus_topology | mlp,geometry_plus_topology,mlp,5,0.4154721274175198,0.10964657918909265,0.04,0.01414213562373095,0.033999999999999996,0.01140175425099138,0.0632,0.02567489045740994,0.10400000000000001,0.04756048780237646,8.310860541959332,2.1933058041886415,42.1992,14.91967024032368,17.93466,6.0143113498554435,13.334947200000002,5.417299186951667,10.971792000000002,5.017536342175113
robustness_alt_test,uptake(mmol/g) CO2 at 0.15 bar,47,1000,geometry_plus_topology | rf,geometry_plus_topology,rf,5,0.469548729616989,0.024356359451020753,0.012,0.01788854381999832,0.024,0.016733200530681513,0.0792,0.03229860678109816,0.14600000000000002,0.03397057550292606,9.392577147730965,0.48721031652707386,12.65976,18.872055959221825,12.659759999999999,8.82659594792919,16.710883200000005,6.814876836384588,15.402708,3.5838277744076934
robustness_alt_test,uptake(mmol/g) CO2 at 0.15 bar,47,1000,geometry_plus_topology | ridge,geometry_plus_topology,ridge,5,0.4062191884717482,0.01720834621268627,0.027999999999999997,0.0303315017762062,0.022,0.01788854381999832,0.0504,0.020899760764181013,0.0668,0.02027806696901852,8.125770183047496,0.3442256558107652,29.539440000000003,31.99912774386202,11.60478,9.436027979610913,10.634198399999999,4.409765922199137,7.047266400000001,2.1392955090975168
robustness_alt_test,uptake(mmol/g) CO2 at 0.15 bar,47,1000,topology_only | hgb,topology_only,hgb,5,0.19787637466818356,0.0004154133921161562,0.0,0.0,0.006,0.005477225575051661,0.0064,0.0021908902300206644,0.027599999999999996,0.003286335345030996,3.9582028393522988,0.008309685635470219,0.0,0.0,3.16494,2.8891817185840005,1.3503744,0.46226907497344016,2.9117448,0.3467018062300799
robustness_alt_test,uptake(mmol/g) CO2 at 0.15 bar,47,1000,topology_only | mlp,topology_only,mlp,5,0.20326128175957528,0.004414276346918013,0.0,0.0,0.002,0.00447213595499958,0.0088,0.004381780460041329,0.03,0.005099019513592784,4.06591935970263,0.08830059272794016,0.0,0.0,1.05498,2.359006994902728,1.8567648,0.9245381499468803,3.1649400000000005,0.5379363606450116
robustness_alt_test,uptake(mmol/g) CO2 at 0.15 bar,47,1000,topology_only | rf,topology_only,rf,5,0.20227531285551764,0.0044917823647587524,0.008,0.010954451150103323,0.014000000000000002,0.019493588689617928,0.024000000000000004,0.02698147512646408,0.040400000000000005,0.015453155017665489,4.046196616539893,0.08985097761041318,8.43984,11.556726874336002,7.384860000000001,10.28267309788656,5.063904,5.692983325783415,4.262119200000001,1.630276948053674
robustness_alt_test,uptake(mmol/g) CO2 at 0.15 bar,47,1000,topology_only | ridge,topology_only,ridge,5,0.20144103147516118,0.0034276849566861377,0.012,0.010954451150103323,0.02,0.01870828693386971,0.0328,0.025984610830258745,0.046400000000000004,0.014170391667134682,4.02950814155604,0.06856539771719267,12.65976,11.556726874336002,10.549800000000001,9.868434274746932,6.9206688,5.482648946741274,4.8951072,1.4949479800993748
robustness_alt_test,uptake(mmol/g) CO2 at 0.15 bar,47,2000,enriched_interpretable | hgb,enriched_interpretable,hgb,5,0.4558210087220326,0.019812141428739515,0.04,0.08944271909999159,0.06200000000000001,0.05167204273105526,0.13520000000000001,0.020474374227311565,0.18839999999999998,0.018022208521710093,9.117975877542092,0.39631044680492294,42.199200000000005,94.36027979610914,32.70438,27.25648582020434,28.5266592,4.320011064465831,19.875823200000003,1.901306954623371
robustness_alt_test,uptake(mmol/g) CO2 at 0.15 bar,47,2000,enriched_interpretable | mlp,enriched_interpretable,mlp,5,0.4210845657944634,0.009205726983140115,0.032,0.04147288270665544,0.022,0.02683281572999748,0.0624,0.008294576541331087,0.11439999999999999,0.007127411872482184,8.423128464577987,0.1841459585262262,33.75936,43.75306179786736,11.60478,14.15404196941637,13.166150400000001,1.7501224719146944,12.068971200000002,0.7519276977231255
robustness_alt_test,uptake(mmol/g) CO2 at 0.15 bar,47,2000,enriched_interpretable | rf,enriched_interpretable,rf,5,0.4663632916192643,0.013828233508504654,0.06,0.10198039027185568,0.06999999999999999,0.04690415759823429,0.1312,0.0214289523775662,0.18319999999999997,0.01432480366357599,9.32885751597443,0.2766118655062993,63.29880000000001,107.58727212900233,36.9243,24.741474091492606,27.682675200000006,4.521423235856959,19.327233600000003,1.5112381368999395
robustness_alt_test,uptake(mmol/g) CO2 at 0.15 bar,47,2000,enriched_interpretable | ridge,enriched_interpretable,ridge,5,0.28957148274554423,0.014851633961812712,0.004,0.008944271909999158,0.016,0.005477225575051661,0.0288,0.0033466401061363026,0.066,0.006633249580710799,5.792417953486807,0.2970833674067726,4.21992,9.436027979610913,8.43984,2.889181718584,6.076684800000001,0.706127675834335,6.962868,0.6997945642658279
robustness_alt_test,uptake(mmol/g) CO2 at 0.15 bar,47,2000,geometry_only | hgb,geometry_only,hgb,5,0.4315510049298445,0.01975580777797664,0.044,0.0876356092008266,0.046,0.047749345545253286,0.10399999999999998,0.02592296279363144,0.1608,0.02012958022413781,8.632492968920882,0.3951835815246448,46.41912000000001,92.45381499468805,24.264540000000004,25.18730228166566,21.943584,5.469641457605059,16.9640784,2.123630454486091
robustness_alt_test,uptake(mmol/g) CO2 at 0.15 bar,47,2000,geometry_only | mlp,geometry_only,mlp,5,0.3784603716344331,0.02456301836398166,0.016,0.021908902300206645,0.02,0.015811388300841896,0.0472,0.02536138797463577,0.0868,0.02951609730299723,7.5704991063119875,0.491344200106814,16.87968,23.113453748672004,10.5498,8.340349214811091,9.9590112,5.35115141709625,9.157226400000003,3.1138892332716024
robustness_alt_test,uptake(mmol/g) CO2 at 0.15 bar,47,2000,geometry_only | rf,geometry_only,rf,5,0.44800910125142207,0.01348121533494068,0.052000000000000005,0.0831865373723417,0.057999999999999996,0.04207136793592526,0.1192,0.017297398648351732,0.1744,0.018676188047885997,8.96171106632964,0.2696703176726533,54.85896,87.76013319707305,30.594420000000003,22.192225872521217,25.1507232,3.6496819252076222,18.398851200000003,1.9703004866758762
robustness_alt_test,uptake(mmol/g) CO2 at 0.15 bar,47,2000,geometry_only | ridge,geometry_only,ridge,5,0.18483124762988246,0.0009518316570353531,0.0,0.0,0.0,0.0,0.0,0.0,0.0088,0.0010954451150103322,3.6972557759683995,0.01903988171291536,0.0,0.0,0.0,0.0,0.0,0.0,0.9283823999999999,0.11556726874336001
robustness_alt_test,uptake(mmol/g) CO2 at 0.15 bar,47,2000,geometry_plus_topology | hgb,geometry_plus_topology,hgb,5,0.49488054607508536,0.0188944606270051,0.04,0.08944271909999159,0.052000000000000005,0.05630275304103698,0.13520000000000001,0.023899790794063444,0.2,0.02557342370508884,9.89929993360435,0.377953698753846,42.199200000000005,94.36027979610914,27.42948,29.6991392016166,28.5266592,5.042760258384212,21.099600000000002,2.6979450540394634
robustness_alt_test,uptake(mmol/g) CO2 at 0.15 bar,47,2000,geometry_plus_topology | mlp,geometry_plus_topology,mlp,5,0.48039438756162306,0.006700486238469401,0.032,0.050199601592044535,0.03,0.02645751311064591,0.0616,0.007266360849833982,0.1256,0.00993981891183134,9.609527322521068,0.1340325933231029,33.75936,52.95957568757514,15.824700000000002,13.95607359073461,12.997353600000002,1.533173073871571,13.2505488,1.0486310155603824
robustness_alt_test,uptake(mmol/g) CO2 at 0.15 bar,47,2000,geometry_plus_topology | rf,geometry_plus_topology,rf,5,0.5029958285930982,0.00677624858306462,0.047999999999999994,0.07429670248402684,0.062,0.05585696017507577,0.1288,0.030384206423732702,0.18319999999999997,0.025752669764511796,10.061633281174569,0.13554809878956262,50.63904000000001,78.38153518659864,32.70438,29.463987922750714,27.1762848,6.410946018581908,19.327233600000007,2.716855154816466
robustness_alt_test,uptake(mmol/g) CO2 at 0.15 bar,47,2000,geometry_plus_topology | ridge,geometry_plus_topology,ridge,5,0.41130072051573763,0.0085748743824851,0.024,0.021908902300206645,0.024,0.015165750888103102,0.049600000000000005,0.018676188047886,0.068,0.012328828005937953,8.22741816704006,0.17152675343257776,25.319519999999997,23.113453748672008,12.65976,7.999781935965506,10.465401600000002,3.9406009733517555,7.173864,1.3006666969704421
robustness_alt_test,uptake(mmol/g) CO2 at 0.15 bar,47,2000,topology_only | hgb,topology_only,hgb,5,0.2011376564277588,0.0023923868480223726,0.0,0.0,0.002,0.00447213595499958,0.0024000000000000002,0.0021908902300206644,0.027199999999999995,0.0038987177379235867,4.0234396051982735,0.047855902103273416,0.0,0.0,1.05498,2.359006994902728,0.5063904000000001,0.46226907497344016,2.8695456000000004,0.4113069239154625
robustness_alt_test,uptake(mmol/g) CO2 at 0.15 bar,47,2000,topology_only | mlp,topology_only,mlp,5,0.2018960940462647,0.004089589598647826,0.008,0.010954451150103323,0.013999999999999999,0.0151657508881031,0.0264,0.02974558790812513,0.039999999999999994,0.01691153452528776,4.038610946092687,0.08180574961663765,8.43984,11.556726874336002,7.384860000000001,7.999781935965505,5.570294400000001,6.276200066262771,4.21992,1.7841330693488084
robustness_alt_test,uptake(mmol/g) CO2 at 0.15 bar,47,2000,topology_only | rf,topology_only,rf,5,0.20219946909366704,0.004368429504083183,0.012,0.010954451150103323,0.018,0.01643167672515498,0.0256,0.021651789764358973,0.045200000000000004,0.010733126291998992,4.044679482450453,0.08738349939737715,12.65976,11.556726874336002,9.49482,8.667545155752002,5.4014976,4.568441033120686,4.7685096,1.1323233575533094
robustness_alt_test,uptake(mmol/g) CO2 at 0.15 bar,47,2000,topology_only | ridge,topology_only,ridge,5,0.20144103147516118,0.005640043213523916,0.008,0.010954451150103323,0.022,0.013038404810405298,0.036000000000000004,0.01833030277982336,0.045599999999999995,0.009633275663033838,4.0295081415560405,0.1128201135647225,8.43984,11.556726874336002,11.60478,6.87762815344069,7.595856,3.86762056533161,4.8107088000000005,1.0162913158987439
robustness_alt_test,uptake(mmol/g) CO2 at 0.15 bar,47,5000,enriched_interpretable | hgb,enriched_interpretable,hgb,5,0.4940462646947289,0.008464313333997315,0.07599999999999998,0.10039920318408906,0.07400000000000001,0.044497190922573975,0.16160000000000002,0.04737932038347532,0.2156,0.02393324048264255,9.882611458620499,0.16931515512135933,80.17848000000001,105.91915137515028,39.03426,23.47182323974855,34.0969536,9.99684708363176,22.7453688,2.524909004437823
robustness_alt_test,uptake(mmol/g) CO2 at 0.15 bar,47,5000,enriched_interpretable | mlp,enriched_interpretable,mlp,5,0.4474023511566174,0.013254768809537179,0.052000000000000005,0.03898717737923585,0.036,0.0151657508881031,0.08800000000000001,0.007483314773547884,0.14320000000000002,0.015530614926653741,8.949573993614111,0.26514061430954755,54.85895999999999,41.13069239154624,18.98964,7.999781935965505,18.567648000000002,1.5789494839595095,15.107313600000001,1.6384488135321167
robustness_alt_test,uptake(mmol/g) CO2 at 0.15 bar,47,5000,enriched_interpretable | rf,enriched_interpretable,rf,5,0.5029199848312477,0.01015216277559691,0.092,0.07563068160475615,0.10400000000000001,0.03911521443121589,0.18719999999999998,0.027040710049848912,0.2424,0.02346912865872952,10.060116147085129,0.20307790453165053,97.05816000000002,79.78885647938564,54.85896,20.63288446032207,39.4984512,5.705481657677922,25.5727152,2.475946135238648
robustness_alt_test,uptake(mmol/g) CO2 at 0.15 bar,47,5000,enriched_interpretable | ridge,enriched_interpretable,ridge,5,0.28502085703450897,0.014815278584825346,0.004,0.00894427190999916,0.01,0.0,0.0304,0.004560701700396551,0.0648,0.005585696017507579,5.701389908120329,0.29635613578724007,4.21992,9.436027979610913,5.2749,0.0,6.414278400000001,0.9622898159768707,6.836270400000001,0.5892797584550149
robustness_alt_test,uptake(mmol/g) CO2 at 0.15 bar,47,5000,geometry_only | hgb,geometry_only,hgb,5,0.45369738339021615,0.017639993811482336,0.07200000000000001,0.057619441163551735,0.064,0.028809720581775868,0.14800000000000002,0.04849742261192856,0.2088,0.021147103820618088,9.075496123037736,0.35286008098668264,75.95856,60.787358038723816,33.75936,15.196839509680952,31.227408000000004,10.23276218142648,22.027982400000006,2.230977158867568
robustness_alt_test,uptake(mmol/g) CO2 at 0.15 bar,47,5000,geometry_only | mlp,geometry_only,mlp,5,0.40295790671217296,0.02702130271165874,0.027999999999999997,0.01788854381999832,0.03,0.0,0.054400000000000004,0.019718012070185982,0.1072,0.021890637268019406,8.06053341720152,0.5405182771093234,29.539440000000003,18.872055959221825,15.824700000000002,1.9860273225978185e-15,11.4781824,4.160421674760961,11.309385600000002,2.309418450501512
robustness_alt_test,uptake(mmol/g) CO2 at 0.15 bar,47,5000,geometry_only | rf,geometry_only,rf,5,0.4714448236632537,0.01449836382024439,0.096,0.07266360849833982,0.09,0.046904157598234304,0.15360000000000001,0.026168683574073797,0.22399999999999998,0.02154065922853802,9.430505499966994,0.29001675887526385,101.27808,76.65865369357853,47.47410000000001,24.741474091492613,32.40898560000001,5.521487559395276,23.631552000000006,2.272496467292304
robustness_alt_test,uptake(mmol/g) CO2 at 0.15 bar,47,5000,geometry_only | ridge,geometry_only,ridge,5,0.1797497155858931,0.0044467346983536535,0.0,0.0,0.0,0.0,0.0,0.0,0.0076,0.001673320053068151,3.5956077919758336,0.08894987053600939,0.0,0.0,0.0,0.0,0.0,0.0,0.8017848000000001,0.17653191895858375
robustness_alt_test,uptake(mmol/g) CO2 at 0.15 bar,47,5000,geometry_plus_topology | hgb,geometry_plus_topology,hgb,5,0.5246871444823664,0.012903473755007638,0.07599999999999998,0.08876936408468859,0.07800000000000001,0.04266145801540309,0.16960000000000003,0.031698580409854314,0.2352,0.03145155004129368,10.495533630754775,0.2581135142597264,80.17848000000001,93.64990372206475,41.144220000000004,22.503492488544975,35.784921600000004,6.688273672157621,24.813129600000003,3.3180756262564004
robustness_alt_test,uptake(mmol/g) CO2 at 0.15 bar,47,5000,geometry_plus_topology | mlp,geometry_plus_topology,mlp,5,0.5025407660219947,0.01632271587184674,0.048,0.033466401061363026,0.048,0.016431676725154987,0.09359999999999999,0.02146625258399798,0.16360000000000002,0.032936302160382236,10.052530476637921,0.326510026364825,50.63904,35.30638379171676,25.31952,8.667545155752004,19.749225600000003,4.529293430213238,17.2594728,3.474714005316006
robustness_alt_test,uptake(mmol/g) CO2 at 0.15 bar,47,5000,geometry_plus_topology | rf,geometry_plus_topology,rf,5,0.5229427379598028,0.00532933990237208,0.068,0.06099180272790763,0.08,0.03391164991562634,0.16560000000000002,0.024915858403835898,0.24159999999999998,0.020366639388961556,10.460639546697625,0.10660498692082873,71.73864,64.34513204188798,42.199200000000005,17.88805621399374,34.940937600000005,5.25714645977576,25.4883168,2.1486397222566658
robustness_alt_test,uptake(mmol/g) CO2 at 0.15 bar,47,5000,geometry_plus_topology | ridge,geometry_plus_topology,ridge,5,0.40963215775502465,0.005026616482253924,0.024,0.026076809620810593,0.026000000000000002,0.0151657508881031,0.0456,0.015388307249337076,0.0648,0.012537942414925986,8.194041217072353,0.10054948533273135,25.319519999999997,27.510512613762764,13.71474,7.999781935965504,9.6214176,3.246871276381126,6.836270400000001,1.3227278488898617
robustness_alt_test,uptake(mmol/g) CO2 at 0.15 bar,47,5000,topology_only | hgb,topology_only,hgb,5,0.19643534319302236,0.003506492606922055,0.0,0.0,0.006,0.005477225575051661,0.0056,0.0021908902300206644,0.029199999999999997,0.004147288270665545,3.929377291652915,0.07014181969000055,0.0,0.0,3.16494,2.8891817185840005,1.1815776,0.46226907497344016,3.0805416,0.4375306179786736
robustness_alt_test,uptake(mmol/g) CO2 at 0.15 bar,47,5000,topology_only | mlp,topology_only,mlp,5,0.20386803185437996,0.0033556043694545155,0.004,0.00894427190999916,0.006,0.00894427190999916,0.0128,0.011099549540409287,0.0364,0.0038470768123342694,4.07805643241816,0.06712353996373004,4.21992,9.436027979610913,3.16494,4.718013989805456,2.7007488000000004,2.3419605548281983,3.8401272000000004,0.40585890954764076
robustness_alt_test,uptake(mmol/g) CO2 at 0.15 bar,47,5000,topology_only | rf,topology_only,rf,5,0.20083428138035644,0.0036922749926850463,0.02,0.01414213562373095,0.030000000000000006,0.007071067811865475,0.0376,0.014310835055998651,0.048,0.012727922061357857,4.017371068840509,0.07385810147483628,21.0996,14.919670240323677,15.824700000000002,3.7299175600809193,7.933449600000001,3.019528953475492,5.063904,1.3427703216291311
robustness_alt_test,uptake(mmol/g) CO2 at 0.15 bar,47,5000,topology_only | ridge,topology_only,ridge,5,0.20394387561623056,0.0032775563801792787,0.008,0.010954451150103323,0.024,0.0151657508881031,0.0336,0.016637307474468337,0.044399999999999995,0.009736529155710468,4.079573566507602,0.06556231380283535,8.43984,11.556726874336,12.65976,7.999781935965505,7.0894656,3.5104053278829213,4.684111199999999,1.027184352869143
robustness_alt_test,uptake(mmol/g) CO2 at 0.15 bar,47,10000,enriched_interpretable | hgb,enriched_interpretable,hgb,5,0.5309821767159651,0.006022300350733491,0.096,0.0817312669668102,0.11000000000000001,0.04847679857416329,0.19839999999999997,0.04341428336388843,0.2692,0.019162463307205564,10.621455760178403,0.12046656094078173,101.27808,86.22485202464543,58.023900000000005,25.571026479885393,41.86160640000001,9.160240132647004,28.400061599999997,2.0216015539835728
robustness_alt_test,uptake(mmol/g) CO2 at 0.15 bar,47,10000,enriched_interpretable | mlp,enriched_interpretable,mlp,5,0.45968904057641263,0.01195110950226953,0.064,0.029664793948382652,0.05600000000000001,0.024083189157584593,0.1008,0.026593232221751462,0.1608,0.02373183515870612,9.195349716103598,0.23906297881502261,67.51872,31.295764319664734,29.539440000000003,12.703641448734297,21.268396800000005,5.611065625860673,16.964078400000002,2.5036611455731785
robustness_alt_test,uptake(mmol/g) CO2 at 0.15 bar,47,10000,enriched_interpretable | rf,enriched_interpretable,rf,5,0.5292377701934015,0.01042196505302412,0.124,0.07402702209328699,0.134,0.051283525619832335,0.2224,0.027217641337926403,0.2816,0.016149303390549073,10.586561676121251,0.20847487090707972,130.81752,78.09702776797592,70.68366,27.051546929205358,46.92551040000001,5.742813451737119,29.70823680000001,1.7037192090961446
robustness_alt_test,uptake(mmol/g) CO2 at 0.15 bar,47,10000,enriched_interpretable | ridge,enriched_interpretable,ridge,5,0.28577929465301477,0.008863504519127407,0.0,0.0,0.01,0.0,0.028000000000000004,0.0028284271247461905,0.0616,0.004335896677735761,5.7165612490147435,0.17730034125121436,0.0,0.0,5.2749,0.0,5.907888,0.5967868096129471,6.498676800000001,0.45742842770776737
robustness_alt_test,uptake(mmol/g) CO2 at 0.15 bar,47,10000,geometry_only | hgb,geometry_only,hgb,5,0.48494501327265827,0.01118984684600565,0.07599999999999998,0.0792464510246358,0.1,0.04949747468305833,0.17919999999999997,0.04520176987685327,0.2424,0.025628109567426168,9.700555367887542,0.2238351275236831,80.17848000000001,83.60342090197028,52.749,26.10942292056644,37.81048320000001,9.537392636936534,25.5727152,2.703714303144326
robustness_alt_test,uptake(mmol/g) CO2 at 0.15 bar,47,10000,geometry_only | mlp,geometry_only,mlp,5,0.4627227910504361,0.012609809482323622,0.044000000000000004,0.008944271909999156,0.066,0.008944271909999161,0.1056,0.018022208521710097,0.1956,0.02368121618498509,9.256035079681249,0.25223922653890346,46.41911999999999,9.436027979610914,34.81434,4.718013989805456,22.2811776,3.8026139092467433,20.6354088,2.498320945083558
robustness_alt_test,uptake(mmol/g) CO2 at 0.15 bar,47,10000,geometry_only | rf,geometry_only,rf,5,0.4900265453166477,0.01000950902474195,0.1,0.06782329983125268,0.11800000000000002,0.0506951674225463,0.2024,0.04200952272997159,0.2584,0.02761883415352645,9.80220335188011,0.20022434264168093,105.498,71.55222485597496,62.24382000000001,26.74119386371895,42.7055904,8.863841257933085,27.2606832,2.913731765528734
robustness_alt_test,uptake(mmol/g) CO2 at 0.15 bar,47,10000,geometry_only | ridge,geometry_only,ridge,5,0.18111490329920363,0.001888494440347173,0.0,0.0,0.0,0.0,0.0,0.0,0.0088,0.0017888543819998318,3.6229162055857764,0.037776334180459906,0.0,0.0,0.0,0.0,0.0,0.0,0.9283823999999999,0.1887205595922182
robustness_alt_test,uptake(mmol/g) CO2 at 0.15 bar,47,10000,geometry_plus_topology | hgb,geometry_plus_topology,hgb,5,0.5568448995070155,0.004378294242661055,0.10800000000000001,0.05761944116355173,0.136,0.04669047011971501,0.23040000000000002,0.040059955067373705,0.29280000000000006,0.022785960589801778,11.138798484677878,0.08758082783698443,113.93784000000001,60.787358038723816,71.73864,24.62875608344847,48.613478400000005,8.452490279395583,30.8898144,2.4038732703029075
robustness_alt_test,uptake(mmol/g) CO2 at 0.15 bar,47,10000,geometry_plus_topology | mlp,geometry_plus_topology,mlp,5,0.528631020098597,0.011691384155834659,0.032,0.017888543819998316,0.05800000000000001,0.01788854381999832,0.1272,0.021241468875762805,0.2068,0.027371518043396863,10.57442460340572,0.23386758545169567,33.75936,18.872055959221825,30.594420000000003,9.436027979610913,26.838691200000007,4.481864966910449,21.8169864,2.8876404105422817
robustness_alt_test,uptake(mmol/g) CO2 at 0.15 bar,47,10000,geometry_plus_topology | rf,geometry_plus_topology,rf,5,0.5518392112248767,0.00470139568035493,0.10800000000000001,0.06418722614352484,0.118,0.04764451699828638,0.20879999999999996,0.033752036975566384,0.27880000000000005,0.023857912733514633,11.038667634774754,0.09404395932614426,113.93784000000001,67.71623983689585,62.24382000000001,25.132006271426082,44.055964800000005,7.121544793696605,29.4128424,2.5169620775603265
robustness_alt_test,uptake(mmol/g) CO2 at 0.15 bar,47,10000,geometry_plus_topology | ridge,geometry_plus_topology,ridge,5,0.41319681456200225,0.00290789374481317,0.012,0.010954451150103323,0.015999999999999997,0.005477225575051661,0.04240000000000001,0.00779743547584717,0.0644,0.01013903348450926,8.265346519276092,0.05816779944829368,12.65976,11.556726874336002,8.43984,2.8891817185840005,8.946230400000001,1.6452276956618501,6.7940712,1.0696477545487582
robustness_alt_test,uptake(mmol/g) CO2 at 0.15 bar,47,10000,topology_only | hgb,topology_only,hgb,5,0.19901403109594235,0.0006783672286688715,0.0,0.0,0.0,0.0,0.008,0.00282842712474619,0.0316,0.007797435475847172,3.9809598506939188,0.01356965981989174,0.0,0.0,0.0,0.0,1.6879680000000001,0.5967868096129473,3.3337368000000005,0.8226138478309251
robustness_alt_test,uptake(mmol/g) CO2 at 0.15 bar,47,10000,topology_only | mlp,topology_only,mlp,5,0.20326128175957528,0.0021948875431911713,0.004,0.00894427190999916,0.01,0.007071067811865475,0.019200000000000002,0.019266551326067673,0.0392,0.01237739875741264,4.06591935970263,0.043905241947588415,4.21992,9.436027979610913,5.2749,3.7299175600809193,4.051123200000001,4.0651652635949755,4.1355216,1.3057908141095187
robustness_alt_test,uptake(mmol/g) CO2 at 0.15 bar,47,10000,topology_only | rf,topology_only,rf,5,0.20401971937808114,0.006496716609409112,0.012,0.010954451150103323,0.026000000000000002,0.011401754250991379,0.036,0.01697056274847714,0.045599999999999995,0.007402702209328699,4.081090700597043,0.1299565052824122,12.65976,11.556726874336002,13.71474,6.014311349855443,7.595856,3.5807208576776834,4.8107088000000005,0.7809702776797589
robustness_alt_test,uptake(mmol/g) CO2 at 0.15 bar,47,10000,topology_only | ridge,topology_only,ridge,5,0.2054607508532423,0.0038430416564757615,0.008,0.010954451150103323,0.03,0.01,0.0392,0.015849290204927157,0.048799999999999996,0.012930583900195691,4.109916248296427,0.07687394931264314,8.43984,11.556726874336002,15.824699999999998,5.2749,8.2710432,3.3441368360788113,5.1483024,1.364150740302845
robustness_alt_test,uptake(mmol/g) CO2 at 0.15 bar,47,20000,enriched_interpretable | hgb,enriched_interpretable,hgb,5,0.5475161167993933,0.003050296177806664,0.148,0.057619441163551735,0.13999999999999999,0.04847679857416329,0.2472,0.025043961347997634,0.3024,0.013594116374373156,10.952190991676598,0.06101633412329258,156.13704,60.7873580387238,73.8486,25.57102647988539,52.158211200000004,5.284175668582108,31.902595199999997,1.4341520892636195
robustness_alt_test,uptake(mmol/g) CO2 at 0.15 bar,47,20000,enriched_interpretable | mlp,enriched_interpretable,mlp,5,0.4906332954114524,0.011403078696751955,0.052000000000000005,0.010954451150103319,0.064,0.016733200530681513,0.1216,0.0180222085217101,0.2056,0.023974986965585608,9.814340424595638,0.2281004922923661,54.85896,11.556726874336006,33.75936,8.82659594792919,25.657113600000002,3.802613909246744,21.6903888,2.529313174895351
robustness_alt_test,uptake(mmol/g) CO2 at 0.15 bar,47,20000,enriched_interpretable | rf,enriched_interpretable,rf,5,0.5482745544178991,0.005160720769421017,0.21599999999999997,0.03286335345030996,0.196,0.03781534080237807,0.292,0.009380831519646844,0.326,0.015165750888103097,10.96736233257101,0.10323202876988553,227.87568000000002,34.670180623008015,103.38804,19.947214119846414,61.610832,1.979317927319403,34.392348,1.5999563871931008
robustness_alt_test,uptake(mmol/g) CO2 at 0.15 bar,47,20000,enriched_interpretable | ridge,enriched_interpretable,ridge,5,0.29116420174440655,0.007379679873394497,0.008,0.010954451150103323,0.01,0.0,0.0312,0.0033466401061363004,0.0632,0.005019960159204456,5.824277769365073,0.14761878408861837,8.43984,11.556726874336002,5.2749,0.0,6.583075200000001,0.706127675834335,6.667473600000001,0.5295957568757517
robustness_alt_test,uptake(mmol/g) CO2 at 0.15 bar,47,20000,geometry_only | hgb,geometry_only,hgb,5,0.5065604854000758,0.002966645008055864,0.10400000000000001,0.06228964600958975,0.138,0.027748873851023214,0.21679999999999996,0.02304777646542069,0.262,0.01208304597359456,10.132938583378309,0.05934302522940414,109.71792,65.714330747197,72.79362,14.637253467676237,45.7439328,4.862988643097904,27.640476,1.274737184122279
robustness_alt_test,uptake(mmol/g) CO2 at 0.15 bar,47,20000,geometry_only | mlp,geometry_only,mlp,5,0.47227910504361015,0.008537056846571233,0.04,0.01414213562373095,0.064,0.011401754250991382,0.12079999999999999,0.0130843417870369,0.198,0.017029386365926404,9.447193974950851,0.17077027364421182,42.1992,14.91967024032368,33.75936,6.014311349855443,25.4883168,2.7607437796976386,20.888604,1.7965662028325045
robustness_alt_test,uptake(mmol/g) CO2 at 0.15 bar,47,20000,geometry_only | rf,geometry_only,rf,5,0.5106560485400076,0.0023621405388543487,0.192,0.050199601592044535,0.166,0.03577708763999663,0.2448,0.019473058311420943,0.28400000000000003,0.009273618495495685,10.214863824208138,0.04725087269018897,202.55616,52.959575687575146,87.56334,18.87205595922182,51.65182080000001,4.108737411476575,29.961432000000002,0.9783482040378048
robustness_alt_test,uptake(mmol/g) CO2 at 0.15 bar,47,20000,geometry_only | ridge,geometry_only,ridge,5,0.181418278346606,0.0022530831668582355,0.0,0.0,0.0,0.0,0.0,0.0,0.0076,0.0008944271909999159,3.6289847419435417,0.04506935304080592,0.0,0.0,0.0,0.0,0.0,0.0,0.8017848000000001,0.0943602797961091
robustness_alt_test,uptake(mmol/g) CO2 at 0.15 bar,47,20000,geometry_plus_topology | hgb,geometry_plus_topology,hgb,5,0.5729996207811908,0.008471106523962334,0.13999999999999999,0.061644140029689765,0.16999999999999998,0.040620192023179805,0.268,0.03019933774108299,0.3284,0.0117813411800185,11.461948045728871,0.1694510421056086,147.6972,65.03333484852212,89.67330000000001,21.42674509030711,56.546928,6.3719394660175475,34.645543200000006,1.2429079318095912
robustness_alt_test,uptake(mmol/g) CO2 at 0.15 bar,47,20000,geometry_plus_topology | mlp,geometry_plus_topology,mlp,5,0.5406143344709898,0.004036498776104695,0.04,0.01414213562373095,0.07,0.022360679774997897,0.1816,0.03182451884946573,0.2504,0.022423202269078346,10.814131789537445,0.0807437519684286,42.1992,14.91967024032368,36.924299999999995,11.79503497451364,38.31687360000001,6.714846179161873,26.416699200000004,2.3656029929832285
robustness_alt_test,uptake(mmol/g) CO2 at 0.15 bar,47,20000,geometry_plus_topology | rf,geometry_plus_topology,rf,5,0.5746681835419036,0.00461027771419921,0.184,0.016733200530681516,0.17400000000000002,0.03209361307176243,0.28080000000000005,0.03254535297089279,0.3356,0.015773395322504276,11.495324995696578,0.09222128902021001,194.11632,17.65319189585839,91.78326000000001,16.929059959223963,59.24767680000001,6.866939295446494,35.405128800000014,1.6640616597335576
robustness_alt_test,uptake(mmol/g) CO2 at 0.15 bar,47,20000,geometry_plus_topology | ridge,geometry_plus_topology,ridge,5,0.4135760333712552,0.0032797494593006606,0.024,0.008944271909999158,0.014000000000000002,0.005477225575051661,0.04959999999999999,0.010430723848324237,0.07,0.006782329983125267,8.272932189723301,0.0656061828701749,25.31952,9.436027979610913,7.384859999999999,2.8891817185840005,10.4654016,2.2008410091010204,7.384860000000001,0.7155222485597493
robustness_alt_test,uptake(mmol/g) CO2 at 0.15 bar,47,20000,topology_only | hgb,topology_only,hgb,5,0.20212362533181646,0.0036373390392967246,0.012,0.01788854381999832,0.01,0.01414213562373095,0.015200000000000002,0.0130843417870369,0.0316,0.00909945053286186,4.04316234836101,0.07275919491234839,12.65976,18.872055959221825,5.2749,7.45983512016184,3.2071392000000003,2.760743779697638,3.3337368000000005,0.9599738323158606
robustness_alt_test,uptake(mmol/g) CO2 at 0.15 bar,47,20000,topology_only | mlp,topology_only,mlp,5,0.20075843761850592,0.0037019991996559056,0.008,0.010954451150103323,0.024,0.01816590212458495,0.0288,0.0206688170924221,0.0372,0.011454256850621083,4.0158539347510676,0.07405261880267341,8.43984,11.556726874336002,12.65976,9.582331711697314,6.076684800000001,4.361037731232694,3.9245256000000004,1.2084011892268232
robustness_alt_test,uptake(mmol/g) CO2 at 0.15 bar,47,20000,topology_only | rf,topology_only,rf,5,0.20075843761850587,0.0029569341963773936,0.016,0.008944271909999158,0.036000000000000004,0.005477225575051662,0.0448,0.014805404418657398,0.048400000000000006,0.008173126696681021,4.015853934751068,0.0591487758531327,16.87968,9.436027979610913,18.98964,2.889181718584,9.452620800000002,3.123881110719037,5.1061032,0.8622485202464544
robustness_alt_test,uptake(mmol/g) CO2 at 0.15 bar,47,20000,topology_only | ridge,topology_only,ridge,5,0.20508153204398938,0.004693742418434832,0.012,0.010954451150103323,0.038,0.00447213595499958,0.04,0.009380831519646858,0.046,0.00959166304662544,4.102330577849221,0.09389086796739451,12.65976,11.556726874336002,20.044620000000002,2.3590069949027277,8.439840000000002,1.979317927319409,4.852908000000001,1.011901268092891
robustness_alt_test,uptake(mmol/g) CO2 at 0.15 bar,47,40000,enriched_interpretable | hgb,enriched_interpretable,hgb,5,0.5673113386423967,0.004222801943746659,0.16799999999999998,0.048166378315169185,0.194,0.027018512172212586,0.2816,0.009633275663033816,0.324,0.016733200530681527,11.348162989020775,0.08447045116825662,177.23664,50.81456579493718,102.33306,14.251994985720415,59.4164736,2.0325826317974833,34.181352000000004,1.76531918958584
robustness_alt_test,uptake(mmol/g) CO2 at 0.15 bar,47,40000,enriched_interpretable | mlp,enriched_interpretable,mlp,5,0.5029958285930982,0.006141705891516289,0.055999999999999994,0.01673320053068151,0.07200000000000001,0.017888543819998316,0.1272,0.02536138797463577,0.2152,0.01572259520562684,10.061633281174569,0.12285507928388043,59.078880000000005,17.65319189585838,37.979279999999996,9.436027979610913,26.838691200000007,5.351151417096249,22.703169600000003,1.6587023490032209
robustness_alt_test,uptake(mmol/g) CO2 at 0.15 bar,47,40000,enriched_interpretable | rf,enriched_interpretable,rf,5,0.5687523701175579,0.005858899921744134,0.248,0.07563068160475614,0.236,0.031304951684997064,0.31920000000000004,0.024722459424579898,0.3428,0.016946976131451876,11.376988536720159,0.1171979946803492,261.63504,79.78885647938564,124.48764000000001,16.513048964319097,67.3499232,5.216340048748658,36.1647144,1.7878720879159111
robustness_alt_test,uptake(mmol/g) CO2 at 0.15 bar,47,40000,enriched_interpretable | ridge,enriched_interpretable,ridge,5,0.2891922639362912,0.004054272965006925,0.0,0.0,0.01,0.0,0.0288,0.0017888543819998316,0.0616,0.0026076809620810618,5.7848322830396,0.08109929640923416,0.0,0.0,5.2749,0.0,6.076684800000001,0.3774411191844364,6.498676800000001,0.275105126137628
robustness_alt_test,uptake(mmol/g) CO2 at 0.15 bar,47,40000,geometry_only | hgb,geometry_only,hgb,5,0.518847174819871,0.006134677425481465,0.14400000000000002,0.02966479394838265,0.168,0.016431676725154984,0.244,0.028844410203711923,0.28600000000000003,0.006324555320336747,10.378714305867796,0.12271448597524517,151.91712,31.295764319664727,88.61832,8.667545155752006,51.483024,6.0860551753424,30.172428000000004,0.6672279371848865
robustness_alt_test,uptake(mmol/g) CO2 at 0.15 bar,47,40000,geometry_only | mlp,geometry_only,mlp,5,0.4924535456958665,0.005189897239931151,0.052000000000000005,0.010954451150103319,0.066,0.01673320053068151,0.1496,0.01711139970896595,0.22920000000000001,0.009011104260855047,9.85075164274223,0.10381565775848667,54.85896,11.556726874336006,34.81434,8.82659594792919,31.5650016,3.610436892992981,24.180141600000006,0.9506534773116859
robustness_alt_test,uptake(mmol/g) CO2 at 0.15 bar,47,40000,geometry_only | rf,geometry_only,rf,5,0.5268107698141828,0.003417180227855537,0.21599999999999997,0.02966479394838266,0.20600000000000002,0.04827007354458869,0.3048,0.011099549540409297,0.3124,0.011523888232710357,10.53801338525913,0.06835526728826373,227.87568000000002,31.29576431966473,108.66294,25.461981094035085,64.3115808,2.341960554828202,32.9575752,1.2157471607744759
robustness_alt_test,uptake(mmol/g) CO2 at 0.15 bar,47,40000,geometry_only | ridge,geometry_only,ridge,5,0.18210087220326127,0.001846137496342527,0.0,0.0,0.0,0.0,0.0,0.0,0.009200000000000002,0.0010954451150103322,3.6426389487485134,0.0369290507374184,0.0,0.0,0.0,0.0,0.0,0.0,0.9705815999999998,0.11556726874336
robustness_alt_test,uptake(mmol/g) CO2 at 0.15 bar,47,40000,geometry_plus_topology | hgb,geometry_plus_topology,hgb,5,0.5950701554797118,0.003861706368783029,0.21200000000000002,0.04816637831516918,0.22799999999999998,0.022803508501982758,0.3088,0.012457929201917961,0.35919999999999996,0.01300769003320727,11.903434065756283,0.07724730726087804,223.65576000000001,50.81456579493719,120.26772000000001,12.028622699710887,65.15556480000001,2.6285732298878806,37.894881600000005,1.3722852831233003
robustness_alt_test,uptake(mmol/g) CO2 at 0.15 bar,47,40000,geometry_plus_topology | mlp,geometry_plus_topology,mlp,5,0.5541903678422451,0.005564317272514133,0.052000000000000005,0.010954451150103319,0.11200000000000002,0.031144823004794875,0.1928,0.005932958789676536,0.2776,0.020851858430365376,11.085698791547433,0.1113053362942163,54.85896,11.556726874336006,59.078880000000005,16.42858268679925,40.68002880000001,1.2518305727865902,29.286244800000002,2.1998293606866866
robustness_alt_test,uptake(mmol/g) CO2 at 0.15 bar,47,40000,geometry_plus_topology | rf,geometry_plus_topology,rf,5,0.5985589685248388,0.004687610812396655,0.252,0.05215361924162119,0.236,0.04037325847637271,0.35440000000000005,0.029879759035172954,0.3776,0.0038470768123342724,11.973222233870581,0.09376821491964783,265.85496,55.02102522752551,124.48764000000001,21.29649011370184,74.77698240000001,6.304509637385355,39.8360448,0.40585890954764103
robustness_alt_test,uptake(mmol/g) CO2 at 0.15 bar,47,40000,geometry_plus_topology | ridge,geometry_plus_topology,ridge,5,0.4175957527493364,0.0035513188527700177,0.02,0.0,0.013999999999999999,0.005477225575051661,0.0512,0.007694153624668539,0.0732,0.004381780460041328,8.353340296463688,0.07103849759756023,21.0996,0.0,7.384860000000001,2.8891817185840005,10.802995200000002,1.6234356381905628,7.7224536,0.4622690749734399
robustness_alt_test,uptake(mmol/g) CO2 at 0.15 bar,47,40000,topology_only | hgb,topology_only,hgb,5,0.20561243837694348,0.0022973274525386316,0.016,0.00894427190999916,0.028000000000000004,0.010954451150103323,0.0352,0.0130843417870369,0.05,0.01104536101718726,4.11295051647531,0.04595438975880179,16.87968,9.43602797961091,14.769719999999998,5.778363437168001,7.4270591999999995,2.760743779697638,5.274900000000001,1.1652634965912216
robustness_alt_test,uptake(mmol/g) CO2 at 0.15 bar,47,40000,topology_only | mlp,topology_only,mlp,5,0.20348881304512706,0.002104578979979006,0.016,0.00894427190999916,0.03,0.017320508075688773,0.0392,0.017753872816937716,0.046799999999999994,0.014394443372357265,4.070470761970954,0.042098762462993065,16.87968,9.43602797961091,15.824699999999998,9.13639480484507,8.271043200000003,3.745996148882591,4.937306400000001,1.518584986896947
robustness_alt_test,uptake(mmol/g) CO2 at 0.15 bar,47,40000,topology_only | rf,topology_only,rf,5,0.2031854379977247,0.0018655098788394162,0.016,0.00894427190999916,0.036000000000000004,0.01140175425099138,0.043199999999999995,0.00593295878967653,0.05399999999999999,0.006164414002968975,4.064402225613189,0.037316564504702394,16.87968,9.43602797961091,18.98964,6.0143113498554435,9.1150272,1.2518305727865893,5.696892,0.650333348485221
robustness_alt_test,uptake(mmol/g) CO2 at 0.15 bar,47,40000,topology_only | ridge,topology_only,ridge,5,0.20530906332954119,0.003522859055743214,0.02,0.0,0.034,0.00894427190999916,0.04239999999999999,0.006693280212272605,0.044399999999999995,0.0035777087639996645,4.106881980117545,0.07046920452461104,21.0996,0.0,17.93466,4.718013989805456,8.946230400000001,1.4122553516686707,4.684111200000001,0.3774411191844366
robustness_alt_test,uptake(mmol/g) CO2 at 0.15 bar,47,210995,enriched_interpretable | hgb,enriched_interpretable,hgb,5,0.5877891543420553,0.0023066979637081033,0.23199999999999998,0.022803508501982758,0.248,0.008366600265340763,0.33120000000000005,0.01308434178703689,0.3412,0.008074651695274528,11.75778919316992,0.0461418319634579,244.75536000000002,24.057245399421774,130.81752,4.413297973964598,69.8818752,2.7607437796976364,35.995917600000006,0.8518596045480712
robustness_alt_test,uptake(mmol/g) CO2 at 0.15 bar,47,210995,enriched_interpretable | mlp,enriched_interpretable,mlp,5,0.5489571482745544,0.005902915648394582,0.072,0.05019960159204453,0.11600000000000002,0.030495901363953814,0.236,0.03969886648255842,0.31520000000000004,0.02920958746713139,10.981016539375984,0.11807845943768118,75.95856,52.959575687575146,61.188840000000006,16.086283010472,49.795056,8.3763020323539,33.2529696,3.081553058607427
robustness_alt_test,uptake(mmol/g) CO2 at 0.15 bar,47,210995,enriched_interpretable | rf,enriched_interpretable,rf,5,0.6157755024649223,0.0014539468724065808,0.34,0.0,0.33799999999999997,0.008366600265340743,0.3936,0.004560701700396556,0.39640000000000003,0.005176871642217919,12.31761167217375,0.029083899724146538,358.69320000000005,0.0,178.29162000000002,4.413297973964587,83.0480256,0.9622898159768729,41.8194072,0.5461496045107063
robustness_alt_test,uptake(mmol/g) CO2 at 0.15 bar,47,210995,enriched_interpretable | ridge,enriched_interpretable,ridge,5,0.2935153583617747,0.0,0.0,0.0,0.01,0.0,0.028000000000000004,3.878959614448864e-18,0.066,0.0,5.871308926137753,0.0,0.0,0.0,5.2749,0.0,5.907888000000001,0.0,6.962868000000002,9.930136612989092e-16
robustness_alt_test,uptake(mmol/g) CO2 at 0.15 bar,47,210995,geometry_only | hgb,geometry_only,hgb,5,0.5422828972317026,0.003115600440871275,0.18,0.042426406871192854,0.238,0.010954451150103319,0.28640000000000004,0.01283744522870496,0.3056,0.0072663608498339865,10.84750873950515,0.062322642266028655,189.8964,44.759010720971034,125.54261999999999,5.778363437168005,60.429254400000005,2.7086495934758332,32.2401888,0.7665865369357853
robustness_alt_test,uptake(mmol/g) CO2 at 0.15 bar,47,210995,geometry_only | mlp,geometry_only,mlp,5,0.5105043610163065,0.004600910394570556,0.028000000000000004,0.010954451150103323,0.09200000000000001,0.010954451150103324,0.1936,0.02794279871451677,0.272,0.015165750888103095,10.211829556029254,0.09203391065726317,29.539439999999995,11.556726874336002,48.52908,5.778363437168005,40.8488256,5.895818757568182,28.695456,1.5999563871931015
robustness_alt_test,uptake(mmol/g) CO2 at 0.15 bar,47,210995,geometry_only | rf,geometry_only,rf,5,0.5642017444065225,0.0012111277529519265,0.332,0.010954451150103331,0.304,0.008944271909999166,0.36239999999999994,0.004560701700396556,0.36719999999999997,0.003033150177620623,11.285960491353682,0.024226688600857353,350.25336,11.55672687433604,160.35696,4.718013989805459,76.4649504,0.9622898159768735,38.738865600000004,0.3199912774386206
robustness_alt_test,uptake(mmol/g) CO2 at 0.15 bar,47,210995,geometry_only | ridge,geometry_only,ridge,5,0.18088737201365188,0.0,0.0,0.0,0.0,0.0,0.0,0.0,0.008,0.0,3.6183648033174527,0.0,0.0,0.0,0.0,0.0,0.0,0.0,0.8439840000000001,0.0
robustness_alt_test,uptake(mmol/g) CO2 at 0.15 bar,47,210995,geometry_plus_topology | hgb,geometry_plus_topology,hgb,5,0.612135001896094,0.0031202127312437485,0.276,0.016733200530681506,0.28200000000000003,0.013038404810405281,0.3912,0.007155417527999334,0.39959999999999996,0.0026076809620810618,12.244789235880571,0.062414903815083925,291.17448,17.65319189585837,148.75218,6.87762815344068,82.54163520000002,1.509764476737747,42.157000800000006,0.27510512613762717
robustness_alt_test,uptake(mmol/g) CO2 at 0.15 bar,47,210995,geometry_plus_topology | mlp,geometry_plus_topology,mlp,5,0.5918088737201366,0.0030994033737887514,0.136,0.08294576541331088,0.22000000000000003,0.036742346141747685,0.32080000000000003,0.033870341008026474,0.36479999999999996,0.017810109488714563,11.838197299910306,0.0619986456442863,143.47728,87.50612359573472,116.04780000000001,19.381220166310484,67.6875168,7.146506471329556,38.485670400000004,1.8789309308404094
robustness_alt_test,uptake(mmol/g) CO2 at 0.15 bar,47,210995,geometry_plus_topology | rf,geometry_plus_topology,rf,5,0.6576412590064467,0.0014290059674946136,0.4,0.014142135623730944,0.38,0.007071067811865481,0.4816,0.00669328021227261,0.45680000000000004,0.0067230945255886505,13.155069689545337,0.028584996503364817,421.992,14.919670240323665,200.4462,3.729917560080921,101.61567360000001,1.4122553516686691,48.19148640000001,0.7092730262605504
robustness_alt_test,uptake(mmol/g) CO2 at 0.15 bar,47,210995,geometry_plus_topology | ridge,geometry_plus_topology,ridge,5,0.4144861585134622,6.206335383118183e-17,0.02,0.0,0.01,0.0,0.044,0.0,0.074,0.0,8.291137798796594,0.0,21.0996,0.0,5.2749,0.0,9.283824000000001,0.0,7.806852000000001,9.930136612989092e-16
robustness_alt_test,uptake(mmol/g) CO2 at 0.15 bar,47,210995,topology_only | hgb,topology_only,hgb,5,0.2036405005688282,0.0016959180716722014,0.02,0.0,0.03,0.0,0.0392,0.0017888543819998333,0.0508,0.007155417527999327,4.073505030149837,0.03392414954972975,21.0996,0.0,15.824700000000002,1.9860273225978185e-15,8.2710432,0.37744111918443646,5.3592984,0.7548822383688728
robustness_alt_test,uptake(mmol/g) CO2 at 0.15 bar,47,210995,topology_only | mlp,topology_only,mlp,5,0.20432309442548352,0.0020491856027465066,0.02,0.0,0.03,0.0,0.041600000000000005,0.004560701700396553,0.0496,0.005727128425310542,4.087159236954808,0.04099070586244802,21.0996,0.0,15.824700000000002,1.9860273225978185e-15,8.7774336,0.9622898159768715,5.232700800000001,0.6042005946134114
robustness_alt_test,uptake(mmol/g) CO2 at 0.15 bar,47,210995,topology_only | rf,topology_only,rf,5,0.20561243837694348,0.003222244336177163,0.02,0.0,0.03,0.0,0.0368,0.0017888543819998336,0.04360000000000001,0.003577708763999664,4.11295051647531,0.06445588414448597,21.0996,0.0,15.824700000000002,1.9860273225978185e-15,7.7646528,0.3774411191844364,4.599712800000001,0.3774411191844364
robustness_alt_test,uptake(mmol/g) CO2 at 0.15 bar,47,210995,topology_only | ridge,topology_only,ridge,5,0.20212362533181646,0.0,0.02,0.0,0.03,0.0,0.04,0.0,0.046,0.0,4.043162348361011,0.0,21.0996,0.0,15.824700000000002,1.9860273225978185e-15,8.43984,0.0,4.852908,0.0
robustness_alt_test,uptake(mmol/g) CO2 at 0.15 bar,71,500,enriched_interpretable | hgb,enriched_interpretable,hgb,5,0.37868790291998483,0.02242943817353133,0.0,0.0,0.026000000000000002,0.03130495168499706,0.055200000000000006,0.03011976095522672,0.1036,0.029979993328885183,7.575050508580311,0.4486653144541542,0.0,0.0,13.71474,16.513048964319097,11.6469792,6.355149082509017,10.9295928,3.162829336210729
robustness_alt_test,uptake(mmol/g) CO2 at 0.15 bar,71,500,enriched_interpretable | mlp,enriched_interpretable,mlp,5,0.31422070534698526,0.06247427034490166,0.0,0.0,0.013999999999999999,0.0151657508881031,0.0472,0.013971399357258382,0.05600000000000001,0.014696938456699069,6.285486532555224,1.2496986296637154,0.0,0.0,7.384860000000001,7.999781935965506,9.9590112,2.9479093787840904,5.907888,1.5504976133048383
robustness_alt_test,uptake(mmol/g) CO2 at 0.15 bar,71,500,enriched_interpretable | rf,enriched_interpretable,rf,5,0.4062950322335988,0.027518328471811106,0.012,0.02683281572999748,0.016,0.01816590212458495,0.055200000000000006,0.036813041167499325,0.1056,0.026548069609672185,8.127287317136936,0.5504604886460233,12.65976,28.308083938832738,8.43984,9.582331711697314,11.6469792,7.7674044341776876,11.1405888,2.8007682476811966
robustness_alt_test,uptake(mmol/g) CO2 at 0.15 bar,71,500,enriched_interpretable | ridge,enriched_interpretable,ridge,5,0.27417519908987487,0.0241973100755681,0.0,0.0,0.004,0.00894427190999916,0.038400000000000004,0.003577708763999664,0.054000000000000006,0.0052915026221291815,5.484439733330228,0.4840287861873877,0.0,0.0,2.10996,4.718013989805456,8.1022464,0.7548822383688731,5.696892,0.5582429436293844
robustness_alt_test,uptake(mmol/g) CO2 at 0.15 bar,71,500,geometry_only | hgb,geometry_only,hgb,5,0.37550246492226014,0.02708217085771125,0.004,0.00894427190999916,0.018,0.014832396974191326,0.0432,0.021614809737770073,0.09759999999999999,0.01851485889765299,7.511330876823777,0.5417358477714868,4.21992,9.436027979610913,9.49482,7.823941079916183,9.1150272,4.560638395430535,10.2966048,1.9532805839845948
robustness_alt_test,uptake(mmol/g) CO2 at 0.15 bar,71,500,geometry_only | mlp,geometry_only,mlp,5,0.2337504740235116,0.06240460029002463,0.0,0.0,0.002,0.00447213595499958,0.012000000000000002,0.020199009876724155,0.018000000000000002,0.02683281572999748,4.675807263658025,1.2483049907844175,0.0,0.0,1.05498,2.359006994902728,2.531952000000001,4.261910287949291,1.8989640000000008,2.830808393883274
robustness_alt_test,uptake(mmol/g) CO2 at 0.15 bar,71,500,geometry_only | rf,geometry_only,rf,5,0.39355328024270003,0.032136864373020775,0.0,0.0,0.01,0.01224744871391589,0.052000000000000005,0.038574603043971825,0.0992,0.02211786608151881,7.872408790110802,0.6428469695913812,0.0,0.0,5.2749,6.460406722103493,10.971792000000002,8.139086943865879,10.465401600000002,2.3333906358680716
robustness_alt_test,uptake(mmol/g) CO2 at 0.15 bar,71,500,geometry_only | ridge,geometry_only,ridge,5,0.18043230944254834,0.010369398395579307,0.0,0.0,0.0,0.0,0.0024000000000000002,0.0021908902300206644,0.0064,0.0008944271909999159,3.609261998780805,0.20742335834979628,0.0,0.0,0.0,0.0,0.5063904000000001,0.46226907497344016,0.6751872000000001,0.0943602797961091
robustness_alt_test,uptake(mmol/g) CO2 at 0.15 bar,71,500,geometry_plus_topology | hgb,geometry_plus_topology,hgb,5,0.4309442548350398,0.036434225411859186,0.012,0.02683281572999748,0.026000000000000002,0.03577708763999664,0.052000000000000005,0.024494897427831782,0.11720000000000001,0.0214289523775662,8.620355896205352,0.7288088571293742,12.65976,28.308083938832738,13.71474,18.872055959221825,10.971792,5.168325377682795,12.364365600000003,2.260711617928479
robustness_alt_test,uptake(mmol/g) CO2 at 0.15 bar,71,500,geometry_plus_topology | mlp,geometry_plus_topology,mlp,5,0.4170648464163823,0.04426346167064429,0.004,0.00894427190999916,0.008,0.008366600265340755,0.0336,0.023255106965997814,0.07880000000000001,0.03978944583680452,8.342720357837598,0.885420303247939,4.21992,9.436027979610913,4.21992,4.413297973964594,7.089465600000001,4.906734549397675,8.3132424,4.197706956891203
robustness_alt_test,uptake(mmol/g) CO2 at 0.15 bar,71,500,geometry_plus_topology | rf,geometry_plus_topology,rf,5,0.44573378839590444,0.02104168957119648,0.016,0.026076809620810593,0.02,0.02345207879911715,0.06,0.017888543819998312,0.11199999999999999,0.015165750888103105,8.916197043646402,0.4209056060641045,16.87968,27.51051261376276,10.5498,12.370737045746305,12.659760000000002,3.7744111918443655,11.815776,1.5999563871931013
robustness_alt_test,uptake(mmol/g) CO2 at 0.15 bar,71,500,geometry_plus_topology | ridge,geometry_plus_topology,ridge,5,0.3742131209708001,0.020529366705696734,0.0,0.0,0.002,0.00447213595499958,0.0264,0.011523888232710347,0.0472,0.003898717737923586,7.4855395973032754,0.41065740021190633,0.0,0.0,1.05498,2.359006994902728,5.5702944,2.431494321548952,4.9795056,0.41130692391546225
robustness_alt_test,uptake(mmol/g) CO2 at 0.15 bar,71,500,topology_only | hgb,topology_only,hgb,5,0.19795221843003413,0.000656826244811856,0.0,0.0,0.0,0.0,0.0,0.0,0.0176,0.0021908902300206644,3.9597199734417408,0.013138766624034971,0.0,0.0,0.0,0.0,0.0,0.0,1.8567648,0.23113453748672
robustness_alt_test,uptake(mmol/g) CO2 at 0.15 bar,71,500,topology_only | mlp,topology_only,mlp,5,0.20083428138035647,0.0029569341963773936,0.0,0.0,0.0,0.0,0.0064,0.004560701700396552,0.019200000000000002,0.0036331804249169902,4.017371068840509,0.059148775853133016,0.0,0.0,0.0,0.0,1.3503744,0.9622898159768709,2.0255616000000005,0.38329326846789274
robustness_alt_test,uptake(mmol/g) CO2 at 0.15 bar,71,500,topology_only | rf,topology_only,rf,5,0.20166856276071293,0.0050051136752055966,0.0,0.0,0.0,0.0,0.008800000000000002,0.011099549540409285,0.024,0.009273618495495704,4.034059543824364,0.10011935580334476,0.0,0.0,0.0,0.0,1.8567648000000005,2.3419605548281983,2.531952,0.9783482040378059
robustness_alt_test,uptake(mmol/g) CO2 at 0.15 bar,71,500,topology_only | ridge,topology_only,ridge,5,0.19620781190747064,0.008366911108393856,0.0,0.0,0.004,0.005477225575051661,0.0128,0.011798304963002102,0.0264,0.007536577472566709,3.9248258893845915,0.16736677817848586,0.0,0.0,2.10996,2.8891817185840005,2.7007488000000004,2.4893951539735917,2.7851472,0.7950938502008428
robustness_alt_test,uptake(mmol/g) CO2 at 0.15 bar,71,1000,enriched_interpretable | hgb,enriched_interpretable,hgb,5,0.41076981418278347,0.022216526738905746,0.0,0.0,0.036,0.028809720581775868,0.1016,0.02779928056623049,0.1448,0.023815961034566714,8.216798228413973,0.44440635910145604,0.0,0.0,18.989639999999998,15.196839509680952,21.437193600000004,5.865537002352369,15.276110400000002,2.51253625722472
robustness_alt_test,uptake(mmol/g) CO2 at 0.15 bar,71,1000,enriched_interpretable | mlp,enriched_interpretable,mlp,5,0.3361395525218051,0.054480691660712774,0.0,0.0,0.006,0.005477225575051661,0.037599999999999995,0.014028542333400146,0.0644,0.03639780213144745,6.7239382844037525,1.0897997741414251,0.0,0.0,3.16494,2.8891817185840005,7.9334496,2.9599663181780973,6.7940712,3.839895329263443
robustness_alt_test,uptake(mmol/g) CO2 at 0.15 bar,71,1000,enriched_interpretable | rf,enriched_interpretable,rf,5,0.42411831626848695,0.015136959476740893,0.024,0.026076809620810593,0.046,0.021908902300206645,0.1056,0.03232336616133908,0.1652,0.013084341787036899,8.483813828155638,0.3027908515125545,25.31952,27.510512613762764,24.26454,11.556726874336006,22.2811776,6.820100966577901,17.4282696,1.380371889848819
robustness_alt_test,uptake(mmol/g) CO2 at 0.15 bar,71,1000,enriched_interpretable | ridge,enriched_interpretable,ridge,5,0.2653773227152067,0.04047918774221122,0.0,0.0,0.004,0.00894427190999916,0.0376,0.003577708763999664,0.06,0.009899494936611665,5.308452178955038,0.8097219090686006,0.0,0.0,2.10996,4.718013989805456,7.9334496,0.7548822383688728,6.329880000000001,1.0443769168226575
robustness_alt_test,uptake(mmol/g) CO2 at 0.15 bar,71,1000,geometry_only | hgb,geometry_only,hgb,5,0.377929465301479,0.031875365534437955,0.004,0.00894427190999916,0.032,0.03492849839314596,0.0824,0.03054177467011372,0.11480000000000001,0.02958377933936096,7.559879167685898,0.6376161003322215,4.21992,9.436027979610913,16.87968,18.424433617400563,17.3860704,6.444192288295315,12.1111704,3.1210295527439027
robustness_alt_test,uptake(mmol/g) CO2 at 0.15 bar,71,1000,geometry_only | mlp,geometry_only,mlp,5,0.279484262419416,0.07296292090490593,0.02,0.02,0.036,0.03361547262794322,0.047200000000000006,0.03973914946246333,0.0624,0.05162170086310602,5.590639119591117,1.4595074383059852,21.0996,21.0996,18.98964,17.73182565651377,9.9590112,8.384801579981914,6.5830752000000015,5.445986197655959
robustness_alt_test,uptake(mmol/g) CO2 at 0.15 bar,71,1000,geometry_only | rf,geometry_only,rf,5,0.39635949943117177,0.034708777088880295,0.004,0.00894427190999916,0.034,0.025099800796022267,0.09119999999999999,0.03798947222586805,0.126,0.04322036556994863,7.928542751420129,0.69429400176767,4.21992,9.436027979610913,17.93466,13.239893921893787,19.242835200000002,8.015626681769255,13.292748,4.5596621268984405
robustness_alt_test,uptake(mmol/g) CO2 at 0.15 bar,71,1000,geometry_only | ridge,geometry_only,ridge,5,0.1806598407281001,0.008537056846571231,0.0,0.0,0.0,0.0,0.0032,0.001788854381999832,0.008,0.002449489742783178,3.6138134010491285,0.17077027364421166,0.0,0.0,0.0,0.0,0.6751872000000001,0.3774411191844365,0.8439840000000001,0.25841626888413977
robustness_alt_test,uptake(mmol/g) CO2 at 0.15 bar,71,1000,geometry_plus_topology | hgb,geometry_plus_topology,hgb,5,0.44884338263177853,0.01898292241143948,0.008,0.017888543819998316,0.034,0.028809720581775864,0.08800000000000001,0.013564659966250538,0.1516,0.025976912826585073,8.978399541313495,0.37972323635988636,8.43984,18.872055959221825,17.93466,15.196839509680952,18.567648,2.862088994238998,15.993496799999999,2.7405123493790717
robustness_alt_test,uptake(mmol/g) CO2 at 0.15 bar,71,1000,geometry_plus_topology | mlp,geometry_plus_topology,mlp,5,0.41911262798634813,0.04399706365262893,0.004,0.00894427190999916,0.016,0.01673320053068151,0.029600000000000005,0.010807404868885036,0.0756,0.029946619174791668,8.383682978252514,0.8800914336793798,4.21992,9.436027979610913,8.43984,8.826595947929189,6.2454816,2.2803191977152673,7.9756488,3.159308429702172
robustness_alt_test,uptake(mmol/g) CO2 at 0.15 bar,71,1000,geometry_plus_topology | rf,geometry_plus_topology,rf,5,0.46734926052332193,0.014271430200367106,0.024,0.03286335345030997,0.05,0.01414213562373095,0.1008,0.023392306427541514,0.1628,0.021099763031844687,9.348580259137167,0.28547731196024434,25.31952,34.67018062300801,26.3745,7.45983512016184,21.2683968,4.93568308698555,17.175074400000003,2.225982800333552
robustness_alt_test,uptake(mmol/g) CO2 at 0.15 bar,71,1000,geometry_plus_topology | ridge,geometry_plus_topology,ridge,5,0.3777019340159272,0.004766706518762432,0.004,0.00894427190999916,0.004,0.005477225575051661,0.020800000000000003,0.009549869109050658,0.04560000000000001,0.004560701700396551,7.555327765417575,0.09535039899817947,4.21992,9.436027979610913,2.10996,2.8891817185840005,4.3887168,2.014984182533253,4.8107088000000005,0.4811449079884355
robustness_alt_test,uptake(mmol/g) CO2 at 0.15 bar,71,1000,topology_only | hgb,topology_only,hgb,5,0.19734546833522942,0.0022046934931738466,0.0,0.0,0.0,0.0,0.0,0.0,0.017599999999999998,0.0008944271909999152,3.9475829007262098,0.044101394414648165,0.0,0.0,0.0,0.0,0.0,0.0,1.8567647999999999,0.09436027979610911
robustness_alt_test,uptake(mmol/g) CO2 at 0.15 bar,71,1000,topology_only | mlp,topology_only,mlp,5,0.20053090633295412,0.003143172663648413,0.0,0.0,0.0,0.0,0.0064,0.0035777087639996636,0.0248,0.00303315017762062,4.011302532482745,0.06287418082472139,0.0,0.0,0.0,0.0,1.3503744,0.7548822383688731,2.6163504000000004,0.31999127743862027
robustness_alt_test,uptake(mmol/g) CO2 at 0.15 bar,71,1000,topology_only | rf,topology_only,rf,5,0.20030337504740237,0.0026463930712731006,0.0,0.0,0.0,0.0,0.009600000000000001,0.006693280212272605,0.022399999999999996,0.002966479394838266,4.00675113021442,0.05293689348372571,0.0,0.0,0.0,0.0,2.0255616000000005,1.4122553516686704,2.3631552000000005,0.3129576431966474
robustness_alt_test,uptake(mmol/g) CO2 at 0.15 bar,71,1000,topology_only | ridge,topology_only,ridge,5,0.1983314372392871,0.003811101866181602,0.008,0.01788854381999832,0.006,0.00894427190999916,0.008799999999999999,0.004381780460041329,0.0232,0.0038987177379235863,3.9673056438889467,0.07623504449723663,8.43984,18.872055959221825,3.16494,4.718013989805456,1.8567648,0.9245381499468803,2.4475536,0.41130692391546253
robustness_alt_test,uptake(mmol/g) CO2 at 0.15 bar,71,2000,enriched_interpretable | hgb,enriched_interpretable,hgb,5,0.444899507015548,0.01659791819676143,0.008,0.010954451150103323,0.039999999999999994,0.029154759474226504,0.1232,0.03702971779530598,0.1872,0.03067898303399251,8.899508568662547,0.33201501212020035,8.43984,11.556726874336002,21.099600000000002,15.378844075059739,25.994707200000004,7.813122335938379,19.7492256,3.236571352120142
robustness_alt_test,uptake(mmol/g) CO2 at 0.15 bar,71,2000,enriched_interpretable | mlp,enriched_interpretable,mlp,5,0.3877891543420554,0.026078841945027995,0.02,0.02449489742783178,0.026000000000000002,0.027018512172212596,0.0504,0.01824280680158621,0.1016,0.03592770518694452,7.757106599313263,0.5216658451870618,21.0996,25.841626888413973,13.71474,14.251994985720422,10.6341984,3.849159263907483,10.7185968,3.790301041812273
robustness_alt_test,uptake(mmol/g) CO2 at 0.15 bar,71,2000,enriched_interpretable | rf,enriched_interpretable,rf,5,0.4572620401971938,0.01725424745776754,0.028000000000000004,0.038987177379235856,0.068,0.044384682042344296,0.1288,0.04836527680061389,0.1912,0.025163465580082558,9.146801425241478,0.34514383737193033,29.539440000000003,41.13069239154624,35.86932,23.41247593051619,27.1762848,10.204879943822329,20.171217600000002,2.65469529176755
robustness_alt_test,uptake(mmol/g) CO2 at 0.15 bar,71,2000,enriched_interpretable | ridge,enriched_interpretable,ridge,5,0.2835798255593477,0.00530499871493774,0.0,0.0,0.0,0.0,0.04,0.007483314773547882,0.0512,0.0022803508501982746,5.672564360420946,0.10611808009641684,0.0,0.0,0.0,0.0,8.43984,1.578949483959509,5.401497600000001,0.24057245399421742
robustness_alt_test,uptake(mmol/g) CO2 at 0.15 bar,71,2000,geometry_only | hgb,geometry_only,hgb,5,0.4103905953735306,0.015753335407495548,0.0,0.0,0.028000000000000004,0.02280350850198276,0.07999999999999999,0.02870540018881465,0.13679999999999998,0.02958377933936095,8.209212557966767,0.3151204737997662,0.0,0.0,14.769719999999998,12.028622699710885,16.87968,6.056724618239135,14.432126399999998,3.1210295527439014
robustness_alt_test,uptake(mmol/g) CO2 at 0.15 bar,71,2000,geometry_only | mlp,geometry_only,mlp,5,0.3448615851346227,0.037873119959229457,0.008,0.010954451150103323,0.026000000000000002,0.008944271909999158,0.04479999999999999,0.015594870951694342,0.07799999999999999,0.023021728866442673,6.8984087046894995,0.7575916589796721,8.43984,11.556726874336002,13.71474,4.718013989805456,9.452620800000002,3.2904553913236994,8.228844,2.4287463519519696
robustness_alt_test,uptake(mmol/g) CO2 at 0.15 bar,71,2000,geometry_only | rf,geometry_only,rf,5,0.43185437997724685,0.023934986288039133,0.0,0.0,0.048,0.037013511046643494,0.1112,0.042464102486688686,0.16360000000000002,0.02123205124334434,8.638561505278648,0.4787814151337799,0.0,0.0,25.319519999999997,19.52425694199398,23.462755200000004,8.959755768281367,17.259472800000005,2.239938942070341
robustness_alt_test,uptake(mmol/g) CO2 at 0.15 bar,71,2000,geometry_only | ridge,geometry_only,ridge,5,0.18065984072810012,0.006410929225333074,0.0,0.0,0.0,0.0,0.0024000000000000002,0.0021908902300206644,0.008,0.001414213562373095,3.6138134010491294,0.12824046481118484,0.0,0.0,0.0,0.0,0.5063904000000001,0.46226907497344016,0.8439840000000001,0.14919670240323676
robustness_alt_test,uptake(mmol/g) CO2 at 0.15 bar,71,2000,geometry_plus_topology | hgb,geometry_plus_topology,hgb,5,0.4796359499431172,0.018557327288725528,0.0,0.0,0.036,0.02073644135332772,0.1192,0.022873565528793275,0.19039999999999999,0.012992305415129373,9.594355981626652,0.37120988136252675,0.0,0.0,18.98964,10.93826544946684,25.150723199999998,4.826230832313267,20.086819200000004,1.3706622366853192
robustness_alt_test,uptake(mmol/g) CO2 at 0.15 bar,71,2000,geometry_plus_topology | mlp,geometry_plus_topology,mlp,5,0.45164960182025027,0.010809399176138962,0.004,0.00894427190999916,0.004,0.00894427190999916,0.023200000000000005,0.02567489045740994,0.086,0.04188078318274385,9.034533502622823,0.2162248756701378,4.21992,9.436027979610913,2.10996,4.718013989805456,4.8951072,5.417299186951668,9.072828000000001,4.418338864213111
robustness_alt_test,uptake(mmol/g) CO2 at 0.15 bar,71,2000,geometry_plus_topology | rf,geometry_plus_topology,rf,5,0.483352294273796,0.017682741704121926,0.028000000000000004,0.038987177379235856,0.048,0.030331501776206204,0.1312,0.032545352970892776,0.1824,0.024633310780323464,9.668695552009277,0.35371518473671876,29.539440000000003,41.13069239154624,25.319519999999997,15.999563871931008,27.6826752,6.8669392954464925,19.242835200000002,2.598765020702565
robustness_alt_test,uptake(mmol/g) CO2 at 0.15 bar,71,2000,geometry_plus_topology | ridge,geometry_plus_topology,ridge,5,0.3817216533940083,0.009360638193731162,0.004,0.00894427190999916,0.004,0.005477225575051661,0.024,0.007483314773547883,0.044000000000000004,0.012884098726725128,7.635735872157961,0.1872447114452503,4.21992,9.436027979610913,2.10996,2.8891817185840005,5.063904000000001,1.578949483959509,4.6419120000000005,1.3592466474720477
robustness_alt_test,uptake(mmol/g) CO2 at 0.15 bar,71,2000,topology_only | hgb,topology_only,hgb,5,0.20212362533181646,0.003150028010207846,0.0,0.0,0.0,0.0,0.0016,0.0021908902300206644,0.0204,0.0021908902300206644,4.043162348361011,0.06301131115299712,0.0,0.0,0.0,0.0,0.33759360000000005,0.46226907497344016,2.1521592000000003,0.23113453748672014
robustness_alt_test,uptake(mmol/g) CO2 at 0.15 bar,71,2000,topology_only | mlp,topology_only,mlp,5,0.19726962457337885,0.0034797329531905796,0.0,0.0,0.004,0.00894427190999916,0.009600000000000001,0.014859340496805366,0.024399999999999998,0.018077610461562667,3.9460657666367696,0.06960653528549474,0.0,0.0,2.10996,4.718013989805456,2.0255616000000005,3.135261407463946,2.5741512,1.9071517484739386
robustness_alt_test,uptake(mmol/g) CO2 at 0.15 bar,71,2000,topology_only | rf,topology_only,rf,5,0.19893818733409177,0.0014340288510571906,0.0,0.0,0.002,0.00447213595499958,0.008000000000000002,0.007483314773547883,0.0284,0.01681665840766233,3.979442716604477,0.02868547131756387,0.0,0.0,1.05498,2.359006994902728,1.6879680000000001,1.578949483959509,2.9961432,1.7741238286915604
robustness_alt_test,uptake(mmol/g) CO2 at 0.15 bar,71,2000,topology_only | ridge,topology_only,ridge,5,0.19742131209708003,0.0028072439170757366,0.008,0.01788854381999832,0.006,0.00894427190999916,0.013600000000000001,0.014028542333400144,0.031599999999999996,0.019256167843057455,3.9491000348156517,0.056154459378774196,8.43984,18.872055959221825,3.16494,4.718013989805456,2.8695456000000004,2.9599663181780973,3.3337367999999996,2.031487195106876
robustness_alt_test,uptake(mmol/g) CO2 at 0.15 bar,71,5000,enriched_interpretable | hgb,enriched_interpretable,hgb,5,0.485930982176716,0.003492109043070552,0.052000000000000005,0.041472882706655445,0.096,0.03781534080237807,0.2192,0.05117812032499826,0.244,0.021494185260204687,9.72027811105028,0.0698540993223084,54.85896,43.75306179786736,50.63904000000001,19.94721411984641,46.250323200000004,10.798378676093332,25.741512,2.2675935565810734
robustness_alt_test,uptake(mmol/g) CO2 at 0.15 bar,71,5000,enriched_interpretable | mlp,enriched_interpretable,mlp,5,0.4269245354569587,0.02699041756130715,0.004,0.008944271909999158,0.014000000000000002,0.011401754250991379,0.06,0.019390719429665314,0.12840000000000001,0.025628109567426158,8.539947789464964,0.5399004686922227,4.21992,9.436027979610913,7.384859999999999,6.0143113498554435,12.659760000000002,4.091364236781663,13.545943200000002,2.703714303144325
robustness_alt_test,uptake(mmol/g) CO2 at 0.15 bar,71,5000,enriched_interpretable | rf,enriched_interpretable,rf,5,0.48661357603337124,0.0059623038322437665,0.05600000000000001,0.03286335345030996,0.08199999999999999,0.0363318042491699,0.21760000000000002,0.03694319964486022,0.2408,0.01597498043817269,9.733932317855253,0.11926642580471186,59.078880000000005,34.67018062300801,43.25418,19.164663423394632,45.912729600000006,7.794867352266926,25.403918400000006,1.6853284862663422
robustness_alt_test,uptake(mmol/g) CO2 at 0.15 bar,71,5000,enriched_interpretable | ridge,enriched_interpretable,ridge,5,0.28737201365187715,0.0045616728505712845,0.0,0.0,0.0,0.0,0.036000000000000004,0.004,0.05,0.001414213562373094,5.748421064893009,0.09124902586074506,0.0,0.0,0.0,0.0,7.595856,0.8439839999999998,5.274900000000001,0.1491967024032366
robustness_alt_test,uptake(mmol/g) CO2 at 0.15 bar,71,5000,geometry_only | hgb,geometry_only,hgb,5,0.45172544558210087,0.013416523519638618,0.052000000000000005,0.05215361924162119,0.074,0.03847076812334269,0.1704,0.05646946077305856,0.202,0.026758176320519304,9.036050636712265,0.2683762605754333,54.85896,55.02102522752553,39.03426,20.292945477382034,35.9537184,11.914830345272264,21.310596,2.8229340854621463
robustness_alt_test,uptake(mmol/g) CO2 at 0.15 bar,71,5000,geometry_only | mlp,geometry_only,mlp,5,0.3690557451649602,0.02352593539892316,0.008,0.010954451150103323,0.016,0.008944271909999158,0.0392,0.015594870951694342,0.0824,0.019308029417835472,7.3823744792212675,0.4705990012733402,8.43984,11.556726874336002,8.43984,4.718013989805456,8.271043200000001,3.2904553913237,8.6930352,2.036958487522807
robustness_alt_test,uptake(mmol/g) CO2 at 0.15 bar,71,5000,geometry_only | rf,geometry_only,rf,5,0.4596890405764126,0.01162167997535258,0.052000000000000005,0.030331501776206204,0.1,0.066332495807108,0.2032,0.05764720288097246,0.22480000000000003,0.02193627133311402,9.195349716103596,0.2324732639438276,54.85896,31.999127743862015,52.749,34.9897282132914,42.87438720000001,12.163329219073667,23.715950400000004,2.3142327531008626
robustness_alt_test,uptake(mmol/g) CO2 at 0.15 bar,71,5000,geometry_only | ridge,geometry_only,ridge,5,0.18354190367842244,0.0035167305633279186,0.0,0.0,0.0,0.0,0.004,0.0,0.0088,0.0022803508501982764,3.6714644964478977,0.07034661375994858,0.0,0.0,0.0,0.0,0.8439840000000001,0.0,0.9283824,0.24057245399421773
robustness_alt_test,uptake(mmol/g) CO2 at 0.15 bar,71,5000,geometry_plus_topology | hgb,geometry_plus_topology,hgb,5,0.5111111111111111,0.009130436079252654,0.052000000000000005,0.030331501776206204,0.084,0.02701851217221259,0.2,0.03919183588453085,0.2392,0.02567489045740995,10.223966628744787,0.18263988348293478,54.85896,31.999127743862015,44.309160000000006,14.251994985720419,42.199200000000005,8.269320604292474,25.235121600000003,2.708649593475835
robustness_alt_test,uptake(mmol/g) CO2 at 0.15 bar,71,5000,geometry_plus_topology | mlp,geometry_plus_topology,mlp,5,0.4674251042851726,0.014060787083032189,0.0,0.0,0.0,0.0,0.0392,0.020278066969018523,0.124,0.027820855486487113,9.350097393226608,0.2812637306950573,0.0,0.0,0.0,0.0,8.271043200000001,4.278591018195033,13.081752,2.9350446121134173
robustness_alt_test,uptake(mmol/g) CO2 at 0.15 bar,71,5000,geometry_plus_topology | rf,geometry_plus_topology,rf,5,0.504133485020857,0.009674168386146877,0.068,0.010954451150103326,0.076,0.005477225575051659,0.16240000000000002,0.017111399708965944,0.22080000000000002,0.007694153624668545,10.084390292516186,0.19351638536248075,71.73864,11.556726874336,40.089240000000004,2.8891817185839983,34.2657504,3.6104368929929787,23.293958400000005,0.8117178190952826
robustness_alt_test,uptake(mmol/g) CO2 at 0.15 bar,71,5000,geometry_plus_topology | ridge,geometry_plus_topology,ridge,5,0.3918847174819871,0.00630347903399092,0.004,0.00894427190999916,0.002,0.00447213595499958,0.019200000000000002,0.01213260071048248,0.0412,0.008786353054595518,7.839031840143093,0.12609109426013893,4.21992,9.436027979610913,1.05498,2.359006994902728,4.0511232,2.5599302195089617,4.3465176,0.9269426745537179
robustness_alt_test,uptake(mmol/g) CO2 at 0.15 bar,71,5000,topology_only | hgb,topology_only,hgb,5,0.19825559347743646,0.003097082592202568,0.0,0.0,0.0,0.0,0.0048000000000000004,0.004381780460041329,0.019200000000000002,0.002683281572999747,3.9657885097995065,0.06195222209180635,0.0,0.0,0.0,0.0,1.0127808,0.9245381499468803,2.0255616,0.28308083938832745
robustness_alt_test,uptake(mmol/g) CO2 at 0.15 bar,71,5000,topology_only | mlp,topology_only,mlp,5,0.19711793704967767,0.0018067697003521632,0.0,0.0,0.0,0.0,0.0088,0.011099549540409287,0.022,0.007874007874011811,3.943031498457887,0.03614156045653237,0.0,0.0,0.0,0.0,1.8567648,2.3419605548281983,2.320956,0.8306920826924983
robustness_alt_test,uptake(mmol/g) CO2 at 0.15 bar,71,5000,topology_only | rf,topology_only,rf,5,0.1982555934774365,0.005697123706242278,0.0,0.0,0.008,0.010954451150103323,0.017599999999999998,0.020707486568871652,0.035199999999999995,0.014532721699667963,3.9657885097995056,0.11396191823305796,0.0,0.0,4.21992,5.778363437168001,3.7135295999999998,4.369196836085644,3.7135296,1.5331730738715705
robustness_alt_test,uptake(mmol/g) CO2 at 0.15 bar,71,5000,topology_only | ridge,topology_only,ridge,5,0.20151687523701173,0.004378294242661079,0.0,0.0,0.006,0.00894427190999916,0.024,0.01743559577416269,0.0348,0.015594870951694342,4.031025275645481,0.08758082783698494,0.0,0.0,3.16494,4.718013989805456,5.063904,3.678840965965232,3.6713304,1.64522769566185
robustness_alt_test,uptake(mmol/g) CO2 at 0.15 bar,71,10000,enriched_interpretable | hgb,enriched_interpretable,hgb,5,0.5185437997724687,0.0061005923556132595,0.10800000000000001,0.04381780460041329,0.14800000000000002,0.01923538406167135,0.2472,0.016346253393362046,0.2712,0.01213260071048247,10.372645769510031,0.12203266824658444,113.93784000000001,46.226907497344015,78.06852,10.146472738691019,52.158211200000004,3.4489940809858184,28.611057600000002,1.279965109754479
robustness_alt_test,uptake(mmol/g) CO2 at 0.15 bar,71,10000,enriched_interpretable | mlp,enriched_interpretable,mlp,5,0.45066363291619266,0.010555642577296508,0.008,0.010954451150103323,0.022000000000000002,0.004472135954999578,0.0792,0.009549869109050656,0.1588,0.0048166378315169225,9.014810759460087,0.2111488776298117,8.43984,11.556726874336002,11.604779999999998,2.3590069949027286,16.7108832,2.0149841825332526,16.7530824,0.5081456579493725
robustness_alt_test,uptake(mmol/g) CO2 at 0.15 bar,71,10000,enriched_interpretable | rf,enriched_interpretable,rf,5,0.5183162684869169,0.006581385862697484,0.12,0.04,0.158,0.0216794833886788,0.2696,0.02523489647294,0.28680000000000005,0.02508385935218103,10.368094367241707,0.13165017932174064,126.59760000000001,42.1992,83.34342,11.435710692694181,56.88452160000001,5.32446221620445,30.2568264,2.646296993936396
robustness_alt_test,uptake(mmol/g) CO2 at 0.15 bar,71,10000,enriched_interpretable | ridge,enriched_interpretable,ridge,5,0.29055745164960184,0.00795636850008807,0.0,0.0,0.0,0.0,0.036000000000000004,0.004,0.0496,0.00167332005306815,5.812140696649544,0.15915452484305867,0.0,0.0,0.0,0.0,7.595856,0.8439839999999998,5.232700800000001,0.17653191895858358
robustness_alt_test,uptake(mmol/g) CO2 at 0.15 bar,71,10000,geometry_only | hgb,geometry_only,hgb,5,0.47645051194539245,0.008633372400889338,0.076,0.045607017003965515,0.11000000000000001,0.04301162633521313,0.2096,0.04432606456702423,0.2344,0.026206869328479515,9.53063634987012,0.17269691345260244,80.17848000000001,48.11449079884355,58.023900000000005,22.688202775561574,44.22476160000001,9.352622319383844,24.728731200000006,2.764772300415933
robustness_alt_test,uptake(mmol/g) CO2 at 0.15 bar,71,10000,geometry_only | mlp,geometry_only,mlp,5,0.44747819491846796,0.012447969330428413,0.0,0.0,0.028000000000000004,0.008366600265340756,0.0744,0.024429490375363953,0.15760000000000002,0.021835750502329884,8.951091127703553,0.24900187114553213,0.0,0.0,14.769720000000001,4.413297973964595,15.6981024,5.154524751240293,16.626484800000004,2.3036280064947987
robustness_alt_test,uptake(mmol/g) CO2 at 0.15 bar,71,10000,geometry_only | rf,geometry_only,rf,5,0.4838073568448995,0.005181577869517183,0.11600000000000002,0.06985699678629192,0.162,0.034928498393145956,0.2488,0.028761084819596074,0.26080000000000003,0.020327321515635058,9.677798356545924,0.10364924195645145,122.37768000000001,73.69773446960225,85.45338000000001,18.42443361740056,52.49580480000001,6.068473852595494,27.513878400000003,2.144491765256468
robustness_alt_test,uptake(mmol/g) CO2 at 0.15 bar,71,10000,geometry_only | ridge,geometry_only,ridge,5,0.18543799772468714,0.0028880444087462675,0.0,0.0,0.0,0.0,0.004,0.0,0.008400000000000001,0.0021908902300206644,3.7093928486839296,0.05777074498178125,0.0,0.0,0.0,0.0,0.8439840000000001,0.0,0.8861832000000002,0.2311345374867201
robustness_alt_test,uptake(mmol/g) CO2 at 0.15 bar,71,10000,geometry_plus_topology | hgb,geometry_plus_topology,hgb,5,0.5463026166097837,0.0039827002967360295,0.10800000000000001,0.04381780460041329,0.164,0.053197744313081545,0.2664,0.032074912314767126,0.298,0.016062378404209023,10.92791684624554,0.07966759876849788,113.93784000000001,46.226907497344015,86.50836000000001,28.061278147707387,56.2093344,6.767678198766604,31.438404000000002,1.694548796887243
robustness_alt_test,uptake(mmol/g) CO2 at 0.15 bar,71,10000,geometry_plus_topology | mlp,geometry_plus_topology,mlp,5,0.49381873340917715,0.007004778089658747,0.016,0.01673320053068151,0.02,0.01224744871391589,0.10079999999999997,0.020079840636817815,0.19360000000000002,0.015126136320951224,9.878060056352174,0.14011946888563148,16.87968,17.653191895858377,10.5498,6.460406722103492,21.2683968,4.2367660550060116,20.424412800000002,1.5957771295877117
robustness_alt_test,uptake(mmol/g) CO2 at 0.15 bar,71,10000,geometry_plus_topology | rf,geometry_plus_topology,rf,5,0.5358361774744027,0.008458364817290663,0.11599999999999999,0.040987803063838396,0.126,0.03209361307176243,0.248,0.023323807579381208,0.28359999999999996,0.017169740825067798,10.718552341902642,0.16919616448512137,122.37768000000001,43.24131247628823,66.46374,16.929059959223967,52.327008,4.921230104019117,29.919232800000003,1.8113733175630018
robustness_alt_test,uptake(mmol/g) CO2 at 0.15 bar,71,10000,geometry_plus_topology | ridge,geometry_plus_topology,ridge,5,0.3975729996207812,0.006371553135908881,0.004,0.00894427190999916,0.002,0.00447213595499958,0.0256,0.0072663608498339805,0.0468,0.010059821071967432,7.952816896851189,0.12745280863331734,4.21992,9.436027979610913,1.05498,2.359006994902728,5.4014976,1.5331730738715705,4.9373064,1.0612910034504202
robustness_alt_test,uptake(mmol/g) CO2 at 0.15 bar,71,10000,topology_only | hgb,topology_only,hgb,5,0.19954493742889648,0.00554360312980042,0.0,0.0,0.0,0.0,0.0056,0.0021908902300206644,0.0256,0.006542170893518449,3.991579789320008,0.11089098274320923,0.0,0.0,0.0,0.0,1.1815776,0.46226907497344016,2.7007488000000004,0.6901859449244095
robustness_alt_test,uptake(mmol/g) CO2 at 0.15 bar,71,10000,topology_only | mlp,topology_only,mlp,5,0.1987864998103906,0.0022658125515797726,0.0,0.0,0.002,0.00447213595499958,0.009600000000000001,0.010039920318408908,0.0248,0.009011104260855047,3.9764084484255946,0.04532398418023576,0.0,0.0,1.05498,2.359006994902728,2.0255616000000005,2.1183830275030058,2.6163504,0.9506534773116859
robustness_alt_test,uptake(mmol/g) CO2 at 0.15 bar,71,10000,topology_only | rf,topology_only,rf,5,0.20144103147516118,0.0039171669347339315,0.0,0.0,0.015999999999999997,0.015165750888103104,0.029599999999999998,0.018676188047886004,0.0412,0.01338656042454521,4.02950814155604,0.07835670786510425,0.0,0.0,8.43984,7.999781935965505,6.245481600000001,3.9406009733517555,4.3465176,1.4122553516686707
robustness_alt_test,uptake(mmol/g) CO2 at 0.15 bar,71,10000,topology_only | ridge,topology_only,ridge,5,0.20204778156996586,0.0070914931277086144,0.0,0.0,0.008,0.004472135954999579,0.0232,0.010733126291998992,0.0352,0.011099549540409287,4.04164521427157,0.1418540656023899,0.0,0.0,4.21992,2.359006994902728,4.8951072,2.264646715106619,3.7135296,1.1709802774140992
robustness_alt_test,uptake(mmol/g) CO2 at 0.15 bar,71,20000,enriched_interpretable | hgb,enriched_interpretable,hgb,5,0.5327265832385286,0.0076382237121366565,0.11200000000000002,0.0363318042491699,0.17200000000000001,0.0408656334834051,0.2736,0.023255106965997807,0.29080000000000006,0.012049896265113645,10.65634984423555,0.1527905432656416,118.15775999999998,38.32932684678926,90.72828,21.556213006161357,57.728505600000005,4.906734549397671,30.678818400000004,1.2712399561769594
robustness_alt_test,uptake(mmol/g) CO2 at 0.15 bar,71,20000,enriched_interpretable | mlp,enriched_interpretable,mlp,5,0.48039438756162306,0.004731884947232172,0.012,0.01788854381999832,0.028000000000000004,0.013038404810405298,0.1008,0.01729739864835172,0.1948,0.010059821071967436,9.609527322521068,0.09465384872262053,12.65976,18.872055959221825,14.769719999999998,6.877628153440691,21.268396799999998,3.64968192520762,20.551010400000003,1.0612910034504202
robustness_alt_test,uptake(mmol/g) CO2 at 0.15 bar,71,20000,enriched_interpretable | rf,enriched_interpretable,rf,5,0.5409177095183921,0.004710563181450267,0.172,0.04604345773288535,0.196,0.023021728866442673,0.2904,0.018022208521710097,0.3124,0.011260550608207407,10.820200325895208,0.09422734063645082,181.45656,48.57492703903938,103.38804,12.143731759759849,61.273238400000004,3.8026139092467433,32.9575752,1.1879655680646655
robustness_alt_test,uptake(mmol/g) CO2 at 0.15 bar,71,20000,enriched_interpretable | ridge,enriched_interpretable,ridge,5,0.29313613955252177,0.00070945342942245,0.0,0.0,0.0,0.0,0.0344,0.0021908902300206623,0.048799999999999996,0.001095445115010333,5.863723255690547,0.014191489931211729,0.0,0.0,0.0,0.0,7.258262400000001,0.46226907497344005,5.1483024,0.11556726874335989
robustness_alt_test,uptake(mmol/g) CO2 at 0.15 bar,71,20000,geometry_only | hgb,geometry_only,hgb,5,0.49040576412590065,0.004545883004472053,0.08399999999999999,0.07402702209328699,0.16399999999999998,0.050299105359837164,0.2464,0.04114365078599613,0.2504,0.02906544339933592,9.809789022327317,0.09093317504850058,88.61832,78.09702776797592,86.50836,26.53227508626051,51.9894144,8.68114574124204,26.416699200000004,3.066346147743141
robustness_alt_test,uptake(mmol/g) CO2 at 0.15 bar,71,20000,geometry_only | mlp,geometry_only,mlp,5,0.45688282138794084,0.011355688088999021,0.0,0.0,0.032,0.00447213595499958,0.0896,0.01538830724933708,0.17400000000000002,0.01649242250247064,9.139215754794272,0.22715251839461872,0.0,0.0,16.87968,2.3590069949027277,18.9052416,3.246871276381127,18.356652000000004,1.7399175891656486
robustness_alt_test,uptake(mmol/g) CO2 at 0.15 bar,71,20000,geometry_only | rf,geometry_only,rf,5,0.4993553280242701,0.004807262181356318,0.172,0.05761944116355173,0.20400000000000001,0.053197744313081545,0.276,0.02712931993250106,0.28800000000000003,0.020099751242241774,9.988810844881387,0.09616165066528795,181.45656000000002,60.78735803872381,107.60796,28.061278147707387,58.234896000000006,5.724177988477995,30.383424,2.1204835565540243
robustness_alt_test,uptake(mmol/g) CO2 at 0.15 bar,71,20000,geometry_only | ridge,geometry_only,ridge,5,0.1844520288206295,0.001665975171519816,0.0,0.0,0.0,0.0,0.004,0.0,0.008,0.0,3.6896701055211927,0.03332518935248346,0.0,0.0,0.0,0.0,0.8439840000000001,0.0,0.8439840000000001,0.0
robustness_alt_test,uptake(mmol/g) CO2 at 0.15 bar,71,20000,geometry_plus_topology | hgb,geometry_plus_topology,hgb,5,0.5578308684110732,0.007455291335357443,0.128,0.055856960175075764,0.178,0.024899799195977464,0.296,0.013564659966250529,0.31880000000000003,0.014254823744964383,11.158521227840614,0.1491312713874742,135.03744,58.92797584550143,93.89322,13.134395077886152,62.45481600000001,2.862088994238995,33.632762400000004,1.5038553954462515
robustness_alt_test,uptake(mmol/g) CO2 at 0.15 bar,71,20000,geometry_plus_topology | mlp,geometry_plus_topology,mlp,5,0.5183162684869169,0.002328415841184476,0.012,0.01788854381999832,0.026000000000000002,0.011401754250991379,0.1216,0.015646085772486353,0.22279999999999997,0.010639548862616309,10.368094367241707,0.04657626363543402,12.65976,18.872055959221825,13.71474,6.014311349855443,25.657113600000002,3.301261513651531,23.504954400000003,1.1224511259082959
robustness_alt_test,uptake(mmol/g) CO2 at 0.15 bar,71,20000,geometry_plus_topology | rf,geometry_plus_topology,rf,5,0.5622298065984073,0.008241359194273825,0.16399999999999998,0.05176871642217914,0.16999999999999998,0.023452078799117145,0.2896,0.027655017627909766,0.31920000000000004,0.012930583900195702,11.24651500502821,0.16485531139125909,173.01672000000002,54.614960451070544,89.6733,12.370737045746303,61.104441599999994,5.835098099418451,33.6749616,1.3641507403028457
robustness_alt_test,uptake(mmol/g) CO2 at 0.15 bar,71,20000,geometry_plus_topology | ridge,geometry_plus_topology,ridge,5,0.3981797497155859,0.0026409534086431733,0.004,0.00894427190999916,0.002,0.00447213595499958,0.0256,0.008294576541331089,0.048799999999999996,0.008438009243891596,7.96495396956672,0.05282808166572568,4.21992,9.436027979610913,1.05498,2.359006994902728,5.401497600000001,1.7501224719146944,5.1483024,0.8901930992120752
robustness_alt_test,uptake(mmol/g) CO2 at 0.15 bar,71,20000,topology_only | hgb,topology_only,hgb,5,0.19772468714448235,0.004089589598647827,0.0,0.0,0.0,0.0,0.008,0.00282842712474619,0.020800000000000003,0.005215361924162119,3.9551685711734166,0.08180574961663792,0.0,0.0,0.0,0.0,1.6879680000000001,0.5967868096129473,2.1943584,0.5502102522752553
robustness_alt_test,uptake(mmol/g) CO2 at 0.15 bar,71,20000,topology_only | mlp,topology_only,mlp,5,0.2013651877133106,0.004315436737482382,0.0,0.0,0.006,0.00894427190999916,0.022400000000000003,0.016637307474468337,0.033600000000000005,0.017052858997833764,4.027991007466598,0.08632346320267656,0.0,0.0,3.16494,4.718013989805456,4.726310400000001,3.5104053278829217,3.5447328,1.7990425185534666
robustness_alt_test,uptake(mmol/g) CO2 at 0.15 bar,71,20000,topology_only | rf,topology_only,rf,5,0.19977246871444826,0.0037290920800726658,0.0,0.0,0.008,0.008366600265340755,0.017599999999999998,0.019308029417835472,0.030800000000000004,0.01972815247305231,3.9961311915883315,0.07459456887817711,0.0,0.0,4.21992,4.413297973964594,3.7135296,4.073916975045614,3.2493384000000005,2.0812806296020727
robustness_alt_test,uptake(mmol/g) CO2 at 0.15 bar,71,20000,topology_only | ridge,topology_only,ridge,5,0.19817974971558588,0.002580360384710505,0.0,0.0,0.006,0.00894427190999916,0.0224,0.01687601848778319,0.031599999999999996,0.01344618905117729,3.9642713757100645,0.051616014384943044,0.0,0.0,3.16494,4.718013989805456,4.7263104,3.5607723968483023,3.3337367999999996,1.4185460525211016
robustness_alt_test,uptake(mmol/g) CO2 at 0.15 bar,71,40000,enriched_interpretable | hgb,enriched_interpretable,hgb,5,0.5532043989381872,0.007157095756291879,0.11199999999999999,0.030331501776206204,0.21800000000000003,0.03701351104664351,0.2888,0.02287356552879327,0.3176,0.026434825514839323,11.065976048384695,0.14316634207381118,118.15775999999998,31.999127743862015,114.99282000000001,19.524256941993983,60.93564480000001,4.826230832313263,33.5061648,2.7888212221645183
robustness_alt_test,uptake(mmol/g) CO2 at 0.15 bar,71,40000,enriched_interpretable | mlp,enriched_interpretable,mlp,5,0.49343951459992413,0.008532001843554302,0.0,0.0,0.036,0.015165750888103104,0.1192,0.018417383093154136,0.21559999999999996,0.014993331851193045,9.870474385904966,0.17066915633130286,0.0,0.0,18.98964,7.999781935965506,25.150723200000005,3.8859941631231507,22.7453688,1.5817665236371636
robustness_alt_test,uptake(mmol/g) CO2 at 0.15 bar,71,40000,enriched_interpretable | rf,enriched_interpretable,rf,5,0.5622298065984073,0.0038449122049712624,0.2,0.050990195135927854,0.248,0.049699094559156706,0.32320000000000004,0.030646370095004715,0.344,0.020591260281973996,11.246515005028206,0.07691136666667785,210.996,53.79363606450116,130.81752,26.215775389009565,68.19390720000001,6.466261504565614,36.291312000000005,2.172336777227694
robustness_alt_test,uptake(mmol/g) CO2 at 0.15 bar,71,40000,enriched_interpretable | ridge,enriched_interpretable,ridge,5,0.2938945771710276,0.001393338875303281,0.0,0.0,0.0,0.0,0.033600000000000005,0.0021908902300206623,0.0492,0.001095445115010333,5.878894596584959,0.027871532928848298,0.0,0.0,0.0,0.0,7.0894656,0.46226907497344,5.1905016,0.11556726874335989
robustness_alt_test,uptake(mmol/g) CO2 at 0.15 bar,71,40000,geometry_only | hgb,geometry_only,hgb,5,0.5098217671596512,0.002807243917075738,0.10800000000000001,0.06260990336999411,0.192,0.048166378315169185,0.276,0.029393876913398138,0.266,0.010770329614269018,10.198175349224284,0.05615445937877411,113.93784000000001,66.05219585727639,101.27808,25.40728289746859,58.23489600000001,6.201990453219356,28.062468000000003,1.1362482336461528
robustness_alt_test,uptake(mmol/g) CO2 at 0.15 bar,71,40000,geometry_only | mlp,geometry_only,mlp,5,0.4833522942737959,0.007218118992300402,0.0,0.0,0.036000000000000004,0.005477225575051662,0.1368,0.017753872816937716,0.22000000000000003,0.006324555320336764,9.668695552009277,0.14438701506441154,0.0,0.0,18.989639999999998,2.889181718584,28.864252800000003,3.745996148882591,23.20956,0.6672279371848882
robustness_alt_test,uptake(mmol/g) CO2 at 0.15 bar,71,40000,geometry_only | rf,geometry_only,rf,5,0.5185437997724687,0.005615768365091625,0.20400000000000001,0.047749345545253286,0.244,0.038470768123342686,0.3048,0.02583021486554069,0.3156,0.012992305415129383,10.372645769510031,0.11233453374676436,215.21592,50.37460456333131,128.70756,20.29294547738203,64.3115808,5.4500720157696225,33.2951688,1.370662236685319
robustness_alt_test,uptake(mmol/g) CO2 at 0.15 bar,71,40000,geometry_only | ridge,geometry_only,ridge,5,0.1849829351535836,0.00159542540523038,0.0,0.0,0.0,0.0,0.004,0.0,0.008400000000000001,0.000894427190999916,3.7002900441472817,0.03191395324250941,0.0,0.0,0.0,0.0,0.8439840000000001,0.0,0.8861832,0.09436027979610911
robustness_alt_test,uptake(mmol/g) CO2 at 0.15 bar,71,40000,geometry_plus_topology | hgb,geometry_plus_topology,hgb,5,0.5795221843003413,0.004784773696044762,0.13999999999999999,0.04,0.244,0.039115214431215906,0.34,0.02545584412271571,0.35679999999999995,0.007823042886243185,11.592421577420819,0.09571180420654708,147.6972,42.1992,128.70756,20.632884460322074,71.73864,5.3710812865165245,37.641686400000005,0.8253153784128853
robustness_alt_test,uptake(mmol/g) CO2 at 0.15 bar,71,40000,geometry_plus_topology | mlp,geometry_plus_topology,mlp,5,0.5379598028062192,0.004934218181819976,0.024,0.021908902300206645,0.066,0.03714835124201342,0.1688,0.026593232221751452,0.26480000000000004,0.010639548862616319,10.761032096406998,0.0987012039714915,25.31952,23.113453748672004,34.81434,19.59538379664966,35.61612480000001,5.611065625860671,27.935870400000006,1.122451125908297
robustness_alt_test,uptake(mmol/g) CO2 at 0.15 bar,71,40000,geometry_plus_topology | rf,geometry_plus_topology,rf,5,0.5902919984831249,0.007102637705540004,0.20400000000000001,0.043358966777357594,0.236,0.035777087639996624,0.33440000000000003,0.0257060304208954,0.3616,0.011696153213770768,11.807854618121482,0.14207699519511927,215.21592,45.74284277077672,124.48763999999998,18.872055959221818,70.55706240000002,5.423869594687247,38.1480768,1.2339207717463885
robustness_alt_test,uptake(mmol/g) CO2 at 0.15 bar,71,40000,geometry_plus_topology | ridge,geometry_plus_topology,ridge,5,0.3992415623814941,0.0010522894899895096,0.0,0.0,0.002,0.00447213595499958,0.0304,0.010807404868885036,0.0528,0.00593295878967653,7.986193846818898,0.021049381231496543,0.0,0.0,1.05498,2.359006994902728,6.414278400000001,2.2803191977152673,5.5702944,0.6259152863932945
robustness_alt_test,uptake(mmol/g) CO2 at 0.15 bar,71,40000,topology_only | hgb,topology_only,hgb,5,0.2018960940462647,0.004402859392855513,0.0,0.0,0.012,0.00447213595499958,0.031999999999999994,0.01019803902718557,0.040799999999999996,0.010059821071967434,4.038610946092687,0.08807221468097666,0.0,0.0,6.329879999999999,2.3590069949027277,6.7518720000000005,2.151745442580047,4.3043184000000005,1.0612910034504204
robustness_alt_test,uptake(mmol/g) CO2 at 0.15 bar,71,40000,topology_only | mlp,topology_only,mlp,5,0.2025028441410694,0.0050665108896046215,0.0,0.0,0.008,0.00447213595499958,0.028800000000000003,0.01425482374496437,0.0372,0.009444575162494076,4.050748018808218,0.10134750963813202,0.0,0.0,4.21992,2.3590069949027277,6.076684800000001,3.007710790892502,3.9245256000000004,0.9963837904928
robustness_alt_test,uptake(mmol/g) CO2 at 0.15 bar,71,40000,topology_only | rf,topology_only,rf,5,0.20341296928327646,0.002820021606761961,0.0,0.0,0.012,0.00447213595499958,0.0392,0.0033466401061363026,0.0452,0.0022803508501982755,4.068953627881513,0.0564100567823612,0.0,0.0,6.329879999999999,2.3590069949027277,8.2710432,0.7061276758343354,4.7685096,0.2405724539942177
robustness_alt_test,uptake(mmol/g) CO2 at 0.15 bar,71,40000,topology_only | ridge,topology_only,ridge,5,0.20508153204398938,0.0026463930712730993,0.0,0.0,0.012,0.00447213595499958,0.0376,0.00606630035524124,0.0484,0.002607680962081059,4.102330577849221,0.05293689348372576,0.0,0.0,6.329879999999999,2.3590069949027277,7.9334496,1.2799651097544809,5.106103200000001,0.2751051261376277
robustness_alt_test,uptake(mmol/g) CO2 at 0.15 bar,71,210995,enriched_interpretable | hgb,enriched_interpretable,hgb,5,0.5720894956389836,0.0014087353523706426,0.13999999999999999,0.039999999999999994,0.252,0.008366600265340763,0.34879999999999994,0.003346640106136305,0.3532,0.0060991802727907675,11.443742436655574,0.02817951501789862,147.6972,42.1992,132.92748,4.413297973964598,73.59540480000001,0.7061276758343403,37.26189359999999,0.6434513204188809
robustness_alt_test,uptake(mmol/g) CO2 at 0.15 bar,71,210995,enriched_interpretable | mlp,enriched_interpretable,mlp,5,0.5378839590443686,0.002845404851316494,0.048,0.033466401061363026,0.094,0.02701851217221259,0.22000000000000003,0.039899874686520016,0.2992,0.017753872816937733,10.759514962317558,0.056917808305685935,50.63904,35.30638379171676,49.58406,14.25199498572042,46.41912000000001,8.418713959356978,31.565001600000006,1.8729980744412984
robustness_alt_test,uptake(mmol/g) CO2 at 0.15 bar,71,210995,enriched_interpretable | rf,enriched_interpretable,rf,5,0.6000758437618506,0.002807243917075722,0.316,0.008944271909999168,0.34800000000000003,0.008366600265340736,0.4024,0.00606630035524122,0.40919999999999995,0.006260990336999389,12.003564915659409,0.05615445937877427,333.37368,9.436027979610918,183.56652,4.413297973964584,84.90479040000001,1.279965109754476,43.16978160000001,0.6605219585727616
robustness_alt_test,uptake(mmol/g) CO2 at 0.15 bar,71,210995,enriched_interpretable | ridge,enriched_interpretable,ridge,5,0.2923777019340159,0.0,0.0,0.0,0.0,0.0,0.032,0.0,0.048,0.0,5.848551914796134,0.0,0.0,0.0,0.0,0.0,6.7518720000000005,0.0,5.063904000000001,0.0
robustness_alt_test,uptake(mmol/g) CO2 at 0.15 bar,71,210995,geometry_only | hgb,geometry_only,hgb,5,0.5290860826697005,0.0012111277529519178,0.128,0.010954451150103331,0.22599999999999998,0.024083189157584593,0.31120000000000003,0.021052315787105227,0.298,0.009695359714832666,10.58352740794237,0.02422668860085755,135.03744,11.55672687433601,119.21273999999998,12.703641448734297,65.66195520000001,4.441954421816053,31.438404000000002,1.022841059195417
robustness_alt_test,uptake(mmol/g) CO2 at 0.15 bar,71,210995,geometry_only | mlp,geometry_only,mlp,5,0.5080015168752371,0.0049777434427335475,0.008,0.010954451150103323,0.054000000000000006,0.013416407864998738,0.15360000000000001,0.017572706109191035,0.2584,0.0157098695093244,10.161764131077692,0.09957185774014085,8.43984,11.556726874336002,28.484460000000002,7.077020984708184,32.4089856,3.7077706982148717,27.2606832,1.6573598134947052
robustness_alt_test,uptake(mmol/g) CO2 at 0.15 bar,71,210995,geometry_only | rf,geometry_only,rf,5,0.5530527114144862,0.002649108713928395,0.332,0.010954451150103333,0.354,0.008944271909999144,0.36079999999999995,0.003346640106136305,0.358,0.0054772255750516665,11.062941780205813,0.05299121560523655,350.25336000000004,11.55672687433604,186.73146000000003,4.7180139898054465,76.1273568,0.7061276758343403,37.768284,0.5778363437168017
robustness_alt_test,uptake(mmol/g) CO2 at 0.15 bar,71,210995,geometry_only | ridge,geometry_only,ridge,5,0.18543799772468714,0.0,0.0,0.0,0.0,0.0,0.004,0.0,0.008,0.0,3.7093928486839287,4.965068306494546e-16,0.0,0.0,0.0,0.0,0.8439840000000001,0.0,0.8439840000000001,0.0
robustness_alt_test,uptake(mmol/g) CO2 at 0.15 bar,71,210995,geometry_plus_topology | hgb,geometry_plus_topology,hgb,5,0.5981797497155859,0.0028327416605207667,0.22000000000000003,3.1031676915590914e-17,0.296,0.015165750888103091,0.4008,0.007694153624668525,0.3928,0.006572670690061999,11.965636563423374,0.056664501270690636,232.09560000000002,3.1776437161565096e-14,156.13703999999998,7.999781935965497,84.5671968,1.623435638190558,41.4396144,0.6934036124601595
robustness_alt_test,uptake(mmol/g) CO2 at 0.15 bar,71,210995,geometry_plus_topology | mlp,geometry_plus_topology,mlp,5,0.5729996207811907,0.00277374646157145,0.10400000000000001,0.03286335345030997,0.22599999999999998,0.0391152144312159,0.3136,0.047210168396225834,0.3612000000000001,0.017355114519933306,11.461948045728871,0.05548439594290151,109.71792,34.670180623008015,119.21274000000001,20.632884460322074,66.1683456,9.961156690930068,38.1058776,1.8309298716239246
robustness_alt_test,uptake(mmol/g) CO2 at 0.15 bar,71,210995,geometry_plus_topology | rf,geometry_plus_topology,rf,5,0.6395145999241563,0.0010245928013732613,0.29600000000000004,0.008944271909999142,0.37,0.014142135623730963,0.45520000000000005,0.0052153619241621235,0.4504,0.006066300355241246,12.792474642168873,0.020495352931224314,312.27407999999997,9.436027979610891,195.1713,7.459835120161842,96.04537920000001,1.1004205045505113,47.516299200000006,0.6399825548772416
robustness_alt_test,uptake(mmol/g) CO2 at 0.15 bar,71,210995,geometry_plus_topology | ridge,geometry_plus_topology,ridge,5,0.4000758437618506,6.206335383118183e-17,0.0,0.0,0.0,0.0,0.04,0.0,0.05800000000000001,7.757919228897728e-18,8.002882321802751,0.0,0.0,0.0,0.0,0.0,8.43984,0.0,6.118884,0.0
robustness_alt_test,uptake(mmol/g) CO2 at 0.15 bar,71,210995,topology_only | hgb,topology_only,hgb,5,0.20288206295032235,0.0018383313831688798,0.0,0.0,0.012,0.004472135954999579,0.0304,0.005366563145999493,0.04279999999999999,0.005403702434442519,4.058333689255424,0.036772901831920876,0.0,0.0,6.32988,2.359006994902728,6.414278400000001,1.1323233575533094,4.5153144,0.5700797994288169
robustness_alt_test,uptake(mmol/g) CO2 at 0.15 bar,71,210995,topology_only | mlp,topology_only,mlp,5,0.20295790671217295,0.0036707910626712385,0.0,0.0,0.015999999999999997,0.005477225575051661,0.038400000000000004,0.0060663003552412385,0.047200000000000006,0.0038987177379235863,4.059850823344865,0.07342834955056701,0.0,0.0,8.43984,2.8891817185840005,8.1022464,1.2799651097544809,4.979505600000001,0.4113069239154624
robustness_alt_test,uptake(mmol/g) CO2 at 0.15 bar,71,210995,topology_only | rf,topology_only,rf,5,0.20424725066363295,0.0011871426501705393,0.0,0.0,0.012,0.00447213595499958,0.0304,0.00779743547584717,0.04479999999999999,0.0052153619241621174,4.085642102865366,0.023746904684810607,0.0,0.0,6.329879999999999,2.3590069949027277,6.414278400000001,1.6452276956618497,4.726310400000001,0.5502102522752549
robustness_alt_test,uptake(mmol/g) CO2 at 0.15 bar,71,210995,topology_only | ridge,topology_only,ridge,5,0.2013651877133106,3.1031676915590914e-17,0.0,0.0,0.01,0.0,0.032,0.0,0.04,0.0,4.027991007466598,0.0,0.0,0.0,5.2749,0.0,6.7518720000000005,0.0,4.21992,0.0
